protocol_version,phase,model_id,parameter_set_id,scenario_id,sample_seed,requested_count,generated_count,outer_count,inner_count,outer_area_m2,inner_area_m2,outer_share,inner_share,raw_density_ratio,observation_status,interpretation
E001-v2,confirmation,A,a-square-300,confirmation-grid-equal-n500-per-center,,4500,4500,1585,1270,32400.0,25200.0,0.3522222222222222,0.2822222222222222,0.9706911636045493,inner-observed,descriptive-only
E001-v2,confirmation,A,a-square-300,confirmation-grid-equal-n500-per-center,2026090601,900,900,352,234,32400.0,25200.0,0.39111111111111113,0.26,1.1699905033238365,inner-observed,descriptive-only
E001-v2,confirmation,A,a-square-300,confirmation-grid-equal-n500-per-center,2026090602,900,900,299,255,32400.0,25200.0,0.3322222222222222,0.2833333333333333,0.9119825708061002,inner-observed,descriptive-only
E001-v2,confirmation,A,a-square-300,confirmation-grid-equal-n500-per-center,2026090603,900,900,296,261,32400.0,25200.0,0.3288888888888889,0.29,0.8820774797786294,inner-observed,descriptive-only
E001-v2,confirmation,A,a-square-300,confirmation-grid-equal-n500-per-center,2026090604,900,900,320,256,32400.0,25200.0,0.35555555555555557,0.28444444444444444,0.9722222222222222,inner-observed,descriptive-only
E001-v2,confirmation,A,a-square-300,confirmation-grid-equal-n500-per-center,2026090605,900,900,318,264,32400.0,25200.0,0.35333333333333333,0.29333333333333333,0.9368686868686869,inner-observed,descriptive-only
E001-v2,confirmation,A,a-square-300,confirmation-grid-equal-n5000-per-center,,45000,45000,16085,12629,32400.0,25200.0,0.35744444444444445,0.2806444444444444,0.990621233316617,inner-observed,descriptive-only
E001-v2,confirmation,A,a-square-300,confirmation-grid-equal-n5000-per-center,2026090601,9000,9000,3240,2597,32400.0,25200.0,0.36,0.28855555555555557,0.9703504043126685,inner-observed,descriptive-only
E001-v2,confirmation,A,a-square-300,confirmation-grid-equal-n5000-per-center,2026090602,9000,9000,3230,2514,32400.0,25200.0,0.35888888888888887,0.2793333333333333,0.9992928489348537,inner-observed,descriptive-only
E001-v2,confirmation,A,a-square-300,confirmation-grid-equal-n5000-per-center,2026090603,9000,9000,3227,2495,32400.0,25200.0,0.35855555555555557,0.2772222222222222,1.005967490536629,inner-observed,descriptive-only
E001-v2,confirmation,A,a-square-300,confirmation-grid-equal-n5000-per-center,2026090604,9000,9000,3190,2536,32400.0,25200.0,0.35444444444444445,0.2817777777777778,0.9783561163687347,inner-observed,descriptive-only
E001-v2,confirmation,A,a-square-300,confirmation-grid-equal-n5000-per-center,2026090605,9000,9000,3198,2487,32400.0,25200.0,0.35533333333333333,0.2763333333333333,1.000134030290846,inner-observed,descriptive-only
E001-v2,confirmation,A,a-square-300,confirmation-single-n500,,500,500,205,137,32400.0,25200.0,0.41,0.274,1.1638280616382806,inner-observed,descriptive-only
E001-v2,confirmation,A,a-square-300,confirmation-single-n500,2026090601,100,100,40,28,32400.0,25200.0,0.4,0.28,1.1111111111111112,inner-observed,descriptive-only
E001-v2,confirmation,A,a-square-300,confirmation-single-n500,2026090602,100,100,42,20,32400.0,25200.0,0.42,0.2,1.6333333333333333,inner-observed,descriptive-only
E001-v2,confirmation,A,a-square-300,confirmation-single-n500,2026090603,100,100,37,27,32400.0,25200.0,0.37,0.27,1.065843621399177,inner-observed,descriptive-only
E001-v2,confirmation,A,a-square-300,confirmation-single-n500,2026090604,100,100,44,27,32400.0,25200.0,0.44,0.27,1.2674897119341562,inner-observed,descriptive-only
E001-v2,confirmation,A,a-square-300,confirmation-single-n500,2026090605,100,100,42,35,32400.0,25200.0,0.42,0.35,0.9333333333333332,inner-observed,descriptive-only
E001-v2,confirmation,A,a-square-300,confirmation-single-n5000,,5000,5000,1804,1402,32400.0,25200.0,0.3608,0.2804,1.0007925186241877,inner-observed,descriptive-only
E001-v2,confirmation,A,a-square-300,confirmation-single-n5000,2026090601,1000,1000,353,277,32400.0,25200.0,0.353,0.277,0.99117529081428,inner-observed,descriptive-only
E001-v2,confirmation,A,a-square-300,confirmation-single-n5000,2026090602,1000,1000,390,258,32400.0,25200.0,0.39,0.258,1.1757105943152455,inner-observed,descriptive-only
E001-v2,confirmation,A,a-square-300,confirmation-single-n5000,2026090603,1000,1000,349,290,32400.0,25200.0,0.349,0.29,0.936015325670498,inner-observed,descriptive-only
E001-v2,confirmation,A,a-square-300,confirmation-single-n5000,2026090604,1000,1000,362,281,32400.0,25200.0,0.362,0.281,1.0019770660340055,inner-observed,descriptive-only
E001-v2,confirmation,A,a-square-300,confirmation-single-n5000,2026090605,1000,1000,350,296,32400.0,25200.0,0.35,0.296,0.9196696696696697,inner-observed,descriptive-only
E001-v2,confirmation,B,b-disk-r300,confirmation-grid-equal-n500-per-center,,4500,4500,864,771,53721.23437638546,48066.36759992383,0.192,0.17133333333333334,1.0026622977677657,inner-observed,descriptive-only
E001-v2,confirmation,B,b-disk-r300,confirmation-grid-equal-n500-per-center,2026090601,900,900,176,150,53721.23437638546,48066.36759992383,0.19555555555555557,0.16666666666666666,1.0498245614035089,inner-observed,descriptive-only
E001-v2,confirmation,B,b-disk-r300,confirmation-grid-equal-n500-per-center,2026090602,900,900,152,148,53721.23437638546,48066.36759992383,0.1688888888888889,0.16444444444444445,0.918918918918919,inner-observed,descriptive-only
E001-v2,confirmation,B,b-disk-r300,confirmation-grid-equal-n500-per-center,2026090603,900,900,180,153,53721.23437638546,48066.36759992383,0.2,0.17,1.0526315789473684,inner-observed,descriptive-only
E001-v2,confirmation,B,b-disk-r300,confirmation-grid-equal-n500-per-center,2026090604,900,900,191,158,53721.23437638546,48066.36759992383,0.21222222222222223,0.17555555555555555,1.081612258494337,inner-observed,descriptive-only
E001-v2,confirmation,B,b-disk-r300,confirmation-grid-equal-n500-per-center,2026090605,900,900,165,162,53721.23437638546,48066.36759992383,0.18333333333333332,0.18,0.9113060428849903,inner-observed,descriptive-only
E001-v2,confirmation,B,b-disk-r300,confirmation-grid-equal-n5000-per-center,,45000,45000,8535,7627,53721.23437638546,48066.36759992383,0.18966666666666668,0.16948888888888888,1.0012559259693747,inner-observed,descriptive-only
E001-v2,confirmation,B,b-disk-r300,confirmation-grid-equal-n5000-per-center,2026090601,9000,9000,1700,1491,53721.23437638546,48066.36759992383,0.18888888888888888,0.16566666666666666,1.0201560238624732,inner-observed,descriptive-only
E001-v2,confirmation,B,b-disk-r300,confirmation-grid-equal-n5000-per-center,2026090602,9000,9000,1726,1473,53721.23437638546,48066.36759992383,0.19177777777777777,0.16366666666666665,1.048415335691571,inner-observed,descriptive-only
E001-v2,confirmation,B,b-disk-r300,confirmation-grid-equal-n5000-per-center,2026090603,9000,9000,1709,1574,53721.23437638546,48066.36759992383,0.18988888888888888,0.1748888888888889,0.9714772955259814,inner-observed,descriptive-only
E001-v2,confirmation,B,b-disk-r300,confirmation-grid-equal-n5000-per-center,2026090604,9000,9000,1722,1537,53721.23437638546,48066.36759992383,0.19133333333333333,0.17077777777777778,1.0024312570626306,inner-observed,descriptive-only
E001-v2,confirmation,B,b-disk-r300,confirmation-grid-equal-n5000-per-center,2026090605,9000,9000,1678,1552,53721.23437638546,48066.36759992383,0.18644444444444444,0.17244444444444446,0.9673765599565926,inner-observed,descriptive-only
E001-v2,confirmation,B,b-disk-r300,confirmation-single-n500,,500,500,103,79,53721.23437638546,48066.36759992383,0.206,0.158,1.16655562958028,inner-observed,descriptive-only
E001-v2,confirmation,B,b-disk-r300,confirmation-single-n500,2026090601,100,100,17,15,53721.23437638546,48066.36759992383,0.17,0.15,1.0140350877192983,inner-observed,descriptive-only
E001-v2,confirmation,B,b-disk-r300,confirmation-single-n500,2026090602,100,100,25,14,53721.23437638546,48066.36759992383,0.25,0.14,1.5977443609022557,inner-observed,descriptive-only
E001-v2,confirmation,B,b-disk-r300,confirmation-single-n500,2026090603,100,100,16,18,53721.23437638546,48066.36759992383,0.16,0.18,0.7953216374269007,inner-observed,descriptive-only
E001-v2,confirmation,B,b-disk-r300,confirmation-single-n500,2026090604,100,100,22,18,53721.23437638546,48066.36759992383,0.22,0.18,1.0935672514619883,inner-observed,descriptive-only
E001-v2,confirmation,B,b-disk-r300,confirmation-single-n500,2026090605,100,100,23,14,53721.23437638546,48066.36759992383,0.23,0.14,1.4699248120300752,inner-observed,descriptive-only
E001-v2,confirmation,B,b-disk-r300,confirmation-single-n5000,,5000,5000,928,837,53721.23437638546,48066.36759992383,0.1856,0.1674,0.9920140853926932,inner-observed,descriptive-only
E001-v2,confirmation,B,b-disk-r300,confirmation-single-n5000,2026090601,1000,1000,179,169,53721.23437638546,48066.36759992383,0.179,0.169,0.9476798505138586,inner-observed,descriptive-only
E001-v2,confirmation,B,b-disk-r300,confirmation-single-n5000,2026090602,1000,1000,192,154,53721.23437638546,48066.36759992383,0.192,0.154,1.115516062884484,inner-observed,descriptive-only
E001-v2,confirmation,B,b-disk-r300,confirmation-single-n5000,2026090603,1000,1000,185,173,53721.23437638546,48066.36759992383,0.185,0.173,0.9567995132339521,inner-observed,descriptive-only
E001-v2,confirmation,B,b-disk-r300,confirmation-single-n5000,2026090604,1000,1000,184,163,53721.23437638546,48066.36759992383,0.184,0.163,1.0100096867936712,inner-observed,descriptive-only
E001-v2,confirmation,B,b-disk-r300,confirmation-single-n5000,2026090605,1000,1000,188,178,53721.23437638546,48066.36759992383,0.188,0.178,0.945002956830278,inner-observed,descriptive-only
E001-v2,confirmation,C,c-s120-r300,confirmation-grid-equal-n500-per-center,,4500,4500,159,272,53721.23437638546,48066.36759992383,0.035333333333333335,0.060444444444444446,0.5230263157894737,inner-observed,descriptive-only
E001-v2,confirmation,C,c-s120-r300,confirmation-grid-equal-n500-per-center,2026090601,900,900,43,54,53721.23437638546,48066.36759992383,0.04777777777777778,0.06,0.712475633528265,inner-observed,descriptive-only
E001-v2,confirmation,C,c-s120-r300,confirmation-grid-equal-n500-per-center,2026090602,900,900,27,44,53721.23437638546,48066.36759992383,0.03,0.04888888888888889,0.5490430622009569,inner-observed,descriptive-only
E001-v2,confirmation,C,c-s120-r300,confirmation-grid-equal-n500-per-center,2026090603,900,900,21,60,53721.23437638546,48066.36759992383,0.023333333333333334,0.06666666666666667,0.31315789473684214,inner-observed,descriptive-only
E001-v2,confirmation,C,c-s120-r300,confirmation-grid-equal-n500-per-center,2026090604,900,900,41,69,53721.23437638546,48066.36759992383,0.04555555555555556,0.07666666666666666,0.5316552250190694,inner-observed,descriptive-only
E001-v2,confirmation,C,c-s120-r300,confirmation-grid-equal-n500-per-center,2026090605,900,900,27,45,53721.23437638546,48066.36759992383,0.03,0.05,0.5368421052631579,inner-observed,descriptive-only
E001-v2,confirmation,C,c-s120-r300,confirmation-grid-equal-n5000-per-center,,45000,45000,1662,2616,53721.23437638546,48066.36759992383,0.03693333333333333,0.058133333333333335,0.5684451955577016,inner-observed,descriptive-only
E001-v2,confirmation,C,c-s120-r300,confirmation-grid-equal-n5000-per-center,2026090601,9000,9000,333,522,53721.23437638546,48066.36759992383,0.037,0.058,0.5707803992740472,inner-observed,descriptive-only
E001-v2,confirmation,C,c-s120-r300,confirmation-grid-equal-n5000-per-center,2026090602,9000,9000,350,512,53721.23437638546,48066.36759992383,0.03888888888888889,0.05688888888888889,0.6116365131578948,inner-observed,descriptive-only
E001-v2,confirmation,C,c-s120-r300,confirmation-grid-equal-n5000-per-center,2026090603,9000,9000,333,536,53721.23437638546,48066.36759992383,0.037,0.059555555555555556,0.5558719560094265,inner-observed,descriptive-only
E001-v2,confirmation,C,c-s120-r300,confirmation-grid-equal-n5000-per-center,2026090604,9000,9000,344,525,53721.23437638546,48066.36759992383,0.03822222222222222,0.058333333333333334,0.5862656641604009,inner-observed,descriptive-only
E001-v2,confirmation,C,c-s120-r300,confirmation-grid-equal-n5000-per-center,2026090605,9000,9000,302,521,53721.23437638546,48066.36759992383,0.033555555555555554,0.057888888888888886,0.5186382462875038,inner-observed,descriptive-only
E001-v2,confirmation,C,c-s120-r300,confirmation-single-n500,,500,500,13,37,53721.23437638546,48066.36759992383,0.026,0.074,0.31436699857752487,inner-observed,descriptive-only
E001-v2,confirmation,C,c-s120-r300,confirmation-single-n500,2026090601,100,100,2,5,53721.23437638546,48066.36759992383,0.02,0.05,0.3578947368421053,inner-observed,descriptive-only
E001-v2,confirmation,C,c-s120-r300,confirmation-single-n500,2026090602,100,100,1,14,53721.23437638546,48066.36759992383,0.01,0.14,0.06390977443609024,inner-observed,descriptive-only
E001-v2,confirmation,C,c-s120-r300,confirmation-single-n500,2026090603,100,100,5,3,53721.23437638546,48066.36759992383,0.05,0.03,1.4912280701754386,inner-observed,descriptive-only
E001-v2,confirmation,C,c-s120-r300,confirmation-single-n500,2026090604,100,100,2,6,53721.23437638546,48066.36759992383,0.02,0.06,0.2982456140350877,inner-observed,descriptive-only
E001-v2,confirmation,C,c-s120-r300,confirmation-single-n500,2026090605,100,100,3,9,53721.23437638546,48066.36759992383,0.03,0.09,0.2982456140350877,inner-observed,descriptive-only
E001-v2,confirmation,C,c-s120-r300,confirmation-single-n5000,,5000,5000,187,279,53721.23437638546,48066.36759992383,0.0374,0.0558,0.5996981701565742,inner-observed,descriptive-only
E001-v2,confirmation,C,c-s120-r300,confirmation-single-n5000,2026090601,1000,1000,35,53,53721.23437638546,48066.36759992383,0.035,0.053,0.5908639523336643,inner-observed,descriptive-only
E001-v2,confirmation,C,c-s120-r300,confirmation-single-n5000,2026090602,1000,1000,44,61,53721.23437638546,48066.36759992383,0.044,0.061,0.645383951682485,inner-observed,descriptive-only
E001-v2,confirmation,C,c-s120-r300,confirmation-single-n5000,2026090603,1000,1000,36,46,53721.23437638546,48066.36759992383,0.036,0.046,0.7002288329519452,inner-observed,descriptive-only
E001-v2,confirmation,C,c-s120-r300,confirmation-single-n5000,2026090604,1000,1000,31,63,53721.23437638546,48066.36759992383,0.031,0.063,0.44026733500417714,inner-observed,descriptive-only
E001-v2,confirmation,C,c-s120-r300,confirmation-single-n5000,2026090605,1000,1000,41,56,53721.23437638546,48066.36759992383,0.041,0.056,0.6550751879699248,inner-observed,descriptive-only
E001-v2,confirmation,D,d-s120-r300,confirmation-grid-equal-n500-per-center,,4500,4500,1,12,53721.23437638546,48066.36759992383,2.2222222222222223E-4,0.0026666666666666666,0.07456140350877193,inner-observed,descriptive-only
E001-v2,confirmation,D,d-s120-r300,confirmation-grid-equal-n500-per-center,2026090601,900,900,0,3,53721.23437638546,48066.36759992383,0.0,0.0033333333333333335,0.0,inner-observed,descriptive-only
E001-v2,confirmation,D,d-s120-r300,confirmation-grid-equal-n500-per-center,2026090602,900,900,0,0,53721.23437638546,48066.36759992383,0.0,0.0,,empty-bands,descriptive-only
E001-v2,confirmation,D,d-s120-r300,confirmation-grid-equal-n500-per-center,2026090603,900,900,0,4,53721.23437638546,48066.36759992383,0.0,0.0044444444444444444,0.0,inner-observed,descriptive-only
E001-v2,confirmation,D,d-s120-r300,confirmation-grid-equal-n500-per-center,2026090604,900,900,0,3,53721.23437638546,48066.36759992383,0.0,0.0033333333333333335,0.0,inner-observed,descriptive-only
E001-v2,confirmation,D,d-s120-r300,confirmation-grid-equal-n500-per-center,2026090605,900,900,1,2,53721.23437638546,48066.36759992383,0.0011111111111111111,0.0022222222222222222,0.44736842105263164,inner-observed,descriptive-only
E001-v2,confirmation,D,d-s120-r300,confirmation-grid-equal-n5000-per-center,,45000,45000,5,150,53721.23437638546,48066.36759992383,1.1111111111111112E-4,0.0033333333333333335,0.029824561403508774,inner-observed,descriptive-only
E001-v2,confirmation,D,d-s120-r300,confirmation-grid-equal-n5000-per-center,2026090601,9000,9000,0,38,53721.23437638546,48066.36759992383,0.0,0.004222222222222222,0.0,inner-observed,descriptive-only
E001-v2,confirmation,D,d-s120-r300,confirmation-grid-equal-n5000-per-center,2026090602,9000,9000,0,23,53721.23437638546,48066.36759992383,0.0,0.0025555555555555557,0.0,inner-observed,descriptive-only
E001-v2,confirmation,D,d-s120-r300,confirmation-grid-equal-n5000-per-center,2026090603,9000,9000,0,31,53721.23437638546,48066.36759992383,0.0,0.0034444444444444444,0.0,inner-observed,descriptive-only
E001-v2,confirmation,D,d-s120-r300,confirmation-grid-equal-n5000-per-center,2026090604,9000,9000,2,33,53721.23437638546,48066.36759992383,2.2222222222222223E-4,0.0036666666666666666,0.05422647527910686,inner-observed,descriptive-only
E001-v2,confirmation,D,d-s120-r300,confirmation-grid-equal-n5000-per-center,2026090605,9000,9000,3,25,53721.23437638546,48066.36759992383,3.333333333333333E-4,0.002777777777777778,0.10736842105263157,inner-observed,descriptive-only
E001-v2,confirmation,D,d-s120-r300,confirmation-single-n500,,500,500,0,0,53721.23437638546,48066.36759992383,0.0,0.0,,empty-bands,descriptive-only
E001-v2,confirmation,D,d-s120-r300,confirmation-single-n500,2026090601,100,100,0,0,53721.23437638546,48066.36759992383,0.0,0.0,,empty-bands,descriptive-only
E001-v2,confirmation,D,d-s120-r300,confirmation-single-n500,2026090602,100,100,0,0,53721.23437638546,48066.36759992383,0.0,0.0,,empty-bands,descriptive-only
E001-v2,confirmation,D,d-s120-r300,confirmation-single-n500,2026090603,100,100,0,0,53721.23437638546,48066.36759992383,0.0,0.0,,empty-bands,descriptive-only
E001-v2,confirmation,D,d-s120-r300,confirmation-single-n500,2026090604,100,100,0,0,53721.23437638546,48066.36759992383,0.0,0.0,,empty-bands,descriptive-only
E001-v2,confirmation,D,d-s120-r300,confirmation-single-n500,2026090605,100,100,0,0,53721.23437638546,48066.36759992383,0.0,0.0,,empty-bands,descriptive-only
E001-v2,confirmation,D,d-s120-r300,confirmation-single-n5000,,5000,5000,0,12,53721.23437638546,48066.36759992383,0.0,0.0024,0.0,inner-observed,descriptive-only
E001-v2,confirmation,D,d-s120-r300,confirmation-single-n5000,2026090601,1000,1000,0,1,53721.23437638546,48066.36759992383,0.0,0.001,0.0,inner-observed,descriptive-only
E001-v2,confirmation,D,d-s120-r300,confirmation-single-n5000,2026090602,1000,1000,0,2,53721.23437638546,48066.36759992383,0.0,0.002,0.0,inner-observed,descriptive-only
E001-v2,confirmation,D,d-s120-r300,confirmation-single-n5000,2026090603,1000,1000,0,4,53721.23437638546,48066.36759992383,0.0,0.004,0.0,inner-observed,descriptive-only
E001-v2,confirmation,D,d-s120-r300,confirmation-single-n5000,2026090604,1000,1000,0,1,53721.23437638546,48066.36759992383,0.0,0.001,0.0,inner-observed,descriptive-only
E001-v2,confirmation,D,d-s120-r300,confirmation-single-n5000,2026090605,1000,1000,0,4,53721.23437638546,48066.36759992383,0.0,0.004,0.0,inner-observed,descriptive-only
E001-v2,review,A,a-square-300,review-ad-grid-equal-n500-per-center,,4500,4500,1655,1228,32400.0,25200.0,0.36777777777777776,0.2728888888888889,1.0482265653275427,inner-observed,descriptive-only
E001-v2,review,A,a-square-300,review-ad-grid-equal-n500-per-center,2026090601,900,900,339,260,32400.0,25200.0,0.37666666666666665,0.28888888888888886,1.014102564102564,inner-observed,descriptive-only
E001-v2,review,A,a-square-300,review-ad-grid-equal-n500-per-center,2026090602,900,900,318,248,32400.0,25200.0,0.35333333333333333,0.27555555555555555,0.9973118279569891,inner-observed,descriptive-only
E001-v2,review,A,a-square-300,review-ad-grid-equal-n500-per-center,2026090603,900,900,317,251,32400.0,25200.0,0.3522222222222222,0.2788888888888889,0.9822930500221336,inner-observed,descriptive-only
E001-v2,review,A,a-square-300,review-ad-grid-equal-n500-per-center,2026090604,900,900,345,234,32400.0,25200.0,0.38333333333333336,0.26,1.1467236467236466,inner-observed,descriptive-only
E001-v2,review,A,a-square-300,review-ad-grid-equal-n500-per-center,2026090605,900,900,336,235,32400.0,25200.0,0.37333333333333335,0.2611111111111111,1.1120567375886525,inner-observed,descriptive-only
E001-v2,review,A,a-square-300,review-ad-grid-equal-n5000-per-center,,45000,45000,16268,12600,32400.0,25200.0,0.3615111111111111,0.28,1.0041975308641975,inner-observed,descriptive-only
E001-v2,review,A,a-square-300,review-ad-grid-equal-n5000-per-center,2026090601,9000,9000,3279,2539,32400.0,25200.0,0.36433333333333334,0.2821111111111111,1.0044636996192726,inner-observed,descriptive-only
E001-v2,review,A,a-square-300,review-ad-grid-equal-n5000-per-center,2026090602,9000,9000,3286,2468,32400.0,25200.0,0.3651111111111111,0.2742222222222222,1.0355663605258418,inner-observed,descriptive-only
E001-v2,review,A,a-square-300,review-ad-grid-equal-n5000-per-center,2026090603,9000,9000,3237,2532,32400.0,25200.0,0.3596666666666667,0.2813333333333333,0.9943391258557134,inner-observed,descriptive-only
E001-v2,review,A,a-square-300,review-ad-grid-equal-n5000-per-center,2026090604,9000,9000,3299,2477,32400.0,25200.0,0.3665555555555556,0.2752222222222222,1.035885704032656,inner-observed,descriptive-only
E001-v2,review,A,a-square-300,review-ad-grid-equal-n5000-per-center,2026090605,9000,9000,3167,2584,32400.0,25200.0,0.35188888888888886,0.2871111111111111,0.9532593739250086,inner-observed,descriptive-only
E001-v2,review,A,a-square-300,review-ad-single-n500,,500,500,175,160,32400.0,25200.0,0.35,0.32,0.8506944444444444,inner-observed,descriptive-only
E001-v2,review,A,a-square-300,review-ad-single-n500,2026090601,100,100,37,30,32400.0,25200.0,0.37,0.3,0.9592592592592593,inner-observed,descriptive-only
E001-v2,review,A,a-square-300,review-ad-single-n500,2026090602,100,100,31,34,32400.0,25200.0,0.31,0.34,0.7091503267973855,inner-observed,descriptive-only
E001-v2,review,A,a-square-300,review-ad-single-n500,2026090603,100,100,33,31,32400.0,25200.0,0.33,0.31,0.8279569892473118,inner-observed,descriptive-only
E001-v2,review,A,a-square-300,review-ad-single-n500,2026090604,100,100,42,27,32400.0,25200.0,0.42,0.27,1.2098765432098764,inner-observed,descriptive-only
E001-v2,review,A,a-square-300,review-ad-single-n500,2026090605,100,100,32,38,32400.0,25200.0,0.32,0.38,0.6549707602339181,inner-observed,descriptive-only
E001-v2,review,A,a-square-300,review-ad-single-n5000,,5000,5000,1808,1395,32400.0,25200.0,0.3616,0.279,1.0080446037435284,inner-observed,descriptive-only
E001-v2,review,A,a-square-300,review-ad-single-n5000,2026090601,1000,1000,364,279,32400.0,25200.0,0.364,0.279,1.0147351652727998,inner-observed,descriptive-only
E001-v2,review,A,a-square-300,review-ad-single-n5000,2026090602,1000,1000,389,268,32400.0,25200.0,0.389,0.268,1.1289386401326702,inner-observed,descriptive-only
E001-v2,review,A,a-square-300,review-ad-single-n5000,2026090603,1000,1000,352,294,32400.0,25200.0,0.352,0.294,0.9312169312169312,inner-observed,descriptive-only
E001-v2,review,A,a-square-300,review-ad-single-n5000,2026090604,1000,1000,369,254,32400.0,25200.0,0.369,0.254,1.12992125984252,inner-observed,descriptive-only
E001-v2,review,A,a-square-300,review-ad-single-n5000,2026090605,1000,1000,334,300,32400.0,25200.0,0.334,0.3,0.8659259259259259,inner-observed,descriptive-only
E001-v2,review,D,d-s120-r300,review-ad-grid-equal-n500-per-center,,4500,4500,1,19,53721.23437638546,48066.36759992383,2.2222222222222223E-4,0.004222222222222222,0.04709141274238227,inner-observed,descriptive-only
E001-v2,review,D,d-s120-r300,review-ad-grid-equal-n500-per-center,2026090601,900,900,1,3,53721.23437638546,48066.36759992383,0.0011111111111111111,0.0033333333333333335,0.2982456140350877,inner-observed,descriptive-only
E001-v2,review,D,d-s120-r300,review-ad-grid-equal-n500-per-center,2026090602,900,900,0,5,53721.23437638546,48066.36759992383,0.0,0.005555555555555556,0.0,inner-observed,descriptive-only
E001-v2,review,D,d-s120-r300,review-ad-grid-equal-n500-per-center,2026090603,900,900,0,5,53721.23437638546,48066.36759992383,0.0,0.005555555555555556,0.0,inner-observed,descriptive-only
E001-v2,review,D,d-s120-r300,review-ad-grid-equal-n500-per-center,2026090604,900,900,0,2,53721.23437638546,48066.36759992383,0.0,0.0022222222222222222,0.0,inner-observed,descriptive-only
E001-v2,review,D,d-s120-r300,review-ad-grid-equal-n500-per-center,2026090605,900,900,0,4,53721.23437638546,48066.36759992383,0.0,0.0044444444444444444,0.0,inner-observed,descriptive-only
E001-v2,review,D,d-s120-r300,review-ad-grid-equal-n5000-per-center,,45000,45000,6,123,53721.23437638546,48066.36759992383,1.3333333333333334E-4,0.0027333333333333333,0.043645699614890884,inner-observed,descriptive-only
E001-v2,review,D,d-s120-r300,review-ad-grid-equal-n5000-per-center,2026090601,9000,9000,1,25,53721.23437638546,48066.36759992383,1.1111111111111112E-4,0.002777777777777778,0.035789473684210524,inner-observed,descriptive-only
E001-v2,review,D,d-s120-r300,review-ad-grid-equal-n5000-per-center,2026090602,9000,9000,0,20,53721.23437638546,48066.36759992383,0.0,0.0022222222222222222,0.0,inner-observed,descriptive-only
E001-v2,review,D,d-s120-r300,review-ad-grid-equal-n5000-per-center,2026090603,9000,9000,1,20,53721.23437638546,48066.36759992383,1.1111111111111112E-4,0.0022222222222222222,0.044736842105263165,inner-observed,descriptive-only
E001-v2,review,D,d-s120-r300,review-ad-grid-equal-n5000-per-center,2026090604,9000,9000,1,24,53721.23437638546,48066.36759992383,1.1111111111111112E-4,0.0026666666666666666,0.03728070175438596,inner-observed,descriptive-only
E001-v2,review,D,d-s120-r300,review-ad-grid-equal-n5000-per-center,2026090605,9000,9000,3,34,53721.23437638546,48066.36759992383,3.333333333333333E-4,0.003777777777777778,0.07894736842105263,inner-observed,descriptive-only
E001-v2,review,D,d-s120-r300,review-ad-single-n500,,500,500,0,3,53721.23437638546,48066.36759992383,0.0,0.006,0.0,inner-observed,descriptive-only
E001-v2,review,D,d-s120-r300,review-ad-single-n500,2026090601,100,100,0,1,53721.23437638546,48066.36759992383,0.0,0.01,0.0,inner-observed,descriptive-only
E001-v2,review,D,d-s120-r300,review-ad-single-n500,2026090602,100,100,0,0,53721.23437638546,48066.36759992383,0.0,0.0,,empty-bands,descriptive-only
E001-v2,review,D,d-s120-r300,review-ad-single-n500,2026090603,100,100,0,2,53721.23437638546,48066.36759992383,0.0,0.02,0.0,inner-observed,descriptive-only
E001-v2,review,D,d-s120-r300,review-ad-single-n500,2026090604,100,100,0,0,53721.23437638546,48066.36759992383,0.0,0.0,,empty-bands,descriptive-only
E001-v2,review,D,d-s120-r300,review-ad-single-n500,2026090605,100,100,0,0,53721.23437638546,48066.36759992383,0.0,0.0,,empty-bands,descriptive-only
E001-v2,review,D,d-s120-r300,review-ad-single-n5000,,5000,5000,0,13,53721.23437638546,48066.36759992383,0.0,0.0026,0.0,inner-observed,descriptive-only
E001-v2,review,D,d-s120-r300,review-ad-single-n5000,2026090601,1000,1000,0,4,53721.23437638546,48066.36759992383,0.0,0.004,0.0,inner-observed,descriptive-only
E001-v2,review,D,d-s120-r300,review-ad-single-n5000,2026090602,1000,1000,0,3,53721.23437638546,48066.36759992383,0.0,0.003,0.0,inner-observed,descriptive-only
E001-v2,review,D,d-s120-r300,review-ad-single-n5000,2026090603,1000,1000,0,2,53721.23437638546,48066.36759992383,0.0,0.002,0.0,inner-observed,descriptive-only
E001-v2,review,D,d-s120-r300,review-ad-single-n5000,2026090604,1000,1000,0,3,53721.23437638546,48066.36759992383,0.0,0.003,0.0,inner-observed,descriptive-only
E001-v2,review,D,d-s120-r300,review-ad-single-n5000,2026090605,1000,1000,0,1,53721.23437638546,48066.36759992383,0.0,0.001,0.0,inner-observed,descriptive-only
E001-v2,spectral,A,a-square-300,spectral-grid-equal-n500-per-center,,60500,60500,21521,17003,32400.0,25200.0,0.3557190082644628,0.2810413223140496,0.98444718905814,inner-observed,descriptive-only
E001-v2,spectral,A,a-square-300,spectral-grid-equal-n500-per-center,2026090601,12100,12100,4190,3476,32400.0,25200.0,0.34628099173553717,0.2872727272727273,0.9375399565272983,inner-observed,descriptive-only
E001-v2,spectral,A,a-square-300,spectral-grid-equal-n500-per-center,2026090602,12100,12100,4402,3329,32400.0,25200.0,0.363801652892562,0.27512396694214875,1.0284703447815493,inner-observed,descriptive-only
E001-v2,spectral,A,a-square-300,spectral-grid-equal-n500-per-center,2026090603,12100,12100,4282,3461,32400.0,25200.0,0.35388429752066114,0.28603305785123967,0.9622780827634916,inner-observed,descriptive-only
E001-v2,spectral,A,a-square-300,spectral-grid-equal-n500-per-center,2026090604,12100,12100,4344,3345,32400.0,25200.0,0.3590082644628099,0.2764462809917355,1.0100647732934729,inner-observed,descriptive-only
E001-v2,spectral,A,a-square-300,spectral-grid-equal-n500-per-center,2026090605,12100,12100,4303,3392,32400.0,25200.0,0.3556198347107438,0.2803305785123967,0.9866679769392033,inner-observed,descriptive-only
E001-v2,spectral,A,a-square-300,spectral-grid-imbalanced-n60500,,60500,60500,21824,16894,32400.0,25200.0,0.36072727272727273,0.2792396694214876,1.0047485629349011,inner-observed,descriptive-only
E001-v2,spectral,A,a-square-300,spectral-grid-imbalanced-n60500,2026090601,12100,12100,4397,3384,32400.0,25200.0,0.3633884297520661,0.2796694214876033,1.010605463619648,inner-observed,descriptive-only
E001-v2,spectral,A,a-square-300,spectral-grid-imbalanced-n60500,2026090602,12100,12100,4388,3361,32400.0,25200.0,0.3626446280991735,0.27776859504132234,1.0154385268934512,inner-observed,descriptive-only
E001-v2,spectral,A,a-square-300,spectral-grid-imbalanced-n60500,2026090603,12100,12100,4281,3461,32400.0,25200.0,0.353801652892562,0.28603305785123967,0.96205335644804,inner-observed,descriptive-only
E001-v2,spectral,A,a-square-300,spectral-grid-imbalanced-n60500,2026090604,12100,12100,4387,3379,32400.0,25200.0,0.3625619834710744,0.27925619834710746,1.009799085857091,inner-observed,descriptive-only
E001-v2,spectral,A,a-square-300,spectral-grid-imbalanced-n60500,2026090605,12100,12100,4371,3309,32400.0,25200.0,0.3612396694214876,0.27347107438016527,1.0274000201470737,inner-observed,descriptive-only
E001-v2,spectral,D,d-s120-r300,spectral-grid-equal-n500-per-center,,60500,60500,12,180,53721.23437638546,48066.36759992383,1.9834710743801652E-4,0.0029752066115702478,0.05964912280701754,inner-observed,descriptive-only
E001-v2,spectral,D,d-s120-r300,spectral-grid-equal-n500-per-center,2026090601,12100,12100,3,34,53721.23437638546,48066.36759992383,2.4793388429752067E-4,0.0028099173553719006,0.07894736842105263,inner-observed,descriptive-only
E001-v2,spectral,D,d-s120-r300,spectral-grid-equal-n500-per-center,2026090602,12100,12100,2,36,53721.23437638546,48066.36759992383,1.6528925619834712E-4,0.0029752066115702478,0.04970760233918129,inner-observed,descriptive-only
E001-v2,spectral,D,d-s120-r300,spectral-grid-equal-n500-per-center,2026090603,12100,12100,2,35,53721.23437638546,48066.36759992383,1.6528925619834712E-4,0.002892561983471074,0.05112781954887218,inner-observed,descriptive-only
E001-v2,spectral,D,d-s120-r300,spectral-grid-equal-n500-per-center,2026090604,12100,12100,3,35,53721.23437638546,48066.36759992383,2.4793388429752067E-4,0.002892561983471074,0.07669172932330827,inner-observed,descriptive-only
E001-v2,spectral,D,d-s120-r300,spectral-grid-equal-n500-per-center,2026090605,12100,12100,2,40,53721.23437638546,48066.36759992383,1.6528925619834712E-4,0.003305785123966942,0.044736842105263165,inner-observed,descriptive-only
E001-v2,spectral,D,d-s120-r300,spectral-grid-imbalanced-n60500,,60500,60500,8,199,53721.23437638546,48066.36759992383,1.322314049586777E-4,0.0032892561983471074,0.03596932028563872,inner-observed,descriptive-only
E001-v2,spectral,D,d-s120-r300,spectral-grid-imbalanced-n60500,2026090601,12100,12100,1,46,53721.23437638546,48066.36759992383,8.264462809917356E-5,0.0038016528925619835,0.019450800915331808,inner-observed,descriptive-only
E001-v2,spectral,D,d-s120-r300,spectral-grid-imbalanced-n60500,2026090602,12100,12100,2,42,53721.23437638546,48066.36759992383,1.6528925619834712E-4,0.003471074380165289,0.042606516290726815,inner-observed,descriptive-only
E001-v2,spectral,D,d-s120-r300,spectral-grid-imbalanced-n60500,2026090603,12100,12100,3,34,53721.23437638546,48066.36759992383,2.4793388429752067E-4,0.0028099173553719006,0.07894736842105263,inner-observed,descriptive-only
E001-v2,spectral,D,d-s120-r300,spectral-grid-imbalanced-n60500,2026090604,12100,12100,0,33,53721.23437638546,48066.36759992383,0.0,0.0027272727272727275,0.0,inner-observed,descriptive-only
E001-v2,spectral,D,d-s120-r300,spectral-grid-imbalanced-n60500,2026090605,12100,12100,2,44,53721.23437638546,48066.36759992383,1.6528925619834712E-4,0.0036363636363636364,0.04066985645933015,inner-observed,descriptive-only
E001-v2,tuning,A,a-square-300,tuning-grid-imbalanced-n4500,,4500,4500,1641,1189,32400.0,25200.0,0.36466666666666664,0.26422222222222225,1.0734510793383798,inner-observed,descriptive-only
E001-v2,tuning,A,a-square-300,tuning-grid-imbalanced-n4500,2026090601,900,900,314,256,32400.0,25200.0,0.3488888888888889,0.28444444444444444,0.9539930555555555,inner-observed,descriptive-only
E001-v2,tuning,A,a-square-300,tuning-grid-imbalanced-n4500,2026090602,900,900,325,231,32400.0,25200.0,0.3611111111111111,0.25666666666666665,1.0942760942760943,inner-observed,descriptive-only
E001-v2,tuning,A,a-square-300,tuning-grid-imbalanced-n4500,2026090603,900,900,352,230,32400.0,25200.0,0.39111111111111113,0.25555555555555554,1.1903381642512076,inner-observed,descriptive-only
E001-v2,tuning,A,a-square-300,tuning-grid-imbalanced-n4500,2026090604,900,900,318,244,32400.0,25200.0,0.35333333333333333,0.27111111111111114,1.0136612021857923,inner-observed,descriptive-only
E001-v2,tuning,A,a-square-300,tuning-grid-imbalanced-n4500,2026090605,900,900,332,228,32400.0,25200.0,0.3688888888888889,0.25333333333333335,1.1325536062378168,inner-observed,descriptive-only
E001-v2,tuning,A,a-square-300,tuning-single-n500,,500,500,188,138,32400.0,25200.0,0.376,0.276,1.0595813204508857,inner-observed,descriptive-only
E001-v2,tuning,A,a-square-300,tuning-single-n500,2026090601,100,100,41,29,32400.0,25200.0,0.41,0.29,1.099616858237548,inner-observed,descriptive-only
E001-v2,tuning,A,a-square-300,tuning-single-n500,2026090602,100,100,35,29,32400.0,25200.0,0.35,0.29,0.9386973180076628,inner-observed,descriptive-only
E001-v2,tuning,A,a-square-300,tuning-single-n500,2026090603,100,100,39,30,32400.0,25200.0,0.39,0.3,1.011111111111111,inner-observed,descriptive-only
E001-v2,tuning,A,a-square-300,tuning-single-n500,2026090604,100,100,42,23,32400.0,25200.0,0.42,0.23,1.4202898550724636,inner-observed,descriptive-only
E001-v2,tuning,A,a-square-300,tuning-single-n500,2026090605,100,100,31,27,32400.0,25200.0,0.31,0.27,0.8930041152263374,inner-observed,descriptive-only
E001-v2,tuning,D,d-s100-r300,tuning-grid-imbalanced-n4500,,4500,4500,0,8,53721.23437638546,48066.36759992383,0.0,0.0017777777777777779,0.0,inner-observed,descriptive-only
E001-v2,tuning,D,d-s100-r300,tuning-grid-imbalanced-n4500,2026090601,900,900,0,3,53721.23437638546,48066.36759992383,0.0,0.0033333333333333335,0.0,inner-observed,descriptive-only
E001-v2,tuning,D,d-s100-r300,tuning-grid-imbalanced-n4500,2026090602,900,900,0,1,53721.23437638546,48066.36759992383,0.0,0.0011111111111111111,0.0,inner-observed,descriptive-only
E001-v2,tuning,D,d-s100-r300,tuning-grid-imbalanced-n4500,2026090603,900,900,0,0,53721.23437638546,48066.36759992383,0.0,0.0,,empty-bands,descriptive-only
E001-v2,tuning,D,d-s100-r300,tuning-grid-imbalanced-n4500,2026090604,900,900,0,2,53721.23437638546,48066.36759992383,0.0,0.0022222222222222222,0.0,inner-observed,descriptive-only
E001-v2,tuning,D,d-s100-r300,tuning-grid-imbalanced-n4500,2026090605,900,900,0,2,53721.23437638546,48066.36759992383,0.0,0.0022222222222222222,0.0,inner-observed,descriptive-only
E001-v2,tuning,D,d-s100-r300,tuning-single-n500,,500,500,0,1,53721.23437638546,48066.36759992383,0.0,0.002,0.0,inner-observed,descriptive-only
E001-v2,tuning,D,d-s100-r300,tuning-single-n500,2026090601,100,100,0,1,53721.23437638546,48066.36759992383,0.0,0.01,0.0,inner-observed,descriptive-only
E001-v2,tuning,D,d-s100-r300,tuning-single-n500,2026090602,100,100,0,0,53721.23437638546,48066.36759992383,0.0,0.0,,empty-bands,descriptive-only
E001-v2,tuning,D,d-s100-r300,tuning-single-n500,2026090603,100,100,0,0,53721.23437638546,48066.36759992383,0.0,0.0,,empty-bands,descriptive-only
E001-v2,tuning,D,d-s100-r300,tuning-single-n500,2026090604,100,100,0,0,53721.23437638546,48066.36759992383,0.0,0.0,,empty-bands,descriptive-only
E001-v2,tuning,D,d-s100-r300,tuning-single-n500,2026090605,100,100,0,0,53721.23437638546,48066.36759992383,0.0,0.0,,empty-bands,descriptive-only
E001-v2,tuning,D,d-s120-r300,tuning-grid-imbalanced-n4500,,4500,4500,0,19,53721.23437638546,48066.36759992383,0.0,0.004222222222222222,0.0,inner-observed,descriptive-only
E001-v2,tuning,D,d-s120-r300,tuning-grid-imbalanced-n4500,2026090601,900,900,0,8,53721.23437638546,48066.36759992383,0.0,0.008888888888888889,0.0,inner-observed,descriptive-only
E001-v2,tuning,D,d-s120-r300,tuning-grid-imbalanced-n4500,2026090602,900,900,0,1,53721.23437638546,48066.36759992383,0.0,0.0011111111111111111,0.0,inner-observed,descriptive-only
E001-v2,tuning,D,d-s120-r300,tuning-grid-imbalanced-n4500,2026090603,900,900,0,6,53721.23437638546,48066.36759992383,0.0,0.006666666666666667,0.0,inner-observed,descriptive-only
E001-v2,tuning,D,d-s120-r300,tuning-grid-imbalanced-n4500,2026090604,900,900,0,3,53721.23437638546,48066.36759992383,0.0,0.0033333333333333335,0.0,inner-observed,descriptive-only
E001-v2,tuning,D,d-s120-r300,tuning-grid-imbalanced-n4500,2026090605,900,900,0,1,53721.23437638546,48066.36759992383,0.0,0.0011111111111111111,0.0,inner-observed,descriptive-only
E001-v2,tuning,D,d-s120-r300,tuning-single-n500,,500,500,0,2,53721.23437638546,48066.36759992383,0.0,0.004,0.0,inner-observed,descriptive-only
E001-v2,tuning,D,d-s120-r300,tuning-single-n500,2026090601,100,100,0,1,53721.23437638546,48066.36759992383,0.0,0.01,0.0,inner-observed,descriptive-only
E001-v2,tuning,D,d-s120-r300,tuning-single-n500,2026090602,100,100,0,0,53721.23437638546,48066.36759992383,0.0,0.0,,empty-bands,descriptive-only
E001-v2,tuning,D,d-s120-r300,tuning-single-n500,2026090603,100,100,0,0,53721.23437638546,48066.36759992383,0.0,0.0,,empty-bands,descriptive-only
E001-v2,tuning,D,d-s120-r300,tuning-single-n500,2026090604,100,100,0,1,53721.23437638546,48066.36759992383,0.0,0.01,0.0,inner-observed,descriptive-only
E001-v2,tuning,D,d-s120-r300,tuning-single-n500,2026090605,100,100,0,0,53721.23437638546,48066.36759992383,0.0,0.0,,empty-bands,descriptive-only
E001-v2,tuning,E,e-s120-gradient-p1-b040-rejection128,tuning-grid-imbalanced-n4500,,4500,4500,0,16,53721.23437638546,48066.36759992383,0.0,0.0035555555555555557,0.0,inner-observed,descriptive-only
E001-v2,tuning,E,e-s120-gradient-p1-b040-rejection128,tuning-grid-imbalanced-n4500,2026090601,900,900,0,5,53721.23437638546,48066.36759992383,0.0,0.005555555555555556,0.0,inner-observed,descriptive-only
E001-v2,tuning,E,e-s120-gradient-p1-b040-rejection128,tuning-grid-imbalanced-n4500,2026090602,900,900,0,1,53721.23437638546,48066.36759992383,0.0,0.0011111111111111111,0.0,inner-observed,descriptive-only
E001-v2,tuning,E,e-s120-gradient-p1-b040-rejection128,tuning-grid-imbalanced-n4500,2026090603,900,900,0,4,53721.23437638546,48066.36759992383,0.0,0.0044444444444444444,0.0,inner-observed,descriptive-only
E001-v2,tuning,E,e-s120-gradient-p1-b040-rejection128,tuning-grid-imbalanced-n4500,2026090604,900,900,0,3,53721.23437638546,48066.36759992383,0.0,0.0033333333333333335,0.0,inner-observed,descriptive-only
E001-v2,tuning,E,e-s120-gradient-p1-b040-rejection128,tuning-grid-imbalanced-n4500,2026090605,900,900,0,3,53721.23437638546,48066.36759992383,0.0,0.0033333333333333335,0.0,inner-observed,descriptive-only
E001-v2,tuning,E,e-s120-gradient-p1-b040-rejection128,tuning-single-n500,,500,500,0,3,53721.23437638546,48066.36759992383,0.0,0.006,0.0,inner-observed,descriptive-only
E001-v2,tuning,E,e-s120-gradient-p1-b040-rejection128,tuning-single-n500,2026090601,100,100,0,2,53721.23437638546,48066.36759992383,0.0,0.02,0.0,inner-observed,descriptive-only
E001-v2,tuning,E,e-s120-gradient-p1-b040-rejection128,tuning-single-n500,2026090602,100,100,0,0,53721.23437638546,48066.36759992383,0.0,0.0,,empty-bands,descriptive-only
E001-v2,tuning,E,e-s120-gradient-p1-b040-rejection128,tuning-single-n500,2026090603,100,100,0,0,53721.23437638546,48066.36759992383,0.0,0.0,,empty-bands,descriptive-only
E001-v2,tuning,E,e-s120-gradient-p1-b040-rejection128,tuning-single-n500,2026090604,100,100,0,1,53721.23437638546,48066.36759992383,0.0,0.01,0.0,inner-observed,descriptive-only
E001-v2,tuning,E,e-s120-gradient-p1-b040-rejection128,tuning-single-n500,2026090605,100,100,0,0,53721.23437638546,48066.36759992383,0.0,0.0,,empty-bands,descriptive-only
E001-v2,tuning,E,e-s120-gradient-p1-b040-sir16,tuning-grid-imbalanced-n4500,,4500,4500,0,16,53721.23437638546,48066.36759992383,0.0,0.0035555555555555557,0.0,inner-observed,descriptive-only
E001-v2,tuning,E,e-s120-gradient-p1-b040-sir16,tuning-grid-imbalanced-n4500,2026090601,900,900,0,7,53721.23437638546,48066.36759992383,0.0,0.0077777777777777776,0.0,inner-observed,descriptive-only
E001-v2,tuning,E,e-s120-gradient-p1-b040-sir16,tuning-grid-imbalanced-n4500,2026090602,900,900,0,3,53721.23437638546,48066.36759992383,0.0,0.0033333333333333335,0.0,inner-observed,descriptive-only
E001-v2,tuning,E,e-s120-gradient-p1-b040-sir16,tuning-grid-imbalanced-n4500,2026090603,900,900,0,0,53721.23437638546,48066.36759992383,0.0,0.0,,empty-bands,descriptive-only
E001-v2,tuning,E,e-s120-gradient-p1-b040-sir16,tuning-grid-imbalanced-n4500,2026090604,900,900,0,4,53721.23437638546,48066.36759992383,0.0,0.0044444444444444444,0.0,inner-observed,descriptive-only
E001-v2,tuning,E,e-s120-gradient-p1-b040-sir16,tuning-grid-imbalanced-n4500,2026090605,900,900,0,2,53721.23437638546,48066.36759992383,0.0,0.0022222222222222222,0.0,inner-observed,descriptive-only
E001-v2,tuning,E,e-s120-gradient-p1-b040-sir16,tuning-single-n500,,500,500,0,1,53721.23437638546,48066.36759992383,0.0,0.002,0.0,inner-observed,descriptive-only
E001-v2,tuning,E,e-s120-gradient-p1-b040-sir16,tuning-single-n500,2026090601,100,100,0,0,53721.23437638546,48066.36759992383,0.0,0.0,,empty-bands,descriptive-only
E001-v2,tuning,E,e-s120-gradient-p1-b040-sir16,tuning-single-n500,2026090602,100,100,0,1,53721.23437638546,48066.36759992383,0.0,0.01,0.0,inner-observed,descriptive-only
E001-v2,tuning,E,e-s120-gradient-p1-b040-sir16,tuning-single-n500,2026090603,100,100,0,0,53721.23437638546,48066.36759992383,0.0,0.0,,empty-bands,descriptive-only
E001-v2,tuning,E,e-s120-gradient-p1-b040-sir16,tuning-single-n500,2026090604,100,100,0,0,53721.23437638546,48066.36759992383,0.0,0.0,,empty-bands,descriptive-only
E001-v2,tuning,E,e-s120-gradient-p1-b040-sir16,tuning-single-n500,2026090605,100,100,0,0,53721.23437638546,48066.36759992383,0.0,0.0,,empty-bands,descriptive-only
E001-v2,tuning,E,e-s120-gradient-p1-b040-sir32,tuning-grid-imbalanced-n4500,,4500,4500,1,9,53721.23437638546,48066.36759992383,2.2222222222222223E-4,0.002,0.09941520467836258,inner-observed,descriptive-only
E001-v2,tuning,E,e-s120-gradient-p1-b040-sir32,tuning-grid-imbalanced-n4500,2026090601,900,900,1,1,53721.23437638546,48066.36759992383,0.0011111111111111111,0.0011111111111111111,0.8947368421052633,inner-observed,descriptive-only
E001-v2,tuning,E,e-s120-gradient-p1-b040-sir32,tuning-grid-imbalanced-n4500,2026090602,900,900,0,2,53721.23437638546,48066.36759992383,0.0,0.0022222222222222222,0.0,inner-observed,descriptive-only
E001-v2,tuning,E,e-s120-gradient-p1-b040-sir32,tuning-grid-imbalanced-n4500,2026090603,900,900,0,2,53721.23437638546,48066.36759992383,0.0,0.0022222222222222222,0.0,inner-observed,descriptive-only
E001-v2,tuning,E,e-s120-gradient-p1-b040-sir32,tuning-grid-imbalanced-n4500,2026090604,900,900,0,2,53721.23437638546,48066.36759992383,0.0,0.0022222222222222222,0.0,inner-observed,descriptive-only
E001-v2,tuning,E,e-s120-gradient-p1-b040-sir32,tuning-grid-imbalanced-n4500,2026090605,900,900,0,2,53721.23437638546,48066.36759992383,0.0,0.0022222222222222222,0.0,inner-observed,descriptive-only
E001-v2,tuning,E,e-s120-gradient-p1-b040-sir32,tuning-single-n500,,500,500,0,1,53721.23437638546,48066.36759992383,0.0,0.002,0.0,inner-observed,descriptive-only
E001-v2,tuning,E,e-s120-gradient-p1-b040-sir32,tuning-single-n500,2026090601,100,100,0,0,53721.23437638546,48066.36759992383,0.0,0.0,,empty-bands,descriptive-only
E001-v2,tuning,E,e-s120-gradient-p1-b040-sir32,tuning-single-n500,2026090602,100,100,0,0,53721.23437638546,48066.36759992383,0.0,0.0,,empty-bands,descriptive-only
E001-v2,tuning,E,e-s120-gradient-p1-b040-sir32,tuning-single-n500,2026090603,100,100,0,0,53721.23437638546,48066.36759992383,0.0,0.0,,empty-bands,descriptive-only
E001-v2,tuning,E,e-s120-gradient-p1-b040-sir32,tuning-single-n500,2026090604,100,100,0,1,53721.23437638546,48066.36759992383,0.0,0.01,0.0,inner-observed,descriptive-only
E001-v2,tuning,E,e-s120-gradient-p1-b040-sir32,tuning-single-n500,2026090605,100,100,0,0,53721.23437638546,48066.36759992383,0.0,0.0,,empty-bands,descriptive-only
E001-v2,tuning,E,e-s120-gradient-p1-b070-rejection128,tuning-grid-imbalanced-n4500,,4500,4500,0,16,53721.23437638546,48066.36759992383,0.0,0.0035555555555555557,0.0,inner-observed,descriptive-only
E001-v2,tuning,E,e-s120-gradient-p1-b070-rejection128,tuning-grid-imbalanced-n4500,2026090601,900,900,0,3,53721.23437638546,48066.36759992383,0.0,0.0033333333333333335,0.0,inner-observed,descriptive-only
E001-v2,tuning,E,e-s120-gradient-p1-b070-rejection128,tuning-grid-imbalanced-n4500,2026090602,900,900,0,2,53721.23437638546,48066.36759992383,0.0,0.0022222222222222222,0.0,inner-observed,descriptive-only
E001-v2,tuning,E,e-s120-gradient-p1-b070-rejection128,tuning-grid-imbalanced-n4500,2026090603,900,900,0,4,53721.23437638546,48066.36759992383,0.0,0.0044444444444444444,0.0,inner-observed,descriptive-only
E001-v2,tuning,E,e-s120-gradient-p1-b070-rejection128,tuning-grid-imbalanced-n4500,2026090604,900,900,0,4,53721.23437638546,48066.36759992383,0.0,0.0044444444444444444,0.0,inner-observed,descriptive-only
E001-v2,tuning,E,e-s120-gradient-p1-b070-rejection128,tuning-grid-imbalanced-n4500,2026090605,900,900,0,3,53721.23437638546,48066.36759992383,0.0,0.0033333333333333335,0.0,inner-observed,descriptive-only
E001-v2,tuning,E,e-s120-gradient-p1-b070-rejection128,tuning-single-n500,,500,500,0,3,53721.23437638546,48066.36759992383,0.0,0.006,0.0,inner-observed,descriptive-only
E001-v2,tuning,E,e-s120-gradient-p1-b070-rejection128,tuning-single-n500,2026090601,100,100,0,2,53721.23437638546,48066.36759992383,0.0,0.02,0.0,inner-observed,descriptive-only
E001-v2,tuning,E,e-s120-gradient-p1-b070-rejection128,tuning-single-n500,2026090602,100,100,0,0,53721.23437638546,48066.36759992383,0.0,0.0,,empty-bands,descriptive-only
E001-v2,tuning,E,e-s120-gradient-p1-b070-rejection128,tuning-single-n500,2026090603,100,100,0,0,53721.23437638546,48066.36759992383,0.0,0.0,,empty-bands,descriptive-only
E001-v2,tuning,E,e-s120-gradient-p1-b070-rejection128,tuning-single-n500,2026090604,100,100,0,1,53721.23437638546,48066.36759992383,0.0,0.01,0.0,inner-observed,descriptive-only
E001-v2,tuning,E,e-s120-gradient-p1-b070-rejection128,tuning-single-n500,2026090605,100,100,0,0,53721.23437638546,48066.36759992383,0.0,0.0,,empty-bands,descriptive-only
E001-v2,tuning,E,e-s120-gradient-p1-b070-sir16,tuning-grid-imbalanced-n4500,,4500,4500,0,15,53721.23437638546,48066.36759992383,0.0,0.0033333333333333335,0.0,inner-observed,descriptive-only
E001-v2,tuning,E,e-s120-gradient-p1-b070-sir16,tuning-grid-imbalanced-n4500,2026090601,900,900,0,7,53721.23437638546,48066.36759992383,0.0,0.0077777777777777776,0.0,inner-observed,descriptive-only
E001-v2,tuning,E,e-s120-gradient-p1-b070-sir16,tuning-grid-imbalanced-n4500,2026090602,900,900,0,3,53721.23437638546,48066.36759992383,0.0,0.0033333333333333335,0.0,inner-observed,descriptive-only
E001-v2,tuning,E,e-s120-gradient-p1-b070-sir16,tuning-grid-imbalanced-n4500,2026090603,900,900,0,0,53721.23437638546,48066.36759992383,0.0,0.0,,empty-bands,descriptive-only
E001-v2,tuning,E,e-s120-gradient-p1-b070-sir16,tuning-grid-imbalanced-n4500,2026090604,900,900,0,4,53721.23437638546,48066.36759992383,0.0,0.0044444444444444444,0.0,inner-observed,descriptive-only
E001-v2,tuning,E,e-s120-gradient-p1-b070-sir16,tuning-grid-imbalanced-n4500,2026090605,900,900,0,1,53721.23437638546,48066.36759992383,0.0,0.0011111111111111111,0.0,inner-observed,descriptive-only
E001-v2,tuning,E,e-s120-gradient-p1-b070-sir16,tuning-single-n500,,500,500,0,2,53721.23437638546,48066.36759992383,0.0,0.004,0.0,inner-observed,descriptive-only
E001-v2,tuning,E,e-s120-gradient-p1-b070-sir16,tuning-single-n500,2026090601,100,100,0,0,53721.23437638546,48066.36759992383,0.0,0.0,,empty-bands,descriptive-only
E001-v2,tuning,E,e-s120-gradient-p1-b070-sir16,tuning-single-n500,2026090602,100,100,0,1,53721.23437638546,48066.36759992383,0.0,0.01,0.0,inner-observed,descriptive-only
E001-v2,tuning,E,e-s120-gradient-p1-b070-sir16,tuning-single-n500,2026090603,100,100,0,0,53721.23437638546,48066.36759992383,0.0,0.0,,empty-bands,descriptive-only
E001-v2,tuning,E,e-s120-gradient-p1-b070-sir16,tuning-single-n500,2026090604,100,100,0,1,53721.23437638546,48066.36759992383,0.0,0.01,0.0,inner-observed,descriptive-only
E001-v2,tuning,E,e-s120-gradient-p1-b070-sir16,tuning-single-n500,2026090605,100,100,0,0,53721.23437638546,48066.36759992383,0.0,0.0,,empty-bands,descriptive-only
E001-v2,tuning,E,e-s120-gradient-p1-b070-sir32,tuning-grid-imbalanced-n4500,,4500,4500,1,8,53721.23437638546,48066.36759992383,2.2222222222222223E-4,0.0017777777777777779,0.11184210526315791,inner-observed,descriptive-only
E001-v2,tuning,E,e-s120-gradient-p1-b070-sir32,tuning-grid-imbalanced-n4500,2026090601,900,900,1,1,53721.23437638546,48066.36759992383,0.0011111111111111111,0.0011111111111111111,0.8947368421052633,inner-observed,descriptive-only
E001-v2,tuning,E,e-s120-gradient-p1-b070-sir32,tuning-grid-imbalanced-n4500,2026090602,900,900,0,2,53721.23437638546,48066.36759992383,0.0,0.0022222222222222222,0.0,inner-observed,descriptive-only
E001-v2,tuning,E,e-s120-gradient-p1-b070-sir32,tuning-grid-imbalanced-n4500,2026090603,900,900,0,2,53721.23437638546,48066.36759992383,0.0,0.0022222222222222222,0.0,inner-observed,descriptive-only
E001-v2,tuning,E,e-s120-gradient-p1-b070-sir32,tuning-grid-imbalanced-n4500,2026090604,900,900,0,1,53721.23437638546,48066.36759992383,0.0,0.0011111111111111111,0.0,inner-observed,descriptive-only
E001-v2,tuning,E,e-s120-gradient-p1-b070-sir32,tuning-grid-imbalanced-n4500,2026090605,900,900,0,2,53721.23437638546,48066.36759992383,0.0,0.0022222222222222222,0.0,inner-observed,descriptive-only
E001-v2,tuning,E,e-s120-gradient-p1-b070-sir32,tuning-single-n500,,500,500,0,1,53721.23437638546,48066.36759992383,0.0,0.002,0.0,inner-observed,descriptive-only
E001-v2,tuning,E,e-s120-gradient-p1-b070-sir32,tuning-single-n500,2026090601,100,100,0,0,53721.23437638546,48066.36759992383,0.0,0.0,,empty-bands,descriptive-only
E001-v2,tuning,E,e-s120-gradient-p1-b070-sir32,tuning-single-n500,2026090602,100,100,0,0,53721.23437638546,48066.36759992383,0.0,0.0,,empty-bands,descriptive-only
E001-v2,tuning,E,e-s120-gradient-p1-b070-sir32,tuning-single-n500,2026090603,100,100,0,0,53721.23437638546,48066.36759992383,0.0,0.0,,empty-bands,descriptive-only
E001-v2,tuning,E,e-s120-gradient-p1-b070-sir32,tuning-single-n500,2026090604,100,100,0,1,53721.23437638546,48066.36759992383,0.0,0.01,0.0,inner-observed,descriptive-only
E001-v2,tuning,E,e-s120-gradient-p1-b070-sir32,tuning-single-n500,2026090605,100,100,0,0,53721.23437638546,48066.36759992383,0.0,0.0,,empty-bands,descriptive-only
E001-v2,tuning,E,e-s120-gradient-p1-b100-rejection128,tuning-grid-imbalanced-n4500,,4500,4500,0,16,53721.23437638546,48066.36759992383,0.0,0.0035555555555555557,0.0,inner-observed,descriptive-only
E001-v2,tuning,E,e-s120-gradient-p1-b100-rejection128,tuning-grid-imbalanced-n4500,2026090601,900,900,0,4,53721.23437638546,48066.36759992383,0.0,0.0044444444444444444,0.0,inner-observed,descriptive-only
E001-v2,tuning,E,e-s120-gradient-p1-b100-rejection128,tuning-grid-imbalanced-n4500,2026090602,900,900,0,2,53721.23437638546,48066.36759992383,0.0,0.0022222222222222222,0.0,inner-observed,descriptive-only
E001-v2,tuning,E,e-s120-gradient-p1-b100-rejection128,tuning-grid-imbalanced-n4500,2026090603,900,900,0,3,53721.23437638546,48066.36759992383,0.0,0.0033333333333333335,0.0,inner-observed,descriptive-only
E001-v2,tuning,E,e-s120-gradient-p1-b100-rejection128,tuning-grid-imbalanced-n4500,2026090604,900,900,0,4,53721.23437638546,48066.36759992383,0.0,0.0044444444444444444,0.0,inner-observed,descriptive-only
E001-v2,tuning,E,e-s120-gradient-p1-b100-rejection128,tuning-grid-imbalanced-n4500,2026090605,900,900,0,3,53721.23437638546,48066.36759992383,0.0,0.0033333333333333335,0.0,inner-observed,descriptive-only
E001-v2,tuning,E,e-s120-gradient-p1-b100-rejection128,tuning-single-n500,,500,500,0,4,53721.23437638546,48066.36759992383,0.0,0.008,0.0,inner-observed,descriptive-only
E001-v2,tuning,E,e-s120-gradient-p1-b100-rejection128,tuning-single-n500,2026090601,100,100,0,2,53721.23437638546,48066.36759992383,0.0,0.02,0.0,inner-observed,descriptive-only
E001-v2,tuning,E,e-s120-gradient-p1-b100-rejection128,tuning-single-n500,2026090602,100,100,0,0,53721.23437638546,48066.36759992383,0.0,0.0,,empty-bands,descriptive-only
E001-v2,tuning,E,e-s120-gradient-p1-b100-rejection128,tuning-single-n500,2026090603,100,100,0,0,53721.23437638546,48066.36759992383,0.0,0.0,,empty-bands,descriptive-only
E001-v2,tuning,E,e-s120-gradient-p1-b100-rejection128,tuning-single-n500,2026090604,100,100,0,1,53721.23437638546,48066.36759992383,0.0,0.01,0.0,inner-observed,descriptive-only
E001-v2,tuning,E,e-s120-gradient-p1-b100-rejection128,tuning-single-n500,2026090605,100,100,0,1,53721.23437638546,48066.36759992383,0.0,0.01,0.0,inner-observed,descriptive-only
E001-v2,tuning,E,e-s120-gradient-p1-b100-sir16,tuning-grid-imbalanced-n4500,,4500,4500,0,13,53721.23437638546,48066.36759992383,0.0,0.0028888888888888888,0.0,inner-observed,descriptive-only
E001-v2,tuning,E,e-s120-gradient-p1-b100-sir16,tuning-grid-imbalanced-n4500,2026090601,900,900,0,5,53721.23437638546,48066.36759992383,0.0,0.005555555555555556,0.0,inner-observed,descriptive-only
E001-v2,tuning,E,e-s120-gradient-p1-b100-sir16,tuning-grid-imbalanced-n4500,2026090602,900,900,0,3,53721.23437638546,48066.36759992383,0.0,0.0033333333333333335,0.0,inner-observed,descriptive-only
E001-v2,tuning,E,e-s120-gradient-p1-b100-sir16,tuning-grid-imbalanced-n4500,2026090603,900,900,0,0,53721.23437638546,48066.36759992383,0.0,0.0,,empty-bands,descriptive-only
E001-v2,tuning,E,e-s120-gradient-p1-b100-sir16,tuning-grid-imbalanced-n4500,2026090604,900,900,0,4,53721.23437638546,48066.36759992383,0.0,0.0044444444444444444,0.0,inner-observed,descriptive-only
E001-v2,tuning,E,e-s120-gradient-p1-b100-sir16,tuning-grid-imbalanced-n4500,2026090605,900,900,0,1,53721.23437638546,48066.36759992383,0.0,0.0011111111111111111,0.0,inner-observed,descriptive-only
E001-v2,tuning,E,e-s120-gradient-p1-b100-sir16,tuning-single-n500,,500,500,0,2,53721.23437638546,48066.36759992383,0.0,0.004,0.0,inner-observed,descriptive-only
E001-v2,tuning,E,e-s120-gradient-p1-b100-sir16,tuning-single-n500,2026090601,100,100,0,0,53721.23437638546,48066.36759992383,0.0,0.0,,empty-bands,descriptive-only
E001-v2,tuning,E,e-s120-gradient-p1-b100-sir16,tuning-single-n500,2026090602,100,100,0,1,53721.23437638546,48066.36759992383,0.0,0.01,0.0,inner-observed,descriptive-only
E001-v2,tuning,E,e-s120-gradient-p1-b100-sir16,tuning-single-n500,2026090603,100,100,0,0,53721.23437638546,48066.36759992383,0.0,0.0,,empty-bands,descriptive-only
E001-v2,tuning,E,e-s120-gradient-p1-b100-sir16,tuning-single-n500,2026090604,100,100,0,1,53721.23437638546,48066.36759992383,0.0,0.01,0.0,inner-observed,descriptive-only
E001-v2,tuning,E,e-s120-gradient-p1-b100-sir16,tuning-single-n500,2026090605,100,100,0,0,53721.23437638546,48066.36759992383,0.0,0.0,,empty-bands,descriptive-only
E001-v2,tuning,E,e-s120-gradient-p1-b100-sir32,tuning-grid-imbalanced-n4500,,4500,4500,1,10,53721.23437638546,48066.36759992383,2.2222222222222223E-4,0.0022222222222222222,0.08947368421052633,inner-observed,descriptive-only
E001-v2,tuning,E,e-s120-gradient-p1-b100-sir32,tuning-grid-imbalanced-n4500,2026090601,900,900,1,2,53721.23437638546,48066.36759992383,0.0011111111111111111,0.0022222222222222222,0.44736842105263164,inner-observed,descriptive-only
E001-v2,tuning,E,e-s120-gradient-p1-b100-sir32,tuning-grid-imbalanced-n4500,2026090602,900,900,0,2,53721.23437638546,48066.36759992383,0.0,0.0022222222222222222,0.0,inner-observed,descriptive-only
E001-v2,tuning,E,e-s120-gradient-p1-b100-sir32,tuning-grid-imbalanced-n4500,2026090603,900,900,0,2,53721.23437638546,48066.36759992383,0.0,0.0022222222222222222,0.0,inner-observed,descriptive-only
E001-v2,tuning,E,e-s120-gradient-p1-b100-sir32,tuning-grid-imbalanced-n4500,2026090604,900,900,0,1,53721.23437638546,48066.36759992383,0.0,0.0011111111111111111,0.0,inner-observed,descriptive-only
E001-v2,tuning,E,e-s120-gradient-p1-b100-sir32,tuning-grid-imbalanced-n4500,2026090605,900,900,0,3,53721.23437638546,48066.36759992383,0.0,0.0033333333333333335,0.0,inner-observed,descriptive-only
E001-v2,tuning,E,e-s120-gradient-p1-b100-sir32,tuning-single-n500,,500,500,0,0,53721.23437638546,48066.36759992383,0.0,0.0,,empty-bands,descriptive-only
E001-v2,tuning,E,e-s120-gradient-p1-b100-sir32,tuning-single-n500,2026090601,100,100,0,0,53721.23437638546,48066.36759992383,0.0,0.0,,empty-bands,descriptive-only
E001-v2,tuning,E,e-s120-gradient-p1-b100-sir32,tuning-single-n500,2026090602,100,100,0,0,53721.23437638546,48066.36759992383,0.0,0.0,,empty-bands,descriptive-only
E001-v2,tuning,E,e-s120-gradient-p1-b100-sir32,tuning-single-n500,2026090603,100,100,0,0,53721.23437638546,48066.36759992383,0.0,0.0,,empty-bands,descriptive-only
E001-v2,tuning,E,e-s120-gradient-p1-b100-sir32,tuning-single-n500,2026090604,100,100,0,0,53721.23437638546,48066.36759992383,0.0,0.0,,empty-bands,descriptive-only
E001-v2,tuning,E,e-s120-gradient-p1-b100-sir32,tuning-single-n500,2026090605,100,100,0,0,53721.23437638546,48066.36759992383,0.0,0.0,,empty-bands,descriptive-only
E001-v2,tuning,E,e-s120-gradient-p2-b040-rejection128,tuning-grid-imbalanced-n4500,,4500,4500,0,15,53721.23437638546,48066.36759992383,0.0,0.0033333333333333335,0.0,inner-observed,descriptive-only
E001-v2,tuning,E,e-s120-gradient-p2-b040-rejection128,tuning-grid-imbalanced-n4500,2026090601,900,900,0,4,53721.23437638546,48066.36759992383,0.0,0.0044444444444444444,0.0,inner-observed,descriptive-only
E001-v2,tuning,E,e-s120-gradient-p2-b040-rejection128,tuning-grid-imbalanced-n4500,2026090602,900,900,0,2,53721.23437638546,48066.36759992383,0.0,0.0022222222222222222,0.0,inner-observed,descriptive-only
E001-v2,tuning,E,e-s120-gradient-p2-b040-rejection128,tuning-grid-imbalanced-n4500,2026090603,900,900,0,4,53721.23437638546,48066.36759992383,0.0,0.0044444444444444444,0.0,inner-observed,descriptive-only
E001-v2,tuning,E,e-s120-gradient-p2-b040-rejection128,tuning-grid-imbalanced-n4500,2026090604,900,900,0,3,53721.23437638546,48066.36759992383,0.0,0.0033333333333333335,0.0,inner-observed,descriptive-only
E001-v2,tuning,E,e-s120-gradient-p2-b040-rejection128,tuning-grid-imbalanced-n4500,2026090605,900,900,0,2,53721.23437638546,48066.36759992383,0.0,0.0022222222222222222,0.0,inner-observed,descriptive-only
E001-v2,tuning,E,e-s120-gradient-p2-b040-rejection128,tuning-single-n500,,500,500,0,3,53721.23437638546,48066.36759992383,0.0,0.006,0.0,inner-observed,descriptive-only
E001-v2,tuning,E,e-s120-gradient-p2-b040-rejection128,tuning-single-n500,2026090601,100,100,0,2,53721.23437638546,48066.36759992383,0.0,0.02,0.0,inner-observed,descriptive-only
E001-v2,tuning,E,e-s120-gradient-p2-b040-rejection128,tuning-single-n500,2026090602,100,100,0,0,53721.23437638546,48066.36759992383,0.0,0.0,,empty-bands,descriptive-only
E001-v2,tuning,E,e-s120-gradient-p2-b040-rejection128,tuning-single-n500,2026090603,100,100,0,0,53721.23437638546,48066.36759992383,0.0,0.0,,empty-bands,descriptive-only
E001-v2,tuning,E,e-s120-gradient-p2-b040-rejection128,tuning-single-n500,2026090604,100,100,0,1,53721.23437638546,48066.36759992383,0.0,0.01,0.0,inner-observed,descriptive-only
E001-v2,tuning,E,e-s120-gradient-p2-b040-rejection128,tuning-single-n500,2026090605,100,100,0,0,53721.23437638546,48066.36759992383,0.0,0.0,,empty-bands,descriptive-only
E001-v2,tuning,E,e-s120-gradient-p2-b040-sir16,tuning-grid-imbalanced-n4500,,4500,4500,0,14,53721.23437638546,48066.36759992383,0.0,0.003111111111111111,0.0,inner-observed,descriptive-only
E001-v2,tuning,E,e-s120-gradient-p2-b040-sir16,tuning-grid-imbalanced-n4500,2026090601,900,900,0,6,53721.23437638546,48066.36759992383,0.0,0.006666666666666667,0.0,inner-observed,descriptive-only
E001-v2,tuning,E,e-s120-gradient-p2-b040-sir16,tuning-grid-imbalanced-n4500,2026090602,900,900,0,3,53721.23437638546,48066.36759992383,0.0,0.0033333333333333335,0.0,inner-observed,descriptive-only
E001-v2,tuning,E,e-s120-gradient-p2-b040-sir16,tuning-grid-imbalanced-n4500,2026090603,900,900,0,0,53721.23437638546,48066.36759992383,0.0,0.0,,empty-bands,descriptive-only
E001-v2,tuning,E,e-s120-gradient-p2-b040-sir16,tuning-grid-imbalanced-n4500,2026090604,900,900,0,3,53721.23437638546,48066.36759992383,0.0,0.0033333333333333335,0.0,inner-observed,descriptive-only
E001-v2,tuning,E,e-s120-gradient-p2-b040-sir16,tuning-grid-imbalanced-n4500,2026090605,900,900,0,2,53721.23437638546,48066.36759992383,0.0,0.0022222222222222222,0.0,inner-observed,descriptive-only
E001-v2,tuning,E,e-s120-gradient-p2-b040-sir16,tuning-single-n500,,500,500,0,1,53721.23437638546,48066.36759992383,0.0,0.002,0.0,inner-observed,descriptive-only
E001-v2,tuning,E,e-s120-gradient-p2-b040-sir16,tuning-single-n500,2026090601,100,100,0,0,53721.23437638546,48066.36759992383,0.0,0.0,,empty-bands,descriptive-only
E001-v2,tuning,E,e-s120-gradient-p2-b040-sir16,tuning-single-n500,2026090602,100,100,0,1,53721.23437638546,48066.36759992383,0.0,0.01,0.0,inner-observed,descriptive-only
E001-v2,tuning,E,e-s120-gradient-p2-b040-sir16,tuning-single-n500,2026090603,100,100,0,0,53721.23437638546,48066.36759992383,0.0,0.0,,empty-bands,descriptive-only
E001-v2,tuning,E,e-s120-gradient-p2-b040-sir16,tuning-single-n500,2026090604,100,100,0,0,53721.23437638546,48066.36759992383,0.0,0.0,,empty-bands,descriptive-only
E001-v2,tuning,E,e-s120-gradient-p2-b040-sir16,tuning-single-n500,2026090605,100,100,0,0,53721.23437638546,48066.36759992383,0.0,0.0,,empty-bands,descriptive-only
E001-v2,tuning,E,e-s120-gradient-p2-b040-sir32,tuning-grid-imbalanced-n4500,,4500,4500,1,11,53721.23437638546,48066.36759992383,2.2222222222222223E-4,0.0024444444444444444,0.0813397129186603,inner-observed,descriptive-only
E001-v2,tuning,E,e-s120-gradient-p2-b040-sir32,tuning-grid-imbalanced-n4500,2026090601,900,900,1,2,53721.23437638546,48066.36759992383,0.0011111111111111111,0.0022222222222222222,0.44736842105263164,inner-observed,descriptive-only
E001-v2,tuning,E,e-s120-gradient-p2-b040-sir32,tuning-grid-imbalanced-n4500,2026090602,900,900,0,2,53721.23437638546,48066.36759992383,0.0,0.0022222222222222222,0.0,inner-observed,descriptive-only
E001-v2,tuning,E,e-s120-gradient-p2-b040-sir32,tuning-grid-imbalanced-n4500,2026090603,900,900,0,2,53721.23437638546,48066.36759992383,0.0,0.0022222222222222222,0.0,inner-observed,descriptive-only
E001-v2,tuning,E,e-s120-gradient-p2-b040-sir32,tuning-grid-imbalanced-n4500,2026090604,900,900,0,4,53721.23437638546,48066.36759992383,0.0,0.0044444444444444444,0.0,inner-observed,descriptive-only
E001-v2,tuning,E,e-s120-gradient-p2-b040-sir32,tuning-grid-imbalanced-n4500,2026090605,900,900,0,1,53721.23437638546,48066.36759992383,0.0,0.0011111111111111111,0.0,inner-observed,descriptive-only
E001-v2,tuning,E,e-s120-gradient-p2-b040-sir32,tuning-single-n500,,500,500,0,1,53721.23437638546,48066.36759992383,0.0,0.002,0.0,inner-observed,descriptive-only
E001-v2,tuning,E,e-s120-gradient-p2-b040-sir32,tuning-single-n500,2026090601,100,100,0,0,53721.23437638546,48066.36759992383,0.0,0.0,,empty-bands,descriptive-only
E001-v2,tuning,E,e-s120-gradient-p2-b040-sir32,tuning-single-n500,2026090602,100,100,0,0,53721.23437638546,48066.36759992383,0.0,0.0,,empty-bands,descriptive-only
E001-v2,tuning,E,e-s120-gradient-p2-b040-sir32,tuning-single-n500,2026090603,100,100,0,0,53721.23437638546,48066.36759992383,0.0,0.0,,empty-bands,descriptive-only
E001-v2,tuning,E,e-s120-gradient-p2-b040-sir32,tuning-single-n500,2026090604,100,100,0,1,53721.23437638546,48066.36759992383,0.0,0.01,0.0,inner-observed,descriptive-only
E001-v2,tuning,E,e-s120-gradient-p2-b040-sir32,tuning-single-n500,2026090605,100,100,0,0,53721.23437638546,48066.36759992383,0.0,0.0,,empty-bands,descriptive-only
E001-v2,tuning,E,e-s120-gradient-p2-b070-rejection128,tuning-grid-imbalanced-n4500,,4500,4500,0,15,53721.23437638546,48066.36759992383,0.0,0.0033333333333333335,0.0,inner-observed,descriptive-only
E001-v2,tuning,E,e-s120-gradient-p2-b070-rejection128,tuning-grid-imbalanced-n4500,2026090601,900,900,0,3,53721.23437638546,48066.36759992383,0.0,0.0033333333333333335,0.0,inner-observed,descriptive-only
E001-v2,tuning,E,e-s120-gradient-p2-b070-rejection128,tuning-grid-imbalanced-n4500,2026090602,900,900,0,2,53721.23437638546,48066.36759992383,0.0,0.0022222222222222222,0.0,inner-observed,descriptive-only
E001-v2,tuning,E,e-s120-gradient-p2-b070-rejection128,tuning-grid-imbalanced-n4500,2026090603,900,900,0,3,53721.23437638546,48066.36759992383,0.0,0.0033333333333333335,0.0,inner-observed,descriptive-only
E001-v2,tuning,E,e-s120-gradient-p2-b070-rejection128,tuning-grid-imbalanced-n4500,2026090604,900,900,0,4,53721.23437638546,48066.36759992383,0.0,0.0044444444444444444,0.0,inner-observed,descriptive-only
E001-v2,tuning,E,e-s120-gradient-p2-b070-rejection128,tuning-grid-imbalanced-n4500,2026090605,900,900,0,3,53721.23437638546,48066.36759992383,0.0,0.0033333333333333335,0.0,inner-observed,descriptive-only
E001-v2,tuning,E,e-s120-gradient-p2-b070-rejection128,tuning-single-n500,,500,500,0,4,53721.23437638546,48066.36759992383,0.0,0.008,0.0,inner-observed,descriptive-only
E001-v2,tuning,E,e-s120-gradient-p2-b070-rejection128,tuning-single-n500,2026090601,100,100,0,2,53721.23437638546,48066.36759992383,0.0,0.02,0.0,inner-observed,descriptive-only
E001-v2,tuning,E,e-s120-gradient-p2-b070-rejection128,tuning-single-n500,2026090602,100,100,0,0,53721.23437638546,48066.36759992383,0.0,0.0,,empty-bands,descriptive-only
E001-v2,tuning,E,e-s120-gradient-p2-b070-rejection128,tuning-single-n500,2026090603,100,100,0,0,53721.23437638546,48066.36759992383,0.0,0.0,,empty-bands,descriptive-only
E001-v2,tuning,E,e-s120-gradient-p2-b070-rejection128,tuning-single-n500,2026090604,100,100,0,1,53721.23437638546,48066.36759992383,0.0,0.01,0.0,inner-observed,descriptive-only
E001-v2,tuning,E,e-s120-gradient-p2-b070-rejection128,tuning-single-n500,2026090605,100,100,0,1,53721.23437638546,48066.36759992383,0.0,0.01,0.0,inner-observed,descriptive-only
E001-v2,tuning,E,e-s120-gradient-p2-b070-sir16,tuning-grid-imbalanced-n4500,,4500,4500,0,13,53721.23437638546,48066.36759992383,0.0,0.0028888888888888888,0.0,inner-observed,descriptive-only
E001-v2,tuning,E,e-s120-gradient-p2-b070-sir16,tuning-grid-imbalanced-n4500,2026090601,900,900,0,6,53721.23437638546,48066.36759992383,0.0,0.006666666666666667,0.0,inner-observed,descriptive-only
E001-v2,tuning,E,e-s120-gradient-p2-b070-sir16,tuning-grid-imbalanced-n4500,2026090602,900,900,0,3,53721.23437638546,48066.36759992383,0.0,0.0033333333333333335,0.0,inner-observed,descriptive-only
E001-v2,tuning,E,e-s120-gradient-p2-b070-sir16,tuning-grid-imbalanced-n4500,2026090603,900,900,0,0,53721.23437638546,48066.36759992383,0.0,0.0,,empty-bands,descriptive-only
E001-v2,tuning,E,e-s120-gradient-p2-b070-sir16,tuning-grid-imbalanced-n4500,2026090604,900,900,0,2,53721.23437638546,48066.36759992383,0.0,0.0022222222222222222,0.0,inner-observed,descriptive-only
E001-v2,tuning,E,e-s120-gradient-p2-b070-sir16,tuning-grid-imbalanced-n4500,2026090605,900,900,0,2,53721.23437638546,48066.36759992383,0.0,0.0022222222222222222,0.0,inner-observed,descriptive-only
E001-v2,tuning,E,e-s120-gradient-p2-b070-sir16,tuning-single-n500,,500,500,0,1,53721.23437638546,48066.36759992383,0.0,0.002,0.0,inner-observed,descriptive-only
E001-v2,tuning,E,e-s120-gradient-p2-b070-sir16,tuning-single-n500,2026090601,100,100,0,0,53721.23437638546,48066.36759992383,0.0,0.0,,empty-bands,descriptive-only
E001-v2,tuning,E,e-s120-gradient-p2-b070-sir16,tuning-single-n500,2026090602,100,100,0,1,53721.23437638546,48066.36759992383,0.0,0.01,0.0,inner-observed,descriptive-only
E001-v2,tuning,E,e-s120-gradient-p2-b070-sir16,tuning-single-n500,2026090603,100,100,0,0,53721.23437638546,48066.36759992383,0.0,0.0,,empty-bands,descriptive-only
E001-v2,tuning,E,e-s120-gradient-p2-b070-sir16,tuning-single-n500,2026090604,100,100,0,0,53721.23437638546,48066.36759992383,0.0,0.0,,empty-bands,descriptive-only
E001-v2,tuning,E,e-s120-gradient-p2-b070-sir16,tuning-single-n500,2026090605,100,100,0,0,53721.23437638546,48066.36759992383,0.0,0.0,,empty-bands,descriptive-only
E001-v2,tuning,E,e-s120-gradient-p2-b070-sir32,tuning-grid-imbalanced-n4500,,4500,4500,1,12,53721.23437638546,48066.36759992383,2.2222222222222223E-4,0.0026666666666666666,0.07456140350877193,inner-observed,descriptive-only
E001-v2,tuning,E,e-s120-gradient-p2-b070-sir32,tuning-grid-imbalanced-n4500,2026090601,900,900,1,1,53721.23437638546,48066.36759992383,0.0011111111111111111,0.0011111111111111111,0.8947368421052633,inner-observed,descriptive-only
E001-v2,tuning,E,e-s120-gradient-p2-b070-sir32,tuning-grid-imbalanced-n4500,2026090602,900,900,0,2,53721.23437638546,48066.36759992383,0.0,0.0022222222222222222,0.0,inner-observed,descriptive-only
E001-v2,tuning,E,e-s120-gradient-p2-b070-sir32,tuning-grid-imbalanced-n4500,2026090603,900,900,0,3,53721.23437638546,48066.36759992383,0.0,0.0033333333333333335,0.0,inner-observed,descriptive-only
E001-v2,tuning,E,e-s120-gradient-p2-b070-sir32,tuning-grid-imbalanced-n4500,2026090604,900,900,0,5,53721.23437638546,48066.36759992383,0.0,0.005555555555555556,0.0,inner-observed,descriptive-only
E001-v2,tuning,E,e-s120-gradient-p2-b070-sir32,tuning-grid-imbalanced-n4500,2026090605,900,900,0,1,53721.23437638546,48066.36759992383,0.0,0.0011111111111111111,0.0,inner-observed,descriptive-only
E001-v2,tuning,E,e-s120-gradient-p2-b070-sir32,tuning-single-n500,,500,500,0,1,53721.23437638546,48066.36759992383,0.0,0.002,0.0,inner-observed,descriptive-only
E001-v2,tuning,E,e-s120-gradient-p2-b070-sir32,tuning-single-n500,2026090601,100,100,0,0,53721.23437638546,48066.36759992383,0.0,0.0,,empty-bands,descriptive-only
E001-v2,tuning,E,e-s120-gradient-p2-b070-sir32,tuning-single-n500,2026090602,100,100,0,0,53721.23437638546,48066.36759992383,0.0,0.0,,empty-bands,descriptive-only
E001-v2,tuning,E,e-s120-gradient-p2-b070-sir32,tuning-single-n500,2026090603,100,100,0,0,53721.23437638546,48066.36759992383,0.0,0.0,,empty-bands,descriptive-only
E001-v2,tuning,E,e-s120-gradient-p2-b070-sir32,tuning-single-n500,2026090604,100,100,0,1,53721.23437638546,48066.36759992383,0.0,0.01,0.0,inner-observed,descriptive-only
E001-v2,tuning,E,e-s120-gradient-p2-b070-sir32,tuning-single-n500,2026090605,100,100,0,0,53721.23437638546,48066.36759992383,0.0,0.0,,empty-bands,descriptive-only
E001-v2,tuning,E,e-s120-gradient-p2-b100-rejection128,tuning-grid-imbalanced-n4500,,4500,4500,0,15,53721.23437638546,48066.36759992383,0.0,0.0033333333333333335,0.0,inner-observed,descriptive-only
E001-v2,tuning,E,e-s120-gradient-p2-b100-rejection128,tuning-grid-imbalanced-n4500,2026090601,900,900,0,4,53721.23437638546,48066.36759992383,0.0,0.0044444444444444444,0.0,inner-observed,descriptive-only
E001-v2,tuning,E,e-s120-gradient-p2-b100-rejection128,tuning-grid-imbalanced-n4500,2026090602,900,900,0,2,53721.23437638546,48066.36759992383,0.0,0.0022222222222222222,0.0,inner-observed,descriptive-only
E001-v2,tuning,E,e-s120-gradient-p2-b100-rejection128,tuning-grid-imbalanced-n4500,2026090603,900,900,0,2,53721.23437638546,48066.36759992383,0.0,0.0022222222222222222,0.0,inner-observed,descriptive-only
E001-v2,tuning,E,e-s120-gradient-p2-b100-rejection128,tuning-grid-imbalanced-n4500,2026090604,900,900,0,4,53721.23437638546,48066.36759992383,0.0,0.0044444444444444444,0.0,inner-observed,descriptive-only
E001-v2,tuning,E,e-s120-gradient-p2-b100-rejection128,tuning-grid-imbalanced-n4500,2026090605,900,900,0,3,53721.23437638546,48066.36759992383,0.0,0.0033333333333333335,0.0,inner-observed,descriptive-only
E001-v2,tuning,E,e-s120-gradient-p2-b100-rejection128,tuning-single-n500,,500,500,0,4,53721.23437638546,48066.36759992383,0.0,0.008,0.0,inner-observed,descriptive-only
E001-v2,tuning,E,e-s120-gradient-p2-b100-rejection128,tuning-single-n500,2026090601,100,100,0,2,53721.23437638546,48066.36759992383,0.0,0.02,0.0,inner-observed,descriptive-only
E001-v2,tuning,E,e-s120-gradient-p2-b100-rejection128,tuning-single-n500,2026090602,100,100,0,0,53721.23437638546,48066.36759992383,0.0,0.0,,empty-bands,descriptive-only
E001-v2,tuning,E,e-s120-gradient-p2-b100-rejection128,tuning-single-n500,2026090603,100,100,0,0,53721.23437638546,48066.36759992383,0.0,0.0,,empty-bands,descriptive-only
E001-v2,tuning,E,e-s120-gradient-p2-b100-rejection128,tuning-single-n500,2026090604,100,100,0,1,53721.23437638546,48066.36759992383,0.0,0.01,0.0,inner-observed,descriptive-only
E001-v2,tuning,E,e-s120-gradient-p2-b100-rejection128,tuning-single-n500,2026090605,100,100,0,1,53721.23437638546,48066.36759992383,0.0,0.01,0.0,inner-observed,descriptive-only
E001-v2,tuning,E,e-s120-gradient-p2-b100-sir16,tuning-grid-imbalanced-n4500,,4500,4500,0,13,53721.23437638546,48066.36759992383,0.0,0.0028888888888888888,0.0,inner-observed,descriptive-only
E001-v2,tuning,E,e-s120-gradient-p2-b100-sir16,tuning-grid-imbalanced-n4500,2026090601,900,900,0,6,53721.23437638546,48066.36759992383,0.0,0.006666666666666667,0.0,inner-observed,descriptive-only
E001-v2,tuning,E,e-s120-gradient-p2-b100-sir16,tuning-grid-imbalanced-n4500,2026090602,900,900,0,3,53721.23437638546,48066.36759992383,0.0,0.0033333333333333335,0.0,inner-observed,descriptive-only
E001-v2,tuning,E,e-s120-gradient-p2-b100-sir16,tuning-grid-imbalanced-n4500,2026090603,900,900,0,0,53721.23437638546,48066.36759992383,0.0,0.0,,empty-bands,descriptive-only
E001-v2,tuning,E,e-s120-gradient-p2-b100-sir16,tuning-grid-imbalanced-n4500,2026090604,900,900,0,2,53721.23437638546,48066.36759992383,0.0,0.0022222222222222222,0.0,inner-observed,descriptive-only
E001-v2,tuning,E,e-s120-gradient-p2-b100-sir16,tuning-grid-imbalanced-n4500,2026090605,900,900,0,2,53721.23437638546,48066.36759992383,0.0,0.0022222222222222222,0.0,inner-observed,descriptive-only
E001-v2,tuning,E,e-s120-gradient-p2-b100-sir16,tuning-single-n500,,500,500,0,2,53721.23437638546,48066.36759992383,0.0,0.004,0.0,inner-observed,descriptive-only
E001-v2,tuning,E,e-s120-gradient-p2-b100-sir16,tuning-single-n500,2026090601,100,100,0,0,53721.23437638546,48066.36759992383,0.0,0.0,,empty-bands,descriptive-only
E001-v2,tuning,E,e-s120-gradient-p2-b100-sir16,tuning-single-n500,2026090602,100,100,0,1,53721.23437638546,48066.36759992383,0.0,0.01,0.0,inner-observed,descriptive-only
E001-v2,tuning,E,e-s120-gradient-p2-b100-sir16,tuning-single-n500,2026090603,100,100,0,0,53721.23437638546,48066.36759992383,0.0,0.0,,empty-bands,descriptive-only
E001-v2,tuning,E,e-s120-gradient-p2-b100-sir16,tuning-single-n500,2026090604,100,100,0,0,53721.23437638546,48066.36759992383,0.0,0.0,,empty-bands,descriptive-only
E001-v2,tuning,E,e-s120-gradient-p2-b100-sir16,tuning-single-n500,2026090605,100,100,0,1,53721.23437638546,48066.36759992383,0.0,0.01,0.0,inner-observed,descriptive-only
E001-v2,tuning,E,e-s120-gradient-p2-b100-sir32,tuning-grid-imbalanced-n4500,,4500,4500,1,12,53721.23437638546,48066.36759992383,2.2222222222222223E-4,0.0026666666666666666,0.07456140350877193,inner-observed,descriptive-only
E001-v2,tuning,E,e-s120-gradient-p2-b100-sir32,tuning-grid-imbalanced-n4500,2026090601,900,900,1,1,53721.23437638546,48066.36759992383,0.0011111111111111111,0.0011111111111111111,0.8947368421052633,inner-observed,descriptive-only
E001-v2,tuning,E,e-s120-gradient-p2-b100-sir32,tuning-grid-imbalanced-n4500,2026090602,900,900,0,2,53721.23437638546,48066.36759992383,0.0,0.0022222222222222222,0.0,inner-observed,descriptive-only
E001-v2,tuning,E,e-s120-gradient-p2-b100-sir32,tuning-grid-imbalanced-n4500,2026090603,900,900,0,3,53721.23437638546,48066.36759992383,0.0,0.0033333333333333335,0.0,inner-observed,descriptive-only
E001-v2,tuning,E,e-s120-gradient-p2-b100-sir32,tuning-grid-imbalanced-n4500,2026090604,900,900,0,5,53721.23437638546,48066.36759992383,0.0,0.005555555555555556,0.0,inner-observed,descriptive-only
E001-v2,tuning,E,e-s120-gradient-p2-b100-sir32,tuning-grid-imbalanced-n4500,2026090605,900,900,0,1,53721.23437638546,48066.36759992383,0.0,0.0011111111111111111,0.0,inner-observed,descriptive-only
E001-v2,tuning,E,e-s120-gradient-p2-b100-sir32,tuning-single-n500,,500,500,0,1,53721.23437638546,48066.36759992383,0.0,0.002,0.0,inner-observed,descriptive-only
E001-v2,tuning,E,e-s120-gradient-p2-b100-sir32,tuning-single-n500,2026090601,100,100,0,0,53721.23437638546,48066.36759992383,0.0,0.0,,empty-bands,descriptive-only
E001-v2,tuning,E,e-s120-gradient-p2-b100-sir32,tuning-single-n500,2026090602,100,100,0,0,53721.23437638546,48066.36759992383,0.0,0.0,,empty-bands,descriptive-only
E001-v2,tuning,E,e-s120-gradient-p2-b100-sir32,tuning-single-n500,2026090603,100,100,0,0,53721.23437638546,48066.36759992383,0.0,0.0,,empty-bands,descriptive-only
E001-v2,tuning,E,e-s120-gradient-p2-b100-sir32,tuning-single-n500,2026090604,100,100,0,1,53721.23437638546,48066.36759992383,0.0,0.01,0.0,inner-observed,descriptive-only
E001-v2,tuning,E,e-s120-gradient-p2-b100-sir32,tuning-single-n500,2026090605,100,100,0,0,53721.23437638546,48066.36759992383,0.0,0.0,,empty-bands,descriptive-only
E001-v2,tuning,E,e-s120-value-p1-b040-rejection128,tuning-grid-imbalanced-n4500,,4500,4500,1,17,53721.23437638546,48066.36759992383,2.2222222222222223E-4,0.003777777777777778,0.052631578947368425,inner-observed,descriptive-only
E001-v2,tuning,E,e-s120-value-p1-b040-rejection128,tuning-grid-imbalanced-n4500,2026090601,900,900,0,4,53721.23437638546,48066.36759992383,0.0,0.0044444444444444444,0.0,inner-observed,descriptive-only
E001-v2,tuning,E,e-s120-value-p1-b040-rejection128,tuning-grid-imbalanced-n4500,2026090602,900,900,0,2,53721.23437638546,48066.36759992383,0.0,0.0022222222222222222,0.0,inner-observed,descriptive-only
E001-v2,tuning,E,e-s120-value-p1-b040-rejection128,tuning-grid-imbalanced-n4500,2026090603,900,900,0,6,53721.23437638546,48066.36759992383,0.0,0.006666666666666667,0.0,inner-observed,descriptive-only
E001-v2,tuning,E,e-s120-value-p1-b040-rejection128,tuning-grid-imbalanced-n4500,2026090604,900,900,0,3,53721.23437638546,48066.36759992383,0.0,0.0033333333333333335,0.0,inner-observed,descriptive-only
E001-v2,tuning,E,e-s120-value-p1-b040-rejection128,tuning-grid-imbalanced-n4500,2026090605,900,900,1,2,53721.23437638546,48066.36759992383,0.0011111111111111111,0.0022222222222222222,0.44736842105263164,inner-observed,descriptive-only
E001-v2,tuning,E,e-s120-value-p1-b040-rejection128,tuning-single-n500,,500,500,0,3,53721.23437638546,48066.36759992383,0.0,0.006,0.0,inner-observed,descriptive-only
E001-v2,tuning,E,e-s120-value-p1-b040-rejection128,tuning-single-n500,2026090601,100,100,0,2,53721.23437638546,48066.36759992383,0.0,0.02,0.0,inner-observed,descriptive-only
E001-v2,tuning,E,e-s120-value-p1-b040-rejection128,tuning-single-n500,2026090602,100,100,0,0,53721.23437638546,48066.36759992383,0.0,0.0,,empty-bands,descriptive-only
E001-v2,tuning,E,e-s120-value-p1-b040-rejection128,tuning-single-n500,2026090603,100,100,0,0,53721.23437638546,48066.36759992383,0.0,0.0,,empty-bands,descriptive-only
E001-v2,tuning,E,e-s120-value-p1-b040-rejection128,tuning-single-n500,2026090604,100,100,0,1,53721.23437638546,48066.36759992383,0.0,0.01,0.0,inner-observed,descriptive-only
E001-v2,tuning,E,e-s120-value-p1-b040-rejection128,tuning-single-n500,2026090605,100,100,0,0,53721.23437638546,48066.36759992383,0.0,0.0,,empty-bands,descriptive-only
E001-v2,tuning,E,e-s120-value-p1-b040-sir16,tuning-grid-imbalanced-n4500,,4500,4500,0,16,53721.23437638546,48066.36759992383,0.0,0.0035555555555555557,0.0,inner-observed,descriptive-only
E001-v2,tuning,E,e-s120-value-p1-b040-sir16,tuning-grid-imbalanced-n4500,2026090601,900,900,0,7,53721.23437638546,48066.36759992383,0.0,0.0077777777777777776,0.0,inner-observed,descriptive-only
E001-v2,tuning,E,e-s120-value-p1-b040-sir16,tuning-grid-imbalanced-n4500,2026090602,900,900,0,3,53721.23437638546,48066.36759992383,0.0,0.0033333333333333335,0.0,inner-observed,descriptive-only
E001-v2,tuning,E,e-s120-value-p1-b040-sir16,tuning-grid-imbalanced-n4500,2026090603,900,900,0,1,53721.23437638546,48066.36759992383,0.0,0.0011111111111111111,0.0,inner-observed,descriptive-only
E001-v2,tuning,E,e-s120-value-p1-b040-sir16,tuning-grid-imbalanced-n4500,2026090604,900,900,0,4,53721.23437638546,48066.36759992383,0.0,0.0044444444444444444,0.0,inner-observed,descriptive-only
E001-v2,tuning,E,e-s120-value-p1-b040-sir16,tuning-grid-imbalanced-n4500,2026090605,900,900,0,1,53721.23437638546,48066.36759992383,0.0,0.0011111111111111111,0.0,inner-observed,descriptive-only
E001-v2,tuning,E,e-s120-value-p1-b040-sir16,tuning-single-n500,,500,500,0,1,53721.23437638546,48066.36759992383,0.0,0.002,0.0,inner-observed,descriptive-only
E001-v2,tuning,E,e-s120-value-p1-b040-sir16,tuning-single-n500,2026090601,100,100,0,0,53721.23437638546,48066.36759992383,0.0,0.0,,empty-bands,descriptive-only
E001-v2,tuning,E,e-s120-value-p1-b040-sir16,tuning-single-n500,2026090602,100,100,0,1,53721.23437638546,48066.36759992383,0.0,0.01,0.0,inner-observed,descriptive-only
E001-v2,tuning,E,e-s120-value-p1-b040-sir16,tuning-single-n500,2026090603,100,100,0,0,53721.23437638546,48066.36759992383,0.0,0.0,,empty-bands,descriptive-only
E001-v2,tuning,E,e-s120-value-p1-b040-sir16,tuning-single-n500,2026090604,100,100,0,0,53721.23437638546,48066.36759992383,0.0,0.0,,empty-bands,descriptive-only
E001-v2,tuning,E,e-s120-value-p1-b040-sir16,tuning-single-n500,2026090605,100,100,0,0,53721.23437638546,48066.36759992383,0.0,0.0,,empty-bands,descriptive-only
E001-v2,tuning,E,e-s120-value-p1-b040-sir32,tuning-grid-imbalanced-n4500,,4500,4500,1,17,53721.23437638546,48066.36759992383,2.2222222222222223E-4,0.003777777777777778,0.052631578947368425,inner-observed,descriptive-only
E001-v2,tuning,E,e-s120-value-p1-b040-sir32,tuning-grid-imbalanced-n4500,2026090601,900,900,1,2,53721.23437638546,48066.36759992383,0.0011111111111111111,0.0022222222222222222,0.44736842105263164,inner-observed,descriptive-only
E001-v2,tuning,E,e-s120-value-p1-b040-sir32,tuning-grid-imbalanced-n4500,2026090602,900,900,0,3,53721.23437638546,48066.36759992383,0.0,0.0033333333333333335,0.0,inner-observed,descriptive-only
E001-v2,tuning,E,e-s120-value-p1-b040-sir32,tuning-grid-imbalanced-n4500,2026090603,900,900,0,4,53721.23437638546,48066.36759992383,0.0,0.0044444444444444444,0.0,inner-observed,descriptive-only
E001-v2,tuning,E,e-s120-value-p1-b040-sir32,tuning-grid-imbalanced-n4500,2026090604,900,900,0,6,53721.23437638546,48066.36759992383,0.0,0.006666666666666667,0.0,inner-observed,descriptive-only
E001-v2,tuning,E,e-s120-value-p1-b040-sir32,tuning-grid-imbalanced-n4500,2026090605,900,900,0,2,53721.23437638546,48066.36759992383,0.0,0.0022222222222222222,0.0,inner-observed,descriptive-only
E001-v2,tuning,E,e-s120-value-p1-b040-sir32,tuning-single-n500,,500,500,0,1,53721.23437638546,48066.36759992383,0.0,0.002,0.0,inner-observed,descriptive-only
E001-v2,tuning,E,e-s120-value-p1-b040-sir32,tuning-single-n500,2026090601,100,100,0,0,53721.23437638546,48066.36759992383,0.0,0.0,,empty-bands,descriptive-only
E001-v2,tuning,E,e-s120-value-p1-b040-sir32,tuning-single-n500,2026090602,100,100,0,0,53721.23437638546,48066.36759992383,0.0,0.0,,empty-bands,descriptive-only
E001-v2,tuning,E,e-s120-value-p1-b040-sir32,tuning-single-n500,2026090603,100,100,0,0,53721.23437638546,48066.36759992383,0.0,0.0,,empty-bands,descriptive-only
E001-v2,tuning,E,e-s120-value-p1-b040-sir32,tuning-single-n500,2026090604,100,100,0,1,53721.23437638546,48066.36759992383,0.0,0.01,0.0,inner-observed,descriptive-only
E001-v2,tuning,E,e-s120-value-p1-b040-sir32,tuning-single-n500,2026090605,100,100,0,0,53721.23437638546,48066.36759992383,0.0,0.0,,empty-bands,descriptive-only
E001-v2,tuning,E,e-s120-value-p1-b070-rejection128,tuning-grid-imbalanced-n4500,,4500,4500,0,16,53721.23437638546,48066.36759992383,0.0,0.0035555555555555557,0.0,inner-observed,descriptive-only
E001-v2,tuning,E,e-s120-value-p1-b070-rejection128,tuning-grid-imbalanced-n4500,2026090601,900,900,0,3,53721.23437638546,48066.36759992383,0.0,0.0033333333333333335,0.0,inner-observed,descriptive-only
E001-v2,tuning,E,e-s120-value-p1-b070-rejection128,tuning-grid-imbalanced-n4500,2026090602,900,900,0,2,53721.23437638546,48066.36759992383,0.0,0.0022222222222222222,0.0,inner-observed,descriptive-only
E001-v2,tuning,E,e-s120-value-p1-b070-rejection128,tuning-grid-imbalanced-n4500,2026090603,900,900,0,4,53721.23437638546,48066.36759992383,0.0,0.0044444444444444444,0.0,inner-observed,descriptive-only
E001-v2,tuning,E,e-s120-value-p1-b070-rejection128,tuning-grid-imbalanced-n4500,2026090604,900,900,0,4,53721.23437638546,48066.36759992383,0.0,0.0044444444444444444,0.0,inner-observed,descriptive-only
E001-v2,tuning,E,e-s120-value-p1-b070-rejection128,tuning-grid-imbalanced-n4500,2026090605,900,900,0,3,53721.23437638546,48066.36759992383,0.0,0.0033333333333333335,0.0,inner-observed,descriptive-only
E001-v2,tuning,E,e-s120-value-p1-b070-rejection128,tuning-single-n500,,500,500,0,4,53721.23437638546,48066.36759992383,0.0,0.008,0.0,inner-observed,descriptive-only
E001-v2,tuning,E,e-s120-value-p1-b070-rejection128,tuning-single-n500,2026090601,100,100,0,2,53721.23437638546,48066.36759992383,0.0,0.02,0.0,inner-observed,descriptive-only
E001-v2,tuning,E,e-s120-value-p1-b070-rejection128,tuning-single-n500,2026090602,100,100,0,0,53721.23437638546,48066.36759992383,0.0,0.0,,empty-bands,descriptive-only
E001-v2,tuning,E,e-s120-value-p1-b070-rejection128,tuning-single-n500,2026090603,100,100,0,0,53721.23437638546,48066.36759992383,0.0,0.0,,empty-bands,descriptive-only
E001-v2,tuning,E,e-s120-value-p1-b070-rejection128,tuning-single-n500,2026090604,100,100,0,1,53721.23437638546,48066.36759992383,0.0,0.01,0.0,inner-observed,descriptive-only
E001-v2,tuning,E,e-s120-value-p1-b070-rejection128,tuning-single-n500,2026090605,100,100,0,1,53721.23437638546,48066.36759992383,0.0,0.01,0.0,inner-observed,descriptive-only
E001-v2,tuning,E,e-s120-value-p1-b070-sir16,tuning-grid-imbalanced-n4500,,4500,4500,0,15,53721.23437638546,48066.36759992383,0.0,0.0033333333333333335,0.0,inner-observed,descriptive-only
E001-v2,tuning,E,e-s120-value-p1-b070-sir16,tuning-grid-imbalanced-n4500,2026090601,900,900,0,7,53721.23437638546,48066.36759992383,0.0,0.0077777777777777776,0.0,inner-observed,descriptive-only
E001-v2,tuning,E,e-s120-value-p1-b070-sir16,tuning-grid-imbalanced-n4500,2026090602,900,900,0,3,53721.23437638546,48066.36759992383,0.0,0.0033333333333333335,0.0,inner-observed,descriptive-only
E001-v2,tuning,E,e-s120-value-p1-b070-sir16,tuning-grid-imbalanced-n4500,2026090603,900,900,0,1,53721.23437638546,48066.36759992383,0.0,0.0011111111111111111,0.0,inner-observed,descriptive-only
E001-v2,tuning,E,e-s120-value-p1-b070-sir16,tuning-grid-imbalanced-n4500,2026090604,900,900,0,3,53721.23437638546,48066.36759992383,0.0,0.0033333333333333335,0.0,inner-observed,descriptive-only
E001-v2,tuning,E,e-s120-value-p1-b070-sir16,tuning-grid-imbalanced-n4500,2026090605,900,900,0,1,53721.23437638546,48066.36759992383,0.0,0.0011111111111111111,0.0,inner-observed,descriptive-only
E001-v2,tuning,E,e-s120-value-p1-b070-sir16,tuning-single-n500,,500,500,0,1,53721.23437638546,48066.36759992383,0.0,0.002,0.0,inner-observed,descriptive-only
E001-v2,tuning,E,e-s120-value-p1-b070-sir16,tuning-single-n500,2026090601,100,100,0,0,53721.23437638546,48066.36759992383,0.0,0.0,,empty-bands,descriptive-only
E001-v2,tuning,E,e-s120-value-p1-b070-sir16,tuning-single-n500,2026090602,100,100,0,1,53721.23437638546,48066.36759992383,0.0,0.01,0.0,inner-observed,descriptive-only
E001-v2,tuning,E,e-s120-value-p1-b070-sir16,tuning-single-n500,2026090603,100,100,0,0,53721.23437638546,48066.36759992383,0.0,0.0,,empty-bands,descriptive-only
E001-v2,tuning,E,e-s120-value-p1-b070-sir16,tuning-single-n500,2026090604,100,100,0,0,53721.23437638546,48066.36759992383,0.0,0.0,,empty-bands,descriptive-only
E001-v2,tuning,E,e-s120-value-p1-b070-sir16,tuning-single-n500,2026090605,100,100,0,0,53721.23437638546,48066.36759992383,0.0,0.0,,empty-bands,descriptive-only
E001-v2,tuning,E,e-s120-value-p1-b070-sir32,tuning-grid-imbalanced-n4500,,4500,4500,0,17,53721.23437638546,48066.36759992383,0.0,0.003777777777777778,0.0,inner-observed,descriptive-only
E001-v2,tuning,E,e-s120-value-p1-b070-sir32,tuning-grid-imbalanced-n4500,2026090601,900,900,0,3,53721.23437638546,48066.36759992383,0.0,0.0033333333333333335,0.0,inner-observed,descriptive-only
E001-v2,tuning,E,e-s120-value-p1-b070-sir32,tuning-grid-imbalanced-n4500,2026090602,900,900,0,3,53721.23437638546,48066.36759992383,0.0,0.0033333333333333335,0.0,inner-observed,descriptive-only
E001-v2,tuning,E,e-s120-value-p1-b070-sir32,tuning-grid-imbalanced-n4500,2026090603,900,900,0,4,53721.23437638546,48066.36759992383,0.0,0.0044444444444444444,0.0,inner-observed,descriptive-only
E001-v2,tuning,E,e-s120-value-p1-b070-sir32,tuning-grid-imbalanced-n4500,2026090604,900,900,0,5,53721.23437638546,48066.36759992383,0.0,0.005555555555555556,0.0,inner-observed,descriptive-only
E001-v2,tuning,E,e-s120-value-p1-b070-sir32,tuning-grid-imbalanced-n4500,2026090605,900,900,0,2,53721.23437638546,48066.36759992383,0.0,0.0022222222222222222,0.0,inner-observed,descriptive-only
E001-v2,tuning,E,e-s120-value-p1-b070-sir32,tuning-single-n500,,500,500,0,1,53721.23437638546,48066.36759992383,0.0,0.002,0.0,inner-observed,descriptive-only
E001-v2,tuning,E,e-s120-value-p1-b070-sir32,tuning-single-n500,2026090601,100,100,0,0,53721.23437638546,48066.36759992383,0.0,0.0,,empty-bands,descriptive-only
E001-v2,tuning,E,e-s120-value-p1-b070-sir32,tuning-single-n500,2026090602,100,100,0,0,53721.23437638546,48066.36759992383,0.0,0.0,,empty-bands,descriptive-only
E001-v2,tuning,E,e-s120-value-p1-b070-sir32,tuning-single-n500,2026090603,100,100,0,0,53721.23437638546,48066.36759992383,0.0,0.0,,empty-bands,descriptive-only
E001-v2,tuning,E,e-s120-value-p1-b070-sir32,tuning-single-n500,2026090604,100,100,0,1,53721.23437638546,48066.36759992383,0.0,0.01,0.0,inner-observed,descriptive-only
E001-v2,tuning,E,e-s120-value-p1-b070-sir32,tuning-single-n500,2026090605,100,100,0,0,53721.23437638546,48066.36759992383,0.0,0.0,,empty-bands,descriptive-only
E001-v2,tuning,E,e-s120-value-p1-b100-rejection128,tuning-grid-imbalanced-n4500,,4500,4500,0,15,53721.23437638546,48066.36759992383,0.0,0.0033333333333333335,0.0,inner-observed,descriptive-only
E001-v2,tuning,E,e-s120-value-p1-b100-rejection128,tuning-grid-imbalanced-n4500,2026090601,900,900,0,4,53721.23437638546,48066.36759992383,0.0,0.0044444444444444444,0.0,inner-observed,descriptive-only
E001-v2,tuning,E,e-s120-value-p1-b100-rejection128,tuning-grid-imbalanced-n4500,2026090602,900,900,0,2,53721.23437638546,48066.36759992383,0.0,0.0022222222222222222,0.0,inner-observed,descriptive-only
E001-v2,tuning,E,e-s120-value-p1-b100-rejection128,tuning-grid-imbalanced-n4500,2026090603,900,900,0,3,53721.23437638546,48066.36759992383,0.0,0.0033333333333333335,0.0,inner-observed,descriptive-only
E001-v2,tuning,E,e-s120-value-p1-b100-rejection128,tuning-grid-imbalanced-n4500,2026090604,900,900,0,3,53721.23437638546,48066.36759992383,0.0,0.0033333333333333335,0.0,inner-observed,descriptive-only
E001-v2,tuning,E,e-s120-value-p1-b100-rejection128,tuning-grid-imbalanced-n4500,2026090605,900,900,0,3,53721.23437638546,48066.36759992383,0.0,0.0033333333333333335,0.0,inner-observed,descriptive-only
E001-v2,tuning,E,e-s120-value-p1-b100-rejection128,tuning-single-n500,,500,500,0,4,53721.23437638546,48066.36759992383,0.0,0.008,0.0,inner-observed,descriptive-only
E001-v2,tuning,E,e-s120-value-p1-b100-rejection128,tuning-single-n500,2026090601,100,100,0,2,53721.23437638546,48066.36759992383,0.0,0.02,0.0,inner-observed,descriptive-only
E001-v2,tuning,E,e-s120-value-p1-b100-rejection128,tuning-single-n500,2026090602,100,100,0,0,53721.23437638546,48066.36759992383,0.0,0.0,,empty-bands,descriptive-only
E001-v2,tuning,E,e-s120-value-p1-b100-rejection128,tuning-single-n500,2026090603,100,100,0,0,53721.23437638546,48066.36759992383,0.0,0.0,,empty-bands,descriptive-only
E001-v2,tuning,E,e-s120-value-p1-b100-rejection128,tuning-single-n500,2026090604,100,100,0,1,53721.23437638546,48066.36759992383,0.0,0.01,0.0,inner-observed,descriptive-only
E001-v2,tuning,E,e-s120-value-p1-b100-rejection128,tuning-single-n500,2026090605,100,100,0,1,53721.23437638546,48066.36759992383,0.0,0.01,0.0,inner-observed,descriptive-only
E001-v2,tuning,E,e-s120-value-p1-b100-sir16,tuning-grid-imbalanced-n4500,,4500,4500,0,14,53721.23437638546,48066.36759992383,0.0,0.003111111111111111,0.0,inner-observed,descriptive-only
E001-v2,tuning,E,e-s120-value-p1-b100-sir16,tuning-grid-imbalanced-n4500,2026090601,900,900,0,7,53721.23437638546,48066.36759992383,0.0,0.0077777777777777776,0.0,inner-observed,descriptive-only
E001-v2,tuning,E,e-s120-value-p1-b100-sir16,tuning-grid-imbalanced-n4500,2026090602,900,900,0,3,53721.23437638546,48066.36759992383,0.0,0.0033333333333333335,0.0,inner-observed,descriptive-only
E001-v2,tuning,E,e-s120-value-p1-b100-sir16,tuning-grid-imbalanced-n4500,2026090603,900,900,0,1,53721.23437638546,48066.36759992383,0.0,0.0011111111111111111,0.0,inner-observed,descriptive-only
E001-v2,tuning,E,e-s120-value-p1-b100-sir16,tuning-grid-imbalanced-n4500,2026090604,900,900,0,2,53721.23437638546,48066.36759992383,0.0,0.0022222222222222222,0.0,inner-observed,descriptive-only
E001-v2,tuning,E,e-s120-value-p1-b100-sir16,tuning-grid-imbalanced-n4500,2026090605,900,900,0,1,53721.23437638546,48066.36759992383,0.0,0.0011111111111111111,0.0,inner-observed,descriptive-only
E001-v2,tuning,E,e-s120-value-p1-b100-sir16,tuning-single-n500,,500,500,0,1,53721.23437638546,48066.36759992383,0.0,0.002,0.0,inner-observed,descriptive-only
E001-v2,tuning,E,e-s120-value-p1-b100-sir16,tuning-single-n500,2026090601,100,100,0,0,53721.23437638546,48066.36759992383,0.0,0.0,,empty-bands,descriptive-only
E001-v2,tuning,E,e-s120-value-p1-b100-sir16,tuning-single-n500,2026090602,100,100,0,1,53721.23437638546,48066.36759992383,0.0,0.01,0.0,inner-observed,descriptive-only
E001-v2,tuning,E,e-s120-value-p1-b100-sir16,tuning-single-n500,2026090603,100,100,0,0,53721.23437638546,48066.36759992383,0.0,0.0,,empty-bands,descriptive-only
E001-v2,tuning,E,e-s120-value-p1-b100-sir16,tuning-single-n500,2026090604,100,100,0,0,53721.23437638546,48066.36759992383,0.0,0.0,,empty-bands,descriptive-only
E001-v2,tuning,E,e-s120-value-p1-b100-sir16,tuning-single-n500,2026090605,100,100,0,0,53721.23437638546,48066.36759992383,0.0,0.0,,empty-bands,descriptive-only
E001-v2,tuning,E,e-s120-value-p1-b100-sir32,tuning-grid-imbalanced-n4500,,4500,4500,0,16,53721.23437638546,48066.36759992383,0.0,0.0035555555555555557,0.0,inner-observed,descriptive-only
E001-v2,tuning,E,e-s120-value-p1-b100-sir32,tuning-grid-imbalanced-n4500,2026090601,900,900,0,4,53721.23437638546,48066.36759992383,0.0,0.0044444444444444444,0.0,inner-observed,descriptive-only
E001-v2,tuning,E,e-s120-value-p1-b100-sir32,tuning-grid-imbalanced-n4500,2026090602,900,900,0,3,53721.23437638546,48066.36759992383,0.0,0.0033333333333333335,0.0,inner-observed,descriptive-only
E001-v2,tuning,E,e-s120-value-p1-b100-sir32,tuning-grid-imbalanced-n4500,2026090603,900,900,0,3,53721.23437638546,48066.36759992383,0.0,0.0033333333333333335,0.0,inner-observed,descriptive-only
E001-v2,tuning,E,e-s120-value-p1-b100-sir32,tuning-grid-imbalanced-n4500,2026090604,900,900,0,4,53721.23437638546,48066.36759992383,0.0,0.0044444444444444444,0.0,inner-observed,descriptive-only
E001-v2,tuning,E,e-s120-value-p1-b100-sir32,tuning-grid-imbalanced-n4500,2026090605,900,900,0,2,53721.23437638546,48066.36759992383,0.0,0.0022222222222222222,0.0,inner-observed,descriptive-only
E001-v2,tuning,E,e-s120-value-p1-b100-sir32,tuning-single-n500,,500,500,0,1,53721.23437638546,48066.36759992383,0.0,0.002,0.0,inner-observed,descriptive-only
E001-v2,tuning,E,e-s120-value-p1-b100-sir32,tuning-single-n500,2026090601,100,100,0,0,53721.23437638546,48066.36759992383,0.0,0.0,,empty-bands,descriptive-only
E001-v2,tuning,E,e-s120-value-p1-b100-sir32,tuning-single-n500,2026090602,100,100,0,0,53721.23437638546,48066.36759992383,0.0,0.0,,empty-bands,descriptive-only
E001-v2,tuning,E,e-s120-value-p1-b100-sir32,tuning-single-n500,2026090603,100,100,0,0,53721.23437638546,48066.36759992383,0.0,0.0,,empty-bands,descriptive-only
E001-v2,tuning,E,e-s120-value-p1-b100-sir32,tuning-single-n500,2026090604,100,100,0,1,53721.23437638546,48066.36759992383,0.0,0.01,0.0,inner-observed,descriptive-only
E001-v2,tuning,E,e-s120-value-p1-b100-sir32,tuning-single-n500,2026090605,100,100,0,0,53721.23437638546,48066.36759992383,0.0,0.0,,empty-bands,descriptive-only
E001-v2,tuning,E,e-s120-value-p2-b040-rejection128,tuning-grid-imbalanced-n4500,,4500,4500,0,15,53721.23437638546,48066.36759992383,0.0,0.0033333333333333335,0.0,inner-observed,descriptive-only
E001-v2,tuning,E,e-s120-value-p2-b040-rejection128,tuning-grid-imbalanced-n4500,2026090601,900,900,0,3,53721.23437638546,48066.36759992383,0.0,0.0033333333333333335,0.0,inner-observed,descriptive-only
E001-v2,tuning,E,e-s120-value-p2-b040-rejection128,tuning-grid-imbalanced-n4500,2026090602,900,900,0,2,53721.23437638546,48066.36759992383,0.0,0.0022222222222222222,0.0,inner-observed,descriptive-only
E001-v2,tuning,E,e-s120-value-p2-b040-rejection128,tuning-grid-imbalanced-n4500,2026090603,900,900,0,4,53721.23437638546,48066.36759992383,0.0,0.0044444444444444444,0.0,inner-observed,descriptive-only
E001-v2,tuning,E,e-s120-value-p2-b040-rejection128,tuning-grid-imbalanced-n4500,2026090604,900,900,0,3,53721.23437638546,48066.36759992383,0.0,0.0033333333333333335,0.0,inner-observed,descriptive-only
E001-v2,tuning,E,e-s120-value-p2-b040-rejection128,tuning-grid-imbalanced-n4500,2026090605,900,900,0,3,53721.23437638546,48066.36759992383,0.0,0.0033333333333333335,0.0,inner-observed,descriptive-only
E001-v2,tuning,E,e-s120-value-p2-b040-rejection128,tuning-single-n500,,500,500,0,3,53721.23437638546,48066.36759992383,0.0,0.006,0.0,inner-observed,descriptive-only
E001-v2,tuning,E,e-s120-value-p2-b040-rejection128,tuning-single-n500,2026090601,100,100,0,2,53721.23437638546,48066.36759992383,0.0,0.02,0.0,inner-observed,descriptive-only
E001-v2,tuning,E,e-s120-value-p2-b040-rejection128,tuning-single-n500,2026090602,100,100,0,0,53721.23437638546,48066.36759992383,0.0,0.0,,empty-bands,descriptive-only
E001-v2,tuning,E,e-s120-value-p2-b040-rejection128,tuning-single-n500,2026090603,100,100,0,0,53721.23437638546,48066.36759992383,0.0,0.0,,empty-bands,descriptive-only
E001-v2,tuning,E,e-s120-value-p2-b040-rejection128,tuning-single-n500,2026090604,100,100,0,1,53721.23437638546,48066.36759992383,0.0,0.01,0.0,inner-observed,descriptive-only
E001-v2,tuning,E,e-s120-value-p2-b040-rejection128,tuning-single-n500,2026090605,100,100,0,0,53721.23437638546,48066.36759992383,0.0,0.0,,empty-bands,descriptive-only
E001-v2,tuning,E,e-s120-value-p2-b040-sir16,tuning-grid-imbalanced-n4500,,4500,4500,0,13,53721.23437638546,48066.36759992383,0.0,0.0028888888888888888,0.0,inner-observed,descriptive-only
E001-v2,tuning,E,e-s120-value-p2-b040-sir16,tuning-grid-imbalanced-n4500,2026090601,900,900,0,5,53721.23437638546,48066.36759992383,0.0,0.005555555555555556,0.0,inner-observed,descriptive-only
E001-v2,tuning,E,e-s120-value-p2-b040-sir16,tuning-grid-imbalanced-n4500,2026090602,900,900,0,3,53721.23437638546,48066.36759992383,0.0,0.0033333333333333335,0.0,inner-observed,descriptive-only
E001-v2,tuning,E,e-s120-value-p2-b040-sir16,tuning-grid-imbalanced-n4500,2026090603,900,900,0,0,53721.23437638546,48066.36759992383,0.0,0.0,,empty-bands,descriptive-only
E001-v2,tuning,E,e-s120-value-p2-b040-sir16,tuning-grid-imbalanced-n4500,2026090604,900,900,0,4,53721.23437638546,48066.36759992383,0.0,0.0044444444444444444,0.0,inner-observed,descriptive-only
E001-v2,tuning,E,e-s120-value-p2-b040-sir16,tuning-grid-imbalanced-n4500,2026090605,900,900,0,1,53721.23437638546,48066.36759992383,0.0,0.0011111111111111111,0.0,inner-observed,descriptive-only
E001-v2,tuning,E,e-s120-value-p2-b040-sir16,tuning-single-n500,,500,500,0,1,53721.23437638546,48066.36759992383,0.0,0.002,0.0,inner-observed,descriptive-only
E001-v2,tuning,E,e-s120-value-p2-b040-sir16,tuning-single-n500,2026090601,100,100,0,0,53721.23437638546,48066.36759992383,0.0,0.0,,empty-bands,descriptive-only
E001-v2,tuning,E,e-s120-value-p2-b040-sir16,tuning-single-n500,2026090602,100,100,0,1,53721.23437638546,48066.36759992383,0.0,0.01,0.0,inner-observed,descriptive-only
E001-v2,tuning,E,e-s120-value-p2-b040-sir16,tuning-single-n500,2026090603,100,100,0,0,53721.23437638546,48066.36759992383,0.0,0.0,,empty-bands,descriptive-only
E001-v2,tuning,E,e-s120-value-p2-b040-sir16,tuning-single-n500,2026090604,100,100,0,0,53721.23437638546,48066.36759992383,0.0,0.0,,empty-bands,descriptive-only
E001-v2,tuning,E,e-s120-value-p2-b040-sir16,tuning-single-n500,2026090605,100,100,0,0,53721.23437638546,48066.36759992383,0.0,0.0,,empty-bands,descriptive-only
E001-v2,tuning,E,e-s120-value-p2-b040-sir32,tuning-grid-imbalanced-n4500,,4500,4500,1,10,53721.23437638546,48066.36759992383,2.2222222222222223E-4,0.0022222222222222222,0.08947368421052633,inner-observed,descriptive-only
E001-v2,tuning,E,e-s120-value-p2-b040-sir32,tuning-grid-imbalanced-n4500,2026090601,900,900,1,2,53721.23437638546,48066.36759992383,0.0011111111111111111,0.0022222222222222222,0.44736842105263164,inner-observed,descriptive-only
E001-v2,tuning,E,e-s120-value-p2-b040-sir32,tuning-grid-imbalanced-n4500,2026090602,900,900,0,2,53721.23437638546,48066.36759992383,0.0,0.0022222222222222222,0.0,inner-observed,descriptive-only
E001-v2,tuning,E,e-s120-value-p2-b040-sir32,tuning-grid-imbalanced-n4500,2026090603,900,900,0,2,53721.23437638546,48066.36759992383,0.0,0.0022222222222222222,0.0,inner-observed,descriptive-only
E001-v2,tuning,E,e-s120-value-p2-b040-sir32,tuning-grid-imbalanced-n4500,2026090604,900,900,0,3,53721.23437638546,48066.36759992383,0.0,0.0033333333333333335,0.0,inner-observed,descriptive-only
E001-v2,tuning,E,e-s120-value-p2-b040-sir32,tuning-grid-imbalanced-n4500,2026090605,900,900,0,1,53721.23437638546,48066.36759992383,0.0,0.0011111111111111111,0.0,inner-observed,descriptive-only
E001-v2,tuning,E,e-s120-value-p2-b040-sir32,tuning-single-n500,,500,500,0,1,53721.23437638546,48066.36759992383,0.0,0.002,0.0,inner-observed,descriptive-only
E001-v2,tuning,E,e-s120-value-p2-b040-sir32,tuning-single-n500,2026090601,100,100,0,0,53721.23437638546,48066.36759992383,0.0,0.0,,empty-bands,descriptive-only
E001-v2,tuning,E,e-s120-value-p2-b040-sir32,tuning-single-n500,2026090602,100,100,0,0,53721.23437638546,48066.36759992383,0.0,0.0,,empty-bands,descriptive-only
E001-v2,tuning,E,e-s120-value-p2-b040-sir32,tuning-single-n500,2026090603,100,100,0,0,53721.23437638546,48066.36759992383,0.0,0.0,,empty-bands,descriptive-only
E001-v2,tuning,E,e-s120-value-p2-b040-sir32,tuning-single-n500,2026090604,100,100,0,1,53721.23437638546,48066.36759992383,0.0,0.01,0.0,inner-observed,descriptive-only
E001-v2,tuning,E,e-s120-value-p2-b040-sir32,tuning-single-n500,2026090605,100,100,0,0,53721.23437638546,48066.36759992383,0.0,0.0,,empty-bands,descriptive-only
E001-v2,tuning,E,e-s120-value-p2-b070-rejection128,tuning-grid-imbalanced-n4500,,4500,4500,0,15,53721.23437638546,48066.36759992383,0.0,0.0033333333333333335,0.0,inner-observed,descriptive-only
E001-v2,tuning,E,e-s120-value-p2-b070-rejection128,tuning-grid-imbalanced-n4500,2026090601,900,900,0,3,53721.23437638546,48066.36759992383,0.0,0.0033333333333333335,0.0,inner-observed,descriptive-only
E001-v2,tuning,E,e-s120-value-p2-b070-rejection128,tuning-grid-imbalanced-n4500,2026090602,900,900,0,2,53721.23437638546,48066.36759992383,0.0,0.0022222222222222222,0.0,inner-observed,descriptive-only
E001-v2,tuning,E,e-s120-value-p2-b070-rejection128,tuning-grid-imbalanced-n4500,2026090603,900,900,0,3,53721.23437638546,48066.36759992383,0.0,0.0033333333333333335,0.0,inner-observed,descriptive-only
E001-v2,tuning,E,e-s120-value-p2-b070-rejection128,tuning-grid-imbalanced-n4500,2026090604,900,900,0,4,53721.23437638546,48066.36759992383,0.0,0.0044444444444444444,0.0,inner-observed,descriptive-only
E001-v2,tuning,E,e-s120-value-p2-b070-rejection128,tuning-grid-imbalanced-n4500,2026090605,900,900,0,3,53721.23437638546,48066.36759992383,0.0,0.0033333333333333335,0.0,inner-observed,descriptive-only
E001-v2,tuning,E,e-s120-value-p2-b070-rejection128,tuning-single-n500,,500,500,0,4,53721.23437638546,48066.36759992383,0.0,0.008,0.0,inner-observed,descriptive-only
E001-v2,tuning,E,e-s120-value-p2-b070-rejection128,tuning-single-n500,2026090601,100,100,0,2,53721.23437638546,48066.36759992383,0.0,0.02,0.0,inner-observed,descriptive-only
E001-v2,tuning,E,e-s120-value-p2-b070-rejection128,tuning-single-n500,2026090602,100,100,0,0,53721.23437638546,48066.36759992383,0.0,0.0,,empty-bands,descriptive-only
E001-v2,tuning,E,e-s120-value-p2-b070-rejection128,tuning-single-n500,2026090603,100,100,0,0,53721.23437638546,48066.36759992383,0.0,0.0,,empty-bands,descriptive-only
E001-v2,tuning,E,e-s120-value-p2-b070-rejection128,tuning-single-n500,2026090604,100,100,0,1,53721.23437638546,48066.36759992383,0.0,0.01,0.0,inner-observed,descriptive-only
E001-v2,tuning,E,e-s120-value-p2-b070-rejection128,tuning-single-n500,2026090605,100,100,0,1,53721.23437638546,48066.36759992383,0.0,0.01,0.0,inner-observed,descriptive-only
E001-v2,tuning,E,e-s120-value-p2-b070-sir16,tuning-grid-imbalanced-n4500,,4500,4500,0,16,53721.23437638546,48066.36759992383,0.0,0.0035555555555555557,0.0,inner-observed,descriptive-only
E001-v2,tuning,E,e-s120-value-p2-b070-sir16,tuning-grid-imbalanced-n4500,2026090601,900,900,0,5,53721.23437638546,48066.36759992383,0.0,0.005555555555555556,0.0,inner-observed,descriptive-only
E001-v2,tuning,E,e-s120-value-p2-b070-sir16,tuning-grid-imbalanced-n4500,2026090602,900,900,0,3,53721.23437638546,48066.36759992383,0.0,0.0033333333333333335,0.0,inner-observed,descriptive-only
E001-v2,tuning,E,e-s120-value-p2-b070-sir16,tuning-grid-imbalanced-n4500,2026090603,900,900,0,1,53721.23437638546,48066.36759992383,0.0,0.0011111111111111111,0.0,inner-observed,descriptive-only
E001-v2,tuning,E,e-s120-value-p2-b070-sir16,tuning-grid-imbalanced-n4500,2026090604,900,900,0,4,53721.23437638546,48066.36759992383,0.0,0.0044444444444444444,0.0,inner-observed,descriptive-only
E001-v2,tuning,E,e-s120-value-p2-b070-sir16,tuning-grid-imbalanced-n4500,2026090605,900,900,0,3,53721.23437638546,48066.36759992383,0.0,0.0033333333333333335,0.0,inner-observed,descriptive-only
E001-v2,tuning,E,e-s120-value-p2-b070-sir16,tuning-single-n500,,500,500,0,1,53721.23437638546,48066.36759992383,0.0,0.002,0.0,inner-observed,descriptive-only
E001-v2,tuning,E,e-s120-value-p2-b070-sir16,tuning-single-n500,2026090601,100,100,0,0,53721.23437638546,48066.36759992383,0.0,0.0,,empty-bands,descriptive-only
E001-v2,tuning,E,e-s120-value-p2-b070-sir16,tuning-single-n500,2026090602,100,100,0,1,53721.23437638546,48066.36759992383,0.0,0.01,0.0,inner-observed,descriptive-only
E001-v2,tuning,E,e-s120-value-p2-b070-sir16,tuning-single-n500,2026090603,100,100,0,0,53721.23437638546,48066.36759992383,0.0,0.0,,empty-bands,descriptive-only
E001-v2,tuning,E,e-s120-value-p2-b070-sir16,tuning-single-n500,2026090604,100,100,0,0,53721.23437638546,48066.36759992383,0.0,0.0,,empty-bands,descriptive-only
E001-v2,tuning,E,e-s120-value-p2-b070-sir16,tuning-single-n500,2026090605,100,100,0,0,53721.23437638546,48066.36759992383,0.0,0.0,,empty-bands,descriptive-only
E001-v2,tuning,E,e-s120-value-p2-b070-sir32,tuning-grid-imbalanced-n4500,,4500,4500,1,10,53721.23437638546,48066.36759992383,2.2222222222222223E-4,0.0022222222222222222,0.08947368421052633,inner-observed,descriptive-only
E001-v2,tuning,E,e-s120-value-p2-b070-sir32,tuning-grid-imbalanced-n4500,2026090601,900,900,1,2,53721.23437638546,48066.36759992383,0.0011111111111111111,0.0022222222222222222,0.44736842105263164,inner-observed,descriptive-only
E001-v2,tuning,E,e-s120-value-p2-b070-sir32,tuning-grid-imbalanced-n4500,2026090602,900,900,0,2,53721.23437638546,48066.36759992383,0.0,0.0022222222222222222,0.0,inner-observed,descriptive-only
E001-v2,tuning,E,e-s120-value-p2-b070-sir32,tuning-grid-imbalanced-n4500,2026090603,900,900,0,2,53721.23437638546,48066.36759992383,0.0,0.0022222222222222222,0.0,inner-observed,descriptive-only
E001-v2,tuning,E,e-s120-value-p2-b070-sir32,tuning-grid-imbalanced-n4500,2026090604,900,900,0,3,53721.23437638546,48066.36759992383,0.0,0.0033333333333333335,0.0,inner-observed,descriptive-only
E001-v2,tuning,E,e-s120-value-p2-b070-sir32,tuning-grid-imbalanced-n4500,2026090605,900,900,0,1,53721.23437638546,48066.36759992383,0.0,0.0011111111111111111,0.0,inner-observed,descriptive-only
E001-v2,tuning,E,e-s120-value-p2-b070-sir32,tuning-single-n500,,500,500,0,1,53721.23437638546,48066.36759992383,0.0,0.002,0.0,inner-observed,descriptive-only
E001-v2,tuning,E,e-s120-value-p2-b070-sir32,tuning-single-n500,2026090601,100,100,0,0,53721.23437638546,48066.36759992383,0.0,0.0,,empty-bands,descriptive-only
E001-v2,tuning,E,e-s120-value-p2-b070-sir32,tuning-single-n500,2026090602,100,100,0,0,53721.23437638546,48066.36759992383,0.0,0.0,,empty-bands,descriptive-only
E001-v2,tuning,E,e-s120-value-p2-b070-sir32,tuning-single-n500,2026090603,100,100,0,0,53721.23437638546,48066.36759992383,0.0,0.0,,empty-bands,descriptive-only
E001-v2,tuning,E,e-s120-value-p2-b070-sir32,tuning-single-n500,2026090604,100,100,0,1,53721.23437638546,48066.36759992383,0.0,0.01,0.0,inner-observed,descriptive-only
E001-v2,tuning,E,e-s120-value-p2-b070-sir32,tuning-single-n500,2026090605,100,100,0,0,53721.23437638546,48066.36759992383,0.0,0.0,,empty-bands,descriptive-only
E001-v2,tuning,E,e-s120-value-p2-b100-rejection128,tuning-grid-imbalanced-n4500,,4500,4500,0,14,53721.23437638546,48066.36759992383,0.0,0.003111111111111111,0.0,inner-observed,descriptive-only
E001-v2,tuning,E,e-s120-value-p2-b100-rejection128,tuning-grid-imbalanced-n4500,2026090601,900,900,0,3,53721.23437638546,48066.36759992383,0.0,0.0033333333333333335,0.0,inner-observed,descriptive-only
E001-v2,tuning,E,e-s120-value-p2-b100-rejection128,tuning-grid-imbalanced-n4500,2026090602,900,900,0,3,53721.23437638546,48066.36759992383,0.0,0.0033333333333333335,0.0,inner-observed,descriptive-only
E001-v2,tuning,E,e-s120-value-p2-b100-rejection128,tuning-grid-imbalanced-n4500,2026090603,900,900,0,2,53721.23437638546,48066.36759992383,0.0,0.0022222222222222222,0.0,inner-observed,descriptive-only
E001-v2,tuning,E,e-s120-value-p2-b100-rejection128,tuning-grid-imbalanced-n4500,2026090604,900,900,0,3,53721.23437638546,48066.36759992383,0.0,0.0033333333333333335,0.0,inner-observed,descriptive-only
E001-v2,tuning,E,e-s120-value-p2-b100-rejection128,tuning-grid-imbalanced-n4500,2026090605,900,900,0,3,53721.23437638546,48066.36759992383,0.0,0.0033333333333333335,0.0,inner-observed,descriptive-only
E001-v2,tuning,E,e-s120-value-p2-b100-rejection128,tuning-single-n500,,500,500,0,4,53721.23437638546,48066.36759992383,0.0,0.008,0.0,inner-observed,descriptive-only
E001-v2,tuning,E,e-s120-value-p2-b100-rejection128,tuning-single-n500,2026090601,100,100,0,2,53721.23437638546,48066.36759992383,0.0,0.02,0.0,inner-observed,descriptive-only
E001-v2,tuning,E,e-s120-value-p2-b100-rejection128,tuning-single-n500,2026090602,100,100,0,0,53721.23437638546,48066.36759992383,0.0,0.0,,empty-bands,descriptive-only
E001-v2,tuning,E,e-s120-value-p2-b100-rejection128,tuning-single-n500,2026090603,100,100,0,0,53721.23437638546,48066.36759992383,0.0,0.0,,empty-bands,descriptive-only
E001-v2,tuning,E,e-s120-value-p2-b100-rejection128,tuning-single-n500,2026090604,100,100,0,1,53721.23437638546,48066.36759992383,0.0,0.01,0.0,inner-observed,descriptive-only
E001-v2,tuning,E,e-s120-value-p2-b100-rejection128,tuning-single-n500,2026090605,100,100,0,1,53721.23437638546,48066.36759992383,0.0,0.01,0.0,inner-observed,descriptive-only
E001-v2,tuning,E,e-s120-value-p2-b100-sir16,tuning-grid-imbalanced-n4500,,4500,4500,0,17,53721.23437638546,48066.36759992383,0.0,0.003777777777777778,0.0,inner-observed,descriptive-only
E001-v2,tuning,E,e-s120-value-p2-b100-sir16,tuning-grid-imbalanced-n4500,2026090601,900,900,0,5,53721.23437638546,48066.36759992383,0.0,0.005555555555555556,0.0,inner-observed,descriptive-only
E001-v2,tuning,E,e-s120-value-p2-b100-sir16,tuning-grid-imbalanced-n4500,2026090602,900,900,0,3,53721.23437638546,48066.36759992383,0.0,0.0033333333333333335,0.0,inner-observed,descriptive-only
E001-v2,tuning,E,e-s120-value-p2-b100-sir16,tuning-grid-imbalanced-n4500,2026090603,900,900,0,1,53721.23437638546,48066.36759992383,0.0,0.0011111111111111111,0.0,inner-observed,descriptive-only
E001-v2,tuning,E,e-s120-value-p2-b100-sir16,tuning-grid-imbalanced-n4500,2026090604,900,900,0,4,53721.23437638546,48066.36759992383,0.0,0.0044444444444444444,0.0,inner-observed,descriptive-only
E001-v2,tuning,E,e-s120-value-p2-b100-sir16,tuning-grid-imbalanced-n4500,2026090605,900,900,0,4,53721.23437638546,48066.36759992383,0.0,0.0044444444444444444,0.0,inner-observed,descriptive-only
E001-v2,tuning,E,e-s120-value-p2-b100-sir16,tuning-single-n500,,500,500,0,1,53721.23437638546,48066.36759992383,0.0,0.002,0.0,inner-observed,descriptive-only
E001-v2,tuning,E,e-s120-value-p2-b100-sir16,tuning-single-n500,2026090601,100,100,0,0,53721.23437638546,48066.36759992383,0.0,0.0,,empty-bands,descriptive-only
E001-v2,tuning,E,e-s120-value-p2-b100-sir16,tuning-single-n500,2026090602,100,100,0,1,53721.23437638546,48066.36759992383,0.0,0.01,0.0,inner-observed,descriptive-only
E001-v2,tuning,E,e-s120-value-p2-b100-sir16,tuning-single-n500,2026090603,100,100,0,0,53721.23437638546,48066.36759992383,0.0,0.0,,empty-bands,descriptive-only
E001-v2,tuning,E,e-s120-value-p2-b100-sir16,tuning-single-n500,2026090604,100,100,0,0,53721.23437638546,48066.36759992383,0.0,0.0,,empty-bands,descriptive-only
E001-v2,tuning,E,e-s120-value-p2-b100-sir16,tuning-single-n500,2026090605,100,100,0,0,53721.23437638546,48066.36759992383,0.0,0.0,,empty-bands,descriptive-only
E001-v2,tuning,E,e-s120-value-p2-b100-sir32,tuning-grid-imbalanced-n4500,,4500,4500,1,12,53721.23437638546,48066.36759992383,2.2222222222222223E-4,0.0026666666666666666,0.07456140350877193,inner-observed,descriptive-only
E001-v2,tuning,E,e-s120-value-p2-b100-sir32,tuning-grid-imbalanced-n4500,2026090601,900,900,1,2,53721.23437638546,48066.36759992383,0.0011111111111111111,0.0022222222222222222,0.44736842105263164,inner-observed,descriptive-only
E001-v2,tuning,E,e-s120-value-p2-b100-sir32,tuning-grid-imbalanced-n4500,2026090602,900,900,0,2,53721.23437638546,48066.36759992383,0.0,0.0022222222222222222,0.0,inner-observed,descriptive-only
E001-v2,tuning,E,e-s120-value-p2-b100-sir32,tuning-grid-imbalanced-n4500,2026090603,900,900,0,4,53721.23437638546,48066.36759992383,0.0,0.0044444444444444444,0.0,inner-observed,descriptive-only
E001-v2,tuning,E,e-s120-value-p2-b100-sir32,tuning-grid-imbalanced-n4500,2026090604,900,900,0,3,53721.23437638546,48066.36759992383,0.0,0.0033333333333333335,0.0,inner-observed,descriptive-only
E001-v2,tuning,E,e-s120-value-p2-b100-sir32,tuning-grid-imbalanced-n4500,2026090605,900,900,0,1,53721.23437638546,48066.36759992383,0.0,0.0011111111111111111,0.0,inner-observed,descriptive-only
E001-v2,tuning,E,e-s120-value-p2-b100-sir32,tuning-single-n500,,500,500,0,0,53721.23437638546,48066.36759992383,0.0,0.0,,empty-bands,descriptive-only
E001-v2,tuning,E,e-s120-value-p2-b100-sir32,tuning-single-n500,2026090601,100,100,0,0,53721.23437638546,48066.36759992383,0.0,0.0,,empty-bands,descriptive-only
E001-v2,tuning,E,e-s120-value-p2-b100-sir32,tuning-single-n500,2026090602,100,100,0,0,53721.23437638546,48066.36759992383,0.0,0.0,,empty-bands,descriptive-only
E001-v2,tuning,E,e-s120-value-p2-b100-sir32,tuning-single-n500,2026090603,100,100,0,0,53721.23437638546,48066.36759992383,0.0,0.0,,empty-bands,descriptive-only
E001-v2,tuning,E,e-s120-value-p2-b100-sir32,tuning-single-n500,2026090604,100,100,0,0,53721.23437638546,48066.36759992383,0.0,0.0,,empty-bands,descriptive-only
E001-v2,tuning,E,e-s120-value-p2-b100-sir32,tuning-single-n500,2026090605,100,100,0,0,53721.23437638546,48066.36759992383,0.0,0.0,,empty-bands,descriptive-only
