protocol_version,phase,model_id,parameter_set_id,scenario_id,sample_seed,metric_id,statistic,value,unit,status
E001-v2,calibration,E,e-s120-gradient-p1-b040-rejection128,field-calibration-cal-41x41,,logIntensityStd,value,0.06760001935099436,ratio,valid
E001-v2,calibration,E,e-s120-gradient-p1-b040-sir16,field-calibration-cal-41x41,,logIntensityStd,value,0.06760001935099436,ratio,valid
E001-v2,calibration,E,e-s120-gradient-p1-b040-sir32,field-calibration-cal-41x41,,logIntensityStd,value,0.06760001935099436,ratio,valid
E001-v2,calibration,E,e-s120-gradient-p1-b070-rejection128,field-calibration-cal-41x41,,logIntensityStd,value,0.11830003386423998,ratio,valid
E001-v2,calibration,E,e-s120-gradient-p1-b070-sir16,field-calibration-cal-41x41,,logIntensityStd,value,0.11830003386423998,ratio,valid
E001-v2,calibration,E,e-s120-gradient-p1-b070-sir32,field-calibration-cal-41x41,,logIntensityStd,value,0.11830003386423998,ratio,valid
E001-v2,calibration,E,e-s120-gradient-p1-b100-rejection128,field-calibration-cal-41x41,,logIntensityStd,value,0.16900004837748606,ratio,valid
E001-v2,calibration,E,e-s120-gradient-p1-b100-sir16,field-calibration-cal-41x41,,logIntensityStd,value,0.16900004837748606,ratio,valid
E001-v2,calibration,E,e-s120-gradient-p1-b100-sir32,field-calibration-cal-41x41,,logIntensityStd,value,0.16900004837748606,ratio,valid
E001-v2,calibration,E,e-s120-gradient-p2-b040-rejection128,field-calibration-cal-41x41,,logIntensityStd,value,0.07066421915354314,ratio,valid
E001-v2,calibration,E,e-s120-gradient-p2-b040-sir16,field-calibration-cal-41x41,,logIntensityStd,value,0.07066421915354314,ratio,valid
E001-v2,calibration,E,e-s120-gradient-p2-b040-sir32,field-calibration-cal-41x41,,logIntensityStd,value,0.07066421915354314,ratio,valid
E001-v2,calibration,E,e-s120-gradient-p2-b070-rejection128,field-calibration-cal-41x41,,logIntensityStd,value,0.12366238351870046,ratio,valid
E001-v2,calibration,E,e-s120-gradient-p2-b070-sir16,field-calibration-cal-41x41,,logIntensityStd,value,0.12366238351870046,ratio,valid
E001-v2,calibration,E,e-s120-gradient-p2-b070-sir32,field-calibration-cal-41x41,,logIntensityStd,value,0.12366238351870046,ratio,valid
E001-v2,calibration,E,e-s120-gradient-p2-b100-rejection128,field-calibration-cal-41x41,,logIntensityStd,value,0.1766605478838578,ratio,valid
E001-v2,calibration,E,e-s120-gradient-p2-b100-sir16,field-calibration-cal-41x41,,logIntensityStd,value,0.1766605478838578,ratio,valid
E001-v2,calibration,E,e-s120-gradient-p2-b100-sir32,field-calibration-cal-41x41,,logIntensityStd,value,0.1766605478838578,ratio,valid
E001-v2,calibration,E,e-s120-value-p1-b040-rejection128,field-calibration-cal-41x41,,logIntensityStd,value,0.08031614333375463,ratio,valid
E001-v2,calibration,E,e-s120-value-p1-b040-sir16,field-calibration-cal-41x41,,logIntensityStd,value,0.08031614333375463,ratio,valid
E001-v2,calibration,E,e-s120-value-p1-b040-sir32,field-calibration-cal-41x41,,logIntensityStd,value,0.08031614333375463,ratio,valid
E001-v2,calibration,E,e-s120-value-p1-b070-rejection128,field-calibration-cal-41x41,,logIntensityStd,value,0.14055325083407055,ratio,valid
E001-v2,calibration,E,e-s120-value-p1-b070-sir16,field-calibration-cal-41x41,,logIntensityStd,value,0.14055325083407055,ratio,valid
E001-v2,calibration,E,e-s120-value-p1-b070-sir32,field-calibration-cal-41x41,,logIntensityStd,value,0.14055325083407055,ratio,valid
E001-v2,calibration,E,e-s120-value-p1-b100-rejection128,field-calibration-cal-41x41,,logIntensityStd,value,0.20079035833438655,ratio,valid
E001-v2,calibration,E,e-s120-value-p1-b100-sir16,field-calibration-cal-41x41,,logIntensityStd,value,0.20079035833438655,ratio,valid
E001-v2,calibration,E,e-s120-value-p1-b100-sir32,field-calibration-cal-41x41,,logIntensityStd,value,0.20079035833438655,ratio,valid
E001-v2,calibration,E,e-s120-value-p2-b040-rejection128,field-calibration-cal-41x41,,logIntensityStd,value,0.08028603100621697,ratio,valid
E001-v2,calibration,E,e-s120-value-p2-b040-sir16,field-calibration-cal-41x41,,logIntensityStd,value,0.08028603100621697,ratio,valid
E001-v2,calibration,E,e-s120-value-p2-b040-sir32,field-calibration-cal-41x41,,logIntensityStd,value,0.08028603100621697,ratio,valid
E001-v2,calibration,E,e-s120-value-p2-b070-rejection128,field-calibration-cal-41x41,,logIntensityStd,value,0.1405005542608795,ratio,valid
E001-v2,calibration,E,e-s120-value-p2-b070-sir16,field-calibration-cal-41x41,,logIntensityStd,value,0.1405005542608795,ratio,valid
E001-v2,calibration,E,e-s120-value-p2-b070-sir32,field-calibration-cal-41x41,,logIntensityStd,value,0.1405005542608795,ratio,valid
E001-v2,calibration,E,e-s120-value-p2-b100-rejection128,field-calibration-cal-41x41,,logIntensityStd,value,0.20071507751554218,ratio,valid
E001-v2,calibration,E,e-s120-value-p2-b100-sir16,field-calibration-cal-41x41,,logIntensityStd,value,0.20071507751554218,ratio,valid
E001-v2,calibration,E,e-s120-value-p2-b100-sir32,field-calibration-cal-41x41,,logIntensityStd,value,0.20071507751554218,ratio,valid
E001-v2,confirmation,A,a-square-300,confirmation-grid-equal-n500-per-center,,a4,max,0.13170534211699425,ratio,valid
E001-v2,confirmation,A,a-square-300,confirmation-grid-equal-n500-per-center,,a4,median,0.12624851832409162,ratio,valid
E001-v2,confirmation,A,a-square-300,confirmation-grid-equal-n500-per-center,,a4,min,0.12009740460215668,ratio,valid
E001-v2,confirmation,A,a-square-300,confirmation-grid-equal-n500-per-center,,hotspot50,cv,0.9555117302611552,ratio,valid
E001-v2,confirmation,A,a-square-300,confirmation-grid-equal-n500-per-center,,hotspot50,max,29.0,count,valid
E001-v2,confirmation,A,a-square-300,confirmation-grid-equal-n500-per-center,,hotspot50,p99,23.0,count,valid
E001-v2,confirmation,A,a-square-300,confirmation-grid-equal-n500-per-center,,neighbors10,value,1.7044444444444444,count,valid
E001-v2,confirmation,A,a-square-300,confirmation-grid-equal-n500-per-center,,proximity16,value,0.9891111111111112,ratio,valid
E001-v2,confirmation,A,a-square-300,confirmation-grid-equal-n500-per-center,,proximity24,value,1.0,ratio,valid
E001-v2,confirmation,A,a-square-300,confirmation-grid-equal-n500-per-center,,proximity8,value,0.6695555555555556,ratio,valid
E001-v2,confirmation,A,a-square-300,confirmation-grid-equal-n500-per-center,,radius,max.max,210.5794193366978,m,valid
E001-v2,confirmation,A,a-square-300,confirmation-grid-equal-n500-per-center,,radius,max.median,207.2813418918365,m,valid
E001-v2,confirmation,A,a-square-300,confirmation-grid-equal-n500-per-center,,radius,max.min,205.69679853942492,m,valid
E001-v2,confirmation,A,a-square-300,confirmation-grid-equal-n500-per-center,,radius,p50.max,122.12505110690452,m,valid
E001-v2,confirmation,A,a-square-300,confirmation-grid-equal-n500-per-center,,radius,p50.median,117.7981130307311,m,valid
E001-v2,confirmation,A,a-square-300,confirmation-grid-equal-n500-per-center,,radius,p50.min,114.75573326556024,m,valid
E001-v2,confirmation,A,a-square-300,confirmation-grid-equal-n500-per-center,,radius,p95.max,181.71566125789218,m,valid
E001-v2,confirmation,A,a-square-300,confirmation-grid-equal-n500-per-center,,radius,p95.median,178.15602273160022,m,valid
E001-v2,confirmation,A,a-square-300,confirmation-grid-equal-n500-per-center,,radius,p95.min,176.69365634465652,m,valid
E001-v2,confirmation,A,a-square-300,confirmation-grid-equal-n500-per-center,,radius,p99.max,200.42330335854152,m,valid
E001-v2,confirmation,A,a-square-300,confirmation-grid-equal-n500-per-center,,radius,p99.median,197.5036527994435,m,valid
E001-v2,confirmation,A,a-square-300,confirmation-grid-equal-n500-per-center,,radius,p99.min,192.79101039634938,m,valid
E001-v2,confirmation,A,a-square-300,confirmation-grid-equal-n500-per-center,,radius,violations.max,0.0,count,valid
E001-v2,confirmation,A,a-square-300,confirmation-grid-equal-n500-per-center,,radius,violations.median,0.0,count,valid
E001-v2,confirmation,A,a-square-300,confirmation-grid-equal-n500-per-center,,radius,violations.min,0.0,count,valid
E001-v2,confirmation,A,a-square-300,confirmation-grid-equal-n500-per-center,,samplerFailureCount,value,0.0,count,valid
E001-v2,confirmation,A,a-square-300,confirmation-grid-equal-n500-per-center,,seam300,max,0.42785380688606495,ratio,valid
E001-v2,confirmation,A,a-square-300,confirmation-grid-equal-n500-per-center,,seam300,median,0.2981148932368445,ratio,valid
E001-v2,confirmation,A,a-square-300,confirmation-grid-equal-n500-per-center,,seam300,min,0.20114942528735633,ratio,valid
E001-v2,confirmation,A,a-square-300,confirmation-grid-equal-n500-per-center,2026090601,a4,value,0.13170534211699425,ratio,valid
E001-v2,confirmation,A,a-square-300,confirmation-grid-equal-n500-per-center,2026090601,radius,max,206.60083297964175,m,valid
E001-v2,confirmation,A,a-square-300,confirmation-grid-equal-n500-per-center,2026090601,radius,p50,122.12505110690452,m,valid
E001-v2,confirmation,A,a-square-300,confirmation-grid-equal-n500-per-center,2026090601,radius,p95,181.71566125789218,m,valid
E001-v2,confirmation,A,a-square-300,confirmation-grid-equal-n500-per-center,2026090601,radius,p99,200.42330335854152,m,valid
E001-v2,confirmation,A,a-square-300,confirmation-grid-equal-n500-per-center,2026090601,radius,violations,0.0,count,valid
E001-v2,confirmation,A,a-square-300,confirmation-grid-equal-n500-per-center,2026090601,seam300,value,0.2981148932368445,ratio,valid
E001-v2,confirmation,A,a-square-300,confirmation-grid-equal-n500-per-center,2026090602,a4,value,0.12624851832409162,ratio,valid
E001-v2,confirmation,A,a-square-300,confirmation-grid-equal-n500-per-center,2026090602,radius,max,208.57173015569617,m,valid
E001-v2,confirmation,A,a-square-300,confirmation-grid-equal-n500-per-center,2026090602,radius,p50,114.75573326556024,m,valid
E001-v2,confirmation,A,a-square-300,confirmation-grid-equal-n500-per-center,2026090602,radius,p95,176.69365634465652,m,valid
E001-v2,confirmation,A,a-square-300,confirmation-grid-equal-n500-per-center,2026090602,radius,p99,192.79101039634938,m,valid
E001-v2,confirmation,A,a-square-300,confirmation-grid-equal-n500-per-center,2026090602,radius,violations,0.0,count,valid
E001-v2,confirmation,A,a-square-300,confirmation-grid-equal-n500-per-center,2026090602,seam300,value,0.20114942528735633,ratio,valid
E001-v2,confirmation,A,a-square-300,confirmation-grid-equal-n500-per-center,2026090603,a4,value,0.12171242925574631,ratio,valid
E001-v2,confirmation,A,a-square-300,confirmation-grid-equal-n500-per-center,2026090603,radius,max,207.2813418918365,m,valid
E001-v2,confirmation,A,a-square-300,confirmation-grid-equal-n500-per-center,2026090603,radius,p50,116.83966854582161,m,valid
E001-v2,confirmation,A,a-square-300,confirmation-grid-equal-n500-per-center,2026090603,radius,p95,178.15602273160022,m,valid
E001-v2,confirmation,A,a-square-300,confirmation-grid-equal-n500-per-center,2026090603,radius,p99,195.75711376534744,m,valid
E001-v2,confirmation,A,a-square-300,confirmation-grid-equal-n500-per-center,2026090603,radius,violations,0.0,count,valid
E001-v2,confirmation,A,a-square-300,confirmation-grid-equal-n500-per-center,2026090603,seam300,value,0.37596525096525096,ratio,valid
E001-v2,confirmation,A,a-square-300,confirmation-grid-equal-n500-per-center,2026090604,a4,value,0.12009740460215668,ratio,valid
E001-v2,confirmation,A,a-square-300,confirmation-grid-equal-n500-per-center,2026090604,radius,max,205.69679853942492,m,valid
E001-v2,confirmation,A,a-square-300,confirmation-grid-equal-n500-per-center,2026090604,radius,p50,117.7981130307311,m,valid
E001-v2,confirmation,A,a-square-300,confirmation-grid-equal-n500-per-center,2026090604,radius,p95,177.59972724038704,m,valid
E001-v2,confirmation,A,a-square-300,confirmation-grid-equal-n500-per-center,2026090604,radius,p99,197.5036527994435,m,valid
E001-v2,confirmation,A,a-square-300,confirmation-grid-equal-n500-per-center,2026090604,radius,violations,0.0,count,valid
E001-v2,confirmation,A,a-square-300,confirmation-grid-equal-n500-per-center,2026090604,seam300,value,0.42785380688606495,ratio,valid
E001-v2,confirmation,A,a-square-300,confirmation-grid-equal-n500-per-center,2026090605,a4,value,0.13099095610669234,ratio,valid
E001-v2,confirmation,A,a-square-300,confirmation-grid-equal-n500-per-center,2026090605,radius,max,210.5794193366978,m,valid
E001-v2,confirmation,A,a-square-300,confirmation-grid-equal-n500-per-center,2026090605,radius,p50,118.90433650586485,m,valid
E001-v2,confirmation,A,a-square-300,confirmation-grid-equal-n500-per-center,2026090605,radius,p95,179.7204431942845,m,valid
E001-v2,confirmation,A,a-square-300,confirmation-grid-equal-n500-per-center,2026090605,radius,p99,198.6680374348204,m,valid
E001-v2,confirmation,A,a-square-300,confirmation-grid-equal-n500-per-center,2026090605,radius,violations,0.0,count,valid
E001-v2,confirmation,A,a-square-300,confirmation-grid-equal-n500-per-center,2026090605,seam300,value,0.25660606619908943,ratio,valid
E001-v2,confirmation,A,a-square-300,confirmation-grid-equal-n5000-per-center,,a4,max,0.14975567375310322,ratio,valid
E001-v2,confirmation,A,a-square-300,confirmation-grid-equal-n5000-per-center,,a4,median,0.1406528152970343,ratio,valid
E001-v2,confirmation,A,a-square-300,confirmation-grid-equal-n5000-per-center,,a4,min,0.13638514142386746,ratio,valid
E001-v2,confirmation,A,a-square-300,confirmation-grid-equal-n5000-per-center,,hotspot50,cv,0.890240057512579,ratio,valid
E001-v2,confirmation,A,a-square-300,confirmation-grid-equal-n5000-per-center,,hotspot50,max,180.0,count,valid
E001-v2,confirmation,A,a-square-300,confirmation-grid-equal-n5000-per-center,,hotspot50,p99,165.0,count,valid
E001-v2,confirmation,A,a-square-300,confirmation-grid-equal-n5000-per-center,,neighbors10,value,17.3352,count,valid
E001-v2,confirmation,A,a-square-300,confirmation-grid-equal-n5000-per-center,,proximity16,value,1.0,ratio,valid
E001-v2,confirmation,A,a-square-300,confirmation-grid-equal-n5000-per-center,,proximity24,value,1.0,ratio,valid
E001-v2,confirmation,A,a-square-300,confirmation-grid-equal-n5000-per-center,,proximity8,value,0.9999555555555556,ratio,valid
E001-v2,confirmation,A,a-square-300,confirmation-grid-equal-n5000-per-center,,radius,max.max,211.44624808501123,m,valid
E001-v2,confirmation,A,a-square-300,confirmation-grid-equal-n5000-per-center,,radius,max.median,211.32271383953477,m,valid
E001-v2,confirmation,A,a-square-300,confirmation-grid-equal-n5000-per-center,,radius,max.min,209.64036846861063,m,valid
E001-v2,confirmation,A,a-square-300,confirmation-grid-equal-n5000-per-center,,radius,p50.max,120.36035129448112,m,valid
E001-v2,confirmation,A,a-square-300,confirmation-grid-equal-n5000-per-center,,radius,p50.median,119.24577599787803,m,valid
E001-v2,confirmation,A,a-square-300,confirmation-grid-equal-n5000-per-center,,radius,p50.min,119.08357724574597,m,valid
E001-v2,confirmation,A,a-square-300,confirmation-grid-equal-n5000-per-center,,radius,p95.max,180.68919752120001,m,valid
E001-v2,confirmation,A,a-square-300,confirmation-grid-equal-n5000-per-center,,radius,p95.median,179.11685045150176,m,valid
E001-v2,confirmation,A,a-square-300,confirmation-grid-equal-n5000-per-center,,radius,p95.min,178.34768602831105,m,valid
E001-v2,confirmation,A,a-square-300,confirmation-grid-equal-n5000-per-center,,radius,p99.max,199.50060017748916,m,valid
E001-v2,confirmation,A,a-square-300,confirmation-grid-equal-n5000-per-center,,radius,p99.median,197.09095655741152,m,valid
E001-v2,confirmation,A,a-square-300,confirmation-grid-equal-n5000-per-center,,radius,p99.min,196.89268405067926,m,valid
E001-v2,confirmation,A,a-square-300,confirmation-grid-equal-n5000-per-center,,radius,violations.max,0.0,count,valid
E001-v2,confirmation,A,a-square-300,confirmation-grid-equal-n5000-per-center,,radius,violations.median,0.0,count,valid
E001-v2,confirmation,A,a-square-300,confirmation-grid-equal-n5000-per-center,,radius,violations.min,0.0,count,valid
E001-v2,confirmation,A,a-square-300,confirmation-grid-equal-n5000-per-center,,samplerFailureCount,value,0.0,count,valid
E001-v2,confirmation,A,a-square-300,confirmation-grid-equal-n5000-per-center,,seam300,max,0.12783330978064597,ratio,valid
E001-v2,confirmation,A,a-square-300,confirmation-grid-equal-n5000-per-center,,seam300,median,0.0766169972147759,ratio,valid
E001-v2,confirmation,A,a-square-300,confirmation-grid-equal-n5000-per-center,,seam300,min,0.07401949423040491,ratio,valid
E001-v2,confirmation,A,a-square-300,confirmation-grid-equal-n5000-per-center,2026090601,a4,value,0.1482993472789436,ratio,valid
E001-v2,confirmation,A,a-square-300,confirmation-grid-equal-n5000-per-center,2026090601,radius,max,211.44624808501123,m,valid
E001-v2,confirmation,A,a-square-300,confirmation-grid-equal-n5000-per-center,2026090601,radius,p50,120.36035129448112,m,valid
E001-v2,confirmation,A,a-square-300,confirmation-grid-equal-n5000-per-center,2026090601,radius,p95,180.68919752120001,m,valid
E001-v2,confirmation,A,a-square-300,confirmation-grid-equal-n5000-per-center,2026090601,radius,p99,197.09095655741152,m,valid
E001-v2,confirmation,A,a-square-300,confirmation-grid-equal-n5000-per-center,2026090601,radius,violations,0.0,count,valid
E001-v2,confirmation,A,a-square-300,confirmation-grid-equal-n5000-per-center,2026090601,seam300,value,0.07401949423040491,ratio,valid
E001-v2,confirmation,A,a-square-300,confirmation-grid-equal-n5000-per-center,2026090602,a4,value,0.13638514142386746,ratio,valid
E001-v2,confirmation,A,a-square-300,confirmation-grid-equal-n5000-per-center,2026090602,radius,max,211.37750020022557,m,valid
E001-v2,confirmation,A,a-square-300,confirmation-grid-equal-n5000-per-center,2026090602,radius,p50,119.15057688922946,m,valid
E001-v2,confirmation,A,a-square-300,confirmation-grid-equal-n5000-per-center,2026090602,radius,p95,179.46130267245888,m,valid
E001-v2,confirmation,A,a-square-300,confirmation-grid-equal-n5000-per-center,2026090602,radius,p99,197.15879929158885,m,valid
E001-v2,confirmation,A,a-square-300,confirmation-grid-equal-n5000-per-center,2026090602,radius,violations,0.0,count,valid
E001-v2,confirmation,A,a-square-300,confirmation-grid-equal-n5000-per-center,2026090602,seam300,value,0.0766169972147759,ratio,valid
E001-v2,confirmation,A,a-square-300,confirmation-grid-equal-n5000-per-center,2026090603,a4,value,0.14975567375310322,ratio,valid
E001-v2,confirmation,A,a-square-300,confirmation-grid-equal-n5000-per-center,2026090603,radius,max,209.64036846861063,m,valid
E001-v2,confirmation,A,a-square-300,confirmation-grid-equal-n5000-per-center,2026090603,radius,p50,119.54769657891815,m,valid
E001-v2,confirmation,A,a-square-300,confirmation-grid-equal-n5000-per-center,2026090603,radius,p95,179.11685045150176,m,valid
E001-v2,confirmation,A,a-square-300,confirmation-grid-equal-n5000-per-center,2026090603,radius,p99,196.89268405067926,m,valid
E001-v2,confirmation,A,a-square-300,confirmation-grid-equal-n5000-per-center,2026090603,radius,violations,0.0,count,valid
E001-v2,confirmation,A,a-square-300,confirmation-grid-equal-n5000-per-center,2026090603,seam300,value,0.08587510055719894,ratio,valid
E001-v2,confirmation,A,a-square-300,confirmation-grid-equal-n5000-per-center,2026090604,a4,value,0.14048946418129651,ratio,valid
E001-v2,confirmation,A,a-square-300,confirmation-grid-equal-n5000-per-center,2026090604,radius,max,211.32271383953477,m,valid
E001-v2,confirmation,A,a-square-300,confirmation-grid-equal-n5000-per-center,2026090604,radius,p50,119.24577599787803,m,valid
E001-v2,confirmation,A,a-square-300,confirmation-grid-equal-n5000-per-center,2026090604,radius,p95,178.4508886573428,m,valid
E001-v2,confirmation,A,a-square-300,confirmation-grid-equal-n5000-per-center,2026090604,radius,p99,199.50060017748916,m,valid
E001-v2,confirmation,A,a-square-300,confirmation-grid-equal-n5000-per-center,2026090604,radius,violations,0.0,count,valid
E001-v2,confirmation,A,a-square-300,confirmation-grid-equal-n5000-per-center,2026090604,seam300,value,0.12783330978064597,ratio,valid
E001-v2,confirmation,A,a-square-300,confirmation-grid-equal-n5000-per-center,2026090605,a4,value,0.1406528152970343,ratio,valid
E001-v2,confirmation,A,a-square-300,confirmation-grid-equal-n5000-per-center,2026090605,radius,max,210.85307799191378,m,valid
E001-v2,confirmation,A,a-square-300,confirmation-grid-equal-n5000-per-center,2026090605,radius,p50,119.08357724574597,m,valid
E001-v2,confirmation,A,a-square-300,confirmation-grid-equal-n5000-per-center,2026090605,radius,p95,178.34768602831105,m,valid
E001-v2,confirmation,A,a-square-300,confirmation-grid-equal-n5000-per-center,2026090605,radius,p99,197.04855136240332,m,valid
E001-v2,confirmation,A,a-square-300,confirmation-grid-equal-n5000-per-center,2026090605,radius,violations,0.0,count,valid
E001-v2,confirmation,A,a-square-300,confirmation-grid-equal-n5000-per-center,2026090605,seam300,value,0.0744781348970895,ratio,valid
E001-v2,confirmation,A,a-square-300,confirmation-single-n500,,a4,max,0.20339230109150108,ratio,valid
E001-v2,confirmation,A,a-square-300,confirmation-single-n500,,a4,median,0.10859961656849013,ratio,valid
E001-v2,confirmation,A,a-square-300,confirmation-single-n500,,a4,min,0.06136701525805255,ratio,valid
E001-v2,confirmation,A,a-square-300,confirmation-single-n500,,hotspot50,cv,1.823034832360591,ratio,valid
E001-v2,confirmation,A,a-square-300,confirmation-single-n500,,hotspot50,max,21.0,count,valid
E001-v2,confirmation,A,a-square-300,confirmation-single-n500,,hotspot50,p99,21.0,count,valid
E001-v2,confirmation,A,a-square-300,confirmation-single-n500,,neighbors10,value,1.596,count,valid
E001-v2,confirmation,A,a-square-300,confirmation-single-n500,,proximity16,value,0.988,ratio,valid
E001-v2,confirmation,A,a-square-300,confirmation-single-n500,,proximity24,value,1.0,ratio,valid
E001-v2,confirmation,A,a-square-300,confirmation-single-n500,,proximity8,value,0.662,ratio,valid
E001-v2,confirmation,A,a-square-300,confirmation-single-n500,,radius,max.max,205.4334915398205,m,valid
E001-v2,confirmation,A,a-square-300,confirmation-single-n500,,radius,max.median,198.10077831535568,m,valid
E001-v2,confirmation,A,a-square-300,confirmation-single-n500,,radius,max.min,186.01372366780643,m,valid
E001-v2,confirmation,A,a-square-300,confirmation-single-n500,,radius,p50.max,132.02636430734802,m,valid
E001-v2,confirmation,A,a-square-300,confirmation-single-n500,,radius,p50.median,124.05015087998531,m,valid
E001-v2,confirmation,A,a-square-300,confirmation-single-n500,,radius,p50.min,119.51163195093808,m,valid
E001-v2,confirmation,A,a-square-300,confirmation-single-n500,,radius,p95.max,183.56834686648995,m,valid
E001-v2,confirmation,A,a-square-300,confirmation-single-n500,,radius,p95.median,182.6452387930455,m,valid
E001-v2,confirmation,A,a-square-300,confirmation-single-n500,,radius,p95.min,174.26972730105564,m,valid
E001-v2,confirmation,A,a-square-300,confirmation-single-n500,,radius,p99.max,195.88150192490272,m,valid
E001-v2,confirmation,A,a-square-300,confirmation-single-n500,,radius,p99.median,193.7805699627989,m,valid
E001-v2,confirmation,A,a-square-300,confirmation-single-n500,,radius,p99.min,185.81091994118083,m,valid
E001-v2,confirmation,A,a-square-300,confirmation-single-n500,,radius,violations.max,0.0,count,valid
E001-v2,confirmation,A,a-square-300,confirmation-single-n500,,radius,violations.median,0.0,count,valid
E001-v2,confirmation,A,a-square-300,confirmation-single-n500,,radius,violations.min,0.0,count,valid
E001-v2,confirmation,A,a-square-300,confirmation-single-n500,,samplerFailureCount,value,0.0,count,valid
E001-v2,confirmation,A,a-square-300,confirmation-single-n500,,seam300,max,1.6827380952380955,ratio,valid
E001-v2,confirmation,A,a-square-300,confirmation-single-n500,,seam300,median,1.6410714285714285,ratio,valid
E001-v2,confirmation,A,a-square-300,confirmation-single-n500,,seam300,min,1.5944444444444443,ratio,valid
E001-v2,confirmation,A,a-square-300,confirmation-single-n500,2026090601,a4,value,0.10859961656849013,ratio,valid
E001-v2,confirmation,A,a-square-300,confirmation-single-n500,2026090601,radius,max,201.86524449175323,m,valid
E001-v2,confirmation,A,a-square-300,confirmation-single-n500,2026090601,radius,p50,124.05015087998531,m,valid
E001-v2,confirmation,A,a-square-300,confirmation-single-n500,2026090601,radius,p95,183.56834686648995,m,valid
E001-v2,confirmation,A,a-square-300,confirmation-single-n500,2026090601,radius,p99,193.7805699627989,m,valid
E001-v2,confirmation,A,a-square-300,confirmation-single-n500,2026090601,radius,violations,0.0,count,valid
E001-v2,confirmation,A,a-square-300,confirmation-single-n500,2026090601,seam300,value,1.5944444444444443,ratio,valid
E001-v2,confirmation,A,a-square-300,confirmation-single-n500,2026090602,a4,value,0.20339230109150108,ratio,valid
E001-v2,confirmation,A,a-square-300,confirmation-single-n500,2026090602,radius,max,205.4334915398205,m,valid
E001-v2,confirmation,A,a-square-300,confirmation-single-n500,2026090602,radius,p50,123.63819913091064,m,valid
E001-v2,confirmation,A,a-square-300,confirmation-single-n500,2026090602,radius,p95,183.49843618279147,m,valid
E001-v2,confirmation,A,a-square-300,confirmation-single-n500,2026090602,radius,p99,195.88150192490272,m,valid
E001-v2,confirmation,A,a-square-300,confirmation-single-n500,2026090602,radius,violations,0.0,count,valid
E001-v2,confirmation,A,a-square-300,confirmation-single-n500,2026090602,seam300,value,1.6202380952380953,ratio,valid
E001-v2,confirmation,A,a-square-300,confirmation-single-n500,2026090603,a4,value,0.12170925362077344,ratio,valid
E001-v2,confirmation,A,a-square-300,confirmation-single-n500,2026090603,radius,max,198.10077831535568,m,valid
E001-v2,confirmation,A,a-square-300,confirmation-single-n500,2026090603,radius,p50,119.51163195093808,m,valid
E001-v2,confirmation,A,a-square-300,confirmation-single-n500,2026090603,radius,p95,182.6452387930455,m,valid
E001-v2,confirmation,A,a-square-300,confirmation-single-n500,2026090603,radius,p99,195.20356420570556,m,valid
E001-v2,confirmation,A,a-square-300,confirmation-single-n500,2026090603,radius,violations,0.0,count,valid
E001-v2,confirmation,A,a-square-300,confirmation-single-n500,2026090603,seam300,value,1.6827380952380955,ratio,valid
E001-v2,confirmation,A,a-square-300,confirmation-single-n500,2026090604,a4,value,0.06136701525805255,ratio,valid
E001-v2,confirmation,A,a-square-300,confirmation-single-n500,2026090604,radius,max,194.73104565675095,m,valid
E001-v2,confirmation,A,a-square-300,confirmation-single-n500,2026090604,radius,p50,126.42348942313919,m,valid
E001-v2,confirmation,A,a-square-300,confirmation-single-n500,2026090604,radius,p95,174.26972730105564,m,valid
E001-v2,confirmation,A,a-square-300,confirmation-single-n500,2026090604,radius,p99,193.58064851292988,m,valid
E001-v2,confirmation,A,a-square-300,confirmation-single-n500,2026090604,radius,violations,0.0,count,valid
E001-v2,confirmation,A,a-square-300,confirmation-single-n500,2026090604,seam300,value,1.6410714285714285,ratio,valid
E001-v2,confirmation,A,a-square-300,confirmation-single-n500,2026090605,a4,value,0.10028142119333082,ratio,valid
E001-v2,confirmation,A,a-square-300,confirmation-single-n500,2026090605,radius,max,186.01372366780643,m,valid
E001-v2,confirmation,A,a-square-300,confirmation-single-n500,2026090605,radius,p50,132.02636430734802,m,valid
E001-v2,confirmation,A,a-square-300,confirmation-single-n500,2026090605,radius,p95,181.4923075672862,m,valid
E001-v2,confirmation,A,a-square-300,confirmation-single-n500,2026090605,radius,p99,185.81091994118083,m,valid
E001-v2,confirmation,A,a-square-300,confirmation-single-n500,2026090605,radius,violations,0.0,count,valid
E001-v2,confirmation,A,a-square-300,confirmation-single-n500,2026090605,seam300,value,1.6736111111111112,ratio,valid
E001-v2,confirmation,A,a-square-300,confirmation-single-n5000,,a4,max,0.17034655482823088,ratio,valid
E001-v2,confirmation,A,a-square-300,confirmation-single-n5000,,a4,median,0.14340818709488048,ratio,valid
E001-v2,confirmation,A,a-square-300,confirmation-single-n5000,,a4,min,0.12320019173918692,ratio,valid
E001-v2,confirmation,A,a-square-300,confirmation-single-n5000,,hotspot50,cv,1.7448031178330696,ratio,valid
E001-v2,confirmation,A,a-square-300,confirmation-single-n5000,,hotspot50,max,164.0,count,valid
E001-v2,confirmation,A,a-square-300,confirmation-single-n5000,,hotspot50,p99,163.0,count,valid
E001-v2,confirmation,A,a-square-300,confirmation-single-n5000,,neighbors10,value,16.9944,count,valid
E001-v2,confirmation,A,a-square-300,confirmation-single-n5000,,proximity16,value,1.0,ratio,valid
E001-v2,confirmation,A,a-square-300,confirmation-single-n5000,,proximity24,value,1.0,ratio,valid
E001-v2,confirmation,A,a-square-300,confirmation-single-n5000,,proximity8,value,0.9998,ratio,valid
E001-v2,confirmation,A,a-square-300,confirmation-single-n5000,,radius,max.max,209.28342830904867,m,valid
E001-v2,confirmation,A,a-square-300,confirmation-single-n5000,,radius,max.median,207.21097049981694,m,valid
E001-v2,confirmation,A,a-square-300,confirmation-single-n5000,,radius,max.min,202.38347333978524,m,valid
E001-v2,confirmation,A,a-square-300,confirmation-single-n5000,,radius,p50.max,123.13298123801532,m,valid
E001-v2,confirmation,A,a-square-300,confirmation-single-n5000,,radius,p50.median,119.33302578679486,m,valid
E001-v2,confirmation,A,a-square-300,confirmation-single-n5000,,radius,p50.min,118.14096074850427,m,valid
E001-v2,confirmation,A,a-square-300,confirmation-single-n5000,,radius,p95.max,180.90736137138714,m,valid
E001-v2,confirmation,A,a-square-300,confirmation-single-n5000,,radius,p95.median,178.89912679270824,m,valid
E001-v2,confirmation,A,a-square-300,confirmation-single-n5000,,radius,p95.min,177.65173706068765,m,valid
E001-v2,confirmation,A,a-square-300,confirmation-single-n5000,,radius,p99.max,199.93212337387735,m,valid
E001-v2,confirmation,A,a-square-300,confirmation-single-n5000,,radius,p99.median,198.0072081314042,m,valid
E001-v2,confirmation,A,a-square-300,confirmation-single-n5000,,radius,p99.min,195.92147447003293,m,valid
E001-v2,confirmation,A,a-square-300,confirmation-single-n5000,,radius,violations.max,0.0,count,valid
E001-v2,confirmation,A,a-square-300,confirmation-single-n5000,,radius,violations.median,0.0,count,valid
E001-v2,confirmation,A,a-square-300,confirmation-single-n5000,,radius,violations.min,0.0,count,valid
E001-v2,confirmation,A,a-square-300,confirmation-single-n5000,,samplerFailureCount,value,0.0,count,valid
E001-v2,confirmation,A,a-square-300,confirmation-single-n5000,,seam300,max,1.9635206827119536,ratio,valid
E001-v2,confirmation,A,a-square-300,confirmation-single-n5000,,seam300,median,1.9609175116587516,ratio,valid
E001-v2,confirmation,A,a-square-300,confirmation-single-n5000,,seam300,min,1.9594472608419216,ratio,valid
E001-v2,confirmation,A,a-square-300,confirmation-single-n5000,2026090601,a4,value,0.14340818709488048,ratio,valid
E001-v2,confirmation,A,a-square-300,confirmation-single-n5000,2026090601,radius,max,209.28342830904867,m,valid
E001-v2,confirmation,A,a-square-300,confirmation-single-n5000,2026090601,radius,p50,119.33302578679486,m,valid
E001-v2,confirmation,A,a-square-300,confirmation-single-n5000,2026090601,radius,p95,180.90736137138714,m,valid
E001-v2,confirmation,A,a-square-300,confirmation-single-n5000,2026090601,radius,p99,199.6363019227616,m,valid
E001-v2,confirmation,A,a-square-300,confirmation-single-n5000,2026090601,radius,violations,0.0,count,valid
E001-v2,confirmation,A,a-square-300,confirmation-single-n5000,2026090601,seam300,value,1.9609175116587516,ratio,valid
E001-v2,confirmation,A,a-square-300,confirmation-single-n5000,2026090602,a4,value,0.16984754729913085,ratio,valid
E001-v2,confirmation,A,a-square-300,confirmation-single-n5000,2026090602,radius,max,206.7326112127651,m,valid
E001-v2,confirmation,A,a-square-300,confirmation-single-n5000,2026090602,radius,p50,123.13298123801532,m,valid
E001-v2,confirmation,A,a-square-300,confirmation-single-n5000,2026090602,radius,p95,180.57567169472327,m,valid
E001-v2,confirmation,A,a-square-300,confirmation-single-n5000,2026090602,radius,p99,197.94084172966868,m,valid
E001-v2,confirmation,A,a-square-300,confirmation-single-n5000,2026090602,radius,violations,0.0,count,valid
E001-v2,confirmation,A,a-square-300,confirmation-single-n5000,2026090602,seam300,value,1.9635206827119536,ratio,valid
E001-v2,confirmation,A,a-square-300,confirmation-single-n5000,2026090603,a4,value,0.12320019173918692,ratio,valid
E001-v2,confirmation,A,a-square-300,confirmation-single-n5000,2026090603,radius,max,207.21097049981694,m,valid
E001-v2,confirmation,A,a-square-300,confirmation-single-n5000,2026090603,radius,p50,118.72980420932002,m,valid
E001-v2,confirmation,A,a-square-300,confirmation-single-n5000,2026090603,radius,p95,177.65173706068765,m,valid
E001-v2,confirmation,A,a-square-300,confirmation-single-n5000,2026090603,radius,p99,199.93212337387735,m,valid
E001-v2,confirmation,A,a-square-300,confirmation-single-n5000,2026090603,radius,violations,0.0,count,valid
E001-v2,confirmation,A,a-square-300,confirmation-single-n5000,2026090603,seam300,value,1.9608114035087718,ratio,valid
E001-v2,confirmation,A,a-square-300,confirmation-single-n5000,2026090604,a4,value,0.17034655482823088,ratio,valid
E001-v2,confirmation,A,a-square-300,confirmation-single-n5000,2026090604,radius,max,202.38347333978524,m,valid
E001-v2,confirmation,A,a-square-300,confirmation-single-n5000,2026090604,radius,p50,121.32382910018184,m,valid
E001-v2,confirmation,A,a-square-300,confirmation-single-n5000,2026090604,radius,p95,178.89912679270824,m,valid
E001-v2,confirmation,A,a-square-300,confirmation-single-n5000,2026090604,radius,p99,195.92147447003293,m,valid
E001-v2,confirmation,A,a-square-300,confirmation-single-n5000,2026090604,radius,violations,0.0,count,valid
E001-v2,confirmation,A,a-square-300,confirmation-single-n5000,2026090604,seam300,value,1.9594472608419216,ratio,valid
E001-v2,confirmation,A,a-square-300,confirmation-single-n5000,2026090605,a4,value,0.1303915334248766,ratio,valid
E001-v2,confirmation,A,a-square-300,confirmation-single-n5000,2026090605,radius,max,207.9636985074576,m,valid
E001-v2,confirmation,A,a-square-300,confirmation-single-n5000,2026090605,radius,p50,118.14096074850427,m,valid
E001-v2,confirmation,A,a-square-300,confirmation-single-n5000,2026090605,radius,p95,178.5460280059048,m,valid
E001-v2,confirmation,A,a-square-300,confirmation-single-n5000,2026090605,radius,p99,198.0072081314042,m,valid
E001-v2,confirmation,A,a-square-300,confirmation-single-n5000,2026090605,radius,violations,0.0,count,valid
E001-v2,confirmation,A,a-square-300,confirmation-single-n5000,2026090605,seam300,value,1.9612556909068537,ratio,valid
E001-v2,confirmation,B,b-disk-r300,confirmation-grid-equal-n500-per-center,,a4,max,0.028276079413137735,ratio,valid
E001-v2,confirmation,B,b-disk-r300,confirmation-grid-equal-n500-per-center,,a4,median,0.0,ratio,valid
E001-v2,confirmation,B,b-disk-r300,confirmation-grid-equal-n500-per-center,,a4,min,0.0,ratio,valid
E001-v2,confirmation,B,b-disk-r300,confirmation-grid-equal-n500-per-center,,hotspot50,cv,0.6612419291672972,ratio,valid
E001-v2,confirmation,B,b-disk-r300,confirmation-grid-equal-n500-per-center,,hotspot50,max,26.0,count,valid
E001-v2,confirmation,B,b-disk-r300,confirmation-grid-equal-n500-per-center,,hotspot50,p99,22.0,count,valid
E001-v2,confirmation,B,b-disk-r300,confirmation-grid-equal-n500-per-center,,neighbors10,value,1.3177777777777777,count,valid
E001-v2,confirmation,B,b-disk-r300,confirmation-grid-equal-n500-per-center,,proximity16,value,0.9186666666666666,ratio,valid
E001-v2,confirmation,B,b-disk-r300,confirmation-grid-equal-n500-per-center,,proximity24,value,0.9915555555555555,ratio,valid
E001-v2,confirmation,B,b-disk-r300,confirmation-grid-equal-n500-per-center,,proximity8,value,0.5513333333333333,ratio,valid
E001-v2,confirmation,B,b-disk-r300,confirmation-grid-equal-n500-per-center,,radius,max.max,299.98745094315257,m,valid
E001-v2,confirmation,B,b-disk-r300,confirmation-grid-equal-n500-per-center,,radius,max.median,299.92526967615083,m,valid
E001-v2,confirmation,B,b-disk-r300,confirmation-grid-equal-n500-per-center,,radius,max.min,299.641472111049,m,valid
E001-v2,confirmation,B,b-disk-r300,confirmation-grid-equal-n500-per-center,,radius,p50.max,221.28775451511478,m,valid
E001-v2,confirmation,B,b-disk-r300,confirmation-grid-equal-n500-per-center,,radius,p50.median,214.60177376872213,m,valid
E001-v2,confirmation,B,b-disk-r300,confirmation-grid-equal-n500-per-center,,radius,p50.min,208.66114614980026,m,valid
E001-v2,confirmation,B,b-disk-r300,confirmation-grid-equal-n500-per-center,,radius,p95.max,293.9704016154435,m,valid
E001-v2,confirmation,B,b-disk-r300,confirmation-grid-equal-n500-per-center,,radius,p95.median,291.01646152334433,m,valid
E001-v2,confirmation,B,b-disk-r300,confirmation-grid-equal-n500-per-center,,radius,p95.min,289.5318453273939,m,valid
E001-v2,confirmation,B,b-disk-r300,confirmation-grid-equal-n500-per-center,,radius,p99.max,298.6705881011399,m,valid
E001-v2,confirmation,B,b-disk-r300,confirmation-grid-equal-n500-per-center,,radius,p99.median,298.4661810815549,m,valid
E001-v2,confirmation,B,b-disk-r300,confirmation-grid-equal-n500-per-center,,radius,p99.min,297.77573150934774,m,valid
E001-v2,confirmation,B,b-disk-r300,confirmation-grid-equal-n500-per-center,,radius,violations.max,0.0,count,valid
E001-v2,confirmation,B,b-disk-r300,confirmation-grid-equal-n500-per-center,,radius,violations.median,0.0,count,valid
E001-v2,confirmation,B,b-disk-r300,confirmation-grid-equal-n500-per-center,,radius,violations.min,0.0,count,valid
E001-v2,confirmation,B,b-disk-r300,confirmation-grid-equal-n500-per-center,,samplerFailureCount,value,0.0,count,valid
E001-v2,confirmation,B,b-disk-r300,confirmation-grid-equal-n500-per-center,,seam300,max,0.4000572082379863,ratio,valid
E001-v2,confirmation,B,b-disk-r300,confirmation-grid-equal-n500-per-center,,seam300,median,0.2964899683649684,ratio,valid
E001-v2,confirmation,B,b-disk-r300,confirmation-grid-equal-n500-per-center,,seam300,min,0.18437710437710436,ratio,valid
E001-v2,confirmation,B,b-disk-r300,confirmation-grid-equal-n500-per-center,2026090601,a4,value,0.0,ratio,valid
E001-v2,confirmation,B,b-disk-r300,confirmation-grid-equal-n500-per-center,2026090601,radius,max,299.92526967615083,m,valid
E001-v2,confirmation,B,b-disk-r300,confirmation-grid-equal-n500-per-center,2026090601,radius,p50,208.66114614980026,m,valid
E001-v2,confirmation,B,b-disk-r300,confirmation-grid-equal-n500-per-center,2026090601,radius,p95,293.9217028863476,m,valid
E001-v2,confirmation,B,b-disk-r300,confirmation-grid-equal-n500-per-center,2026090601,radius,p99,298.6705881011399,m,valid
E001-v2,confirmation,B,b-disk-r300,confirmation-grid-equal-n500-per-center,2026090601,radius,violations,0.0,count,valid
E001-v2,confirmation,B,b-disk-r300,confirmation-grid-equal-n500-per-center,2026090601,seam300,value,0.22356051601782154,ratio,valid
E001-v2,confirmation,B,b-disk-r300,confirmation-grid-equal-n500-per-center,2026090602,a4,value,0.028276079413137735,ratio,valid
E001-v2,confirmation,B,b-disk-r300,confirmation-grid-equal-n500-per-center,2026090602,radius,max,299.641472111049,m,valid
E001-v2,confirmation,B,b-disk-r300,confirmation-grid-equal-n500-per-center,2026090602,radius,p50,211.84325106176343,m,valid
E001-v2,confirmation,B,b-disk-r300,confirmation-grid-equal-n500-per-center,2026090602,radius,p95,289.8656093628952,m,valid
E001-v2,confirmation,B,b-disk-r300,confirmation-grid-equal-n500-per-center,2026090602,radius,p99,298.4661810815549,m,valid
E001-v2,confirmation,B,b-disk-r300,confirmation-grid-equal-n500-per-center,2026090602,radius,violations,0.0,count,valid
E001-v2,confirmation,B,b-disk-r300,confirmation-grid-equal-n500-per-center,2026090602,seam300,value,0.18437710437710436,ratio,valid
E001-v2,confirmation,B,b-disk-r300,confirmation-grid-equal-n500-per-center,2026090603,a4,value,0.02102218428940766,ratio,valid
E001-v2,confirmation,B,b-disk-r300,confirmation-grid-equal-n500-per-center,2026090603,radius,max,299.9848811101878,m,valid
E001-v2,confirmation,B,b-disk-r300,confirmation-grid-equal-n500-per-center,2026090603,radius,p50,214.60177376872213,m,valid
E001-v2,confirmation,B,b-disk-r300,confirmation-grid-equal-n500-per-center,2026090603,radius,p95,289.5318453273939,m,valid
E001-v2,confirmation,B,b-disk-r300,confirmation-grid-equal-n500-per-center,2026090603,radius,p99,297.899910330909,m,valid
E001-v2,confirmation,B,b-disk-r300,confirmation-grid-equal-n500-per-center,2026090603,radius,violations,0.0,count,valid
E001-v2,confirmation,B,b-disk-r300,confirmation-grid-equal-n500-per-center,2026090603,seam300,value,0.2964899683649684,ratio,valid
E001-v2,confirmation,B,b-disk-r300,confirmation-grid-equal-n500-per-center,2026090604,a4,value,0.0,ratio,valid
E001-v2,confirmation,B,b-disk-r300,confirmation-grid-equal-n500-per-center,2026090604,radius,max,299.98745094315257,m,valid
E001-v2,confirmation,B,b-disk-r300,confirmation-grid-equal-n500-per-center,2026090604,radius,p50,221.28775451511478,m,valid
E001-v2,confirmation,B,b-disk-r300,confirmation-grid-equal-n500-per-center,2026090604,radius,p95,293.9704016154435,m,valid
E001-v2,confirmation,B,b-disk-r300,confirmation-grid-equal-n500-per-center,2026090604,radius,p99,298.5191397099066,m,valid
E001-v2,confirmation,B,b-disk-r300,confirmation-grid-equal-n500-per-center,2026090604,radius,violations,0.0,count,valid
E001-v2,confirmation,B,b-disk-r300,confirmation-grid-equal-n500-per-center,2026090604,seam300,value,0.36439261842487647,ratio,valid
E001-v2,confirmation,B,b-disk-r300,confirmation-grid-equal-n500-per-center,2026090605,a4,value,0.0,ratio,valid
E001-v2,confirmation,B,b-disk-r300,confirmation-grid-equal-n500-per-center,2026090605,radius,max,299.80535874830207,m,valid
E001-v2,confirmation,B,b-disk-r300,confirmation-grid-equal-n500-per-center,2026090605,radius,p50,216.39379276140863,m,valid
E001-v2,confirmation,B,b-disk-r300,confirmation-grid-equal-n500-per-center,2026090605,radius,p95,291.01646152334433,m,valid
E001-v2,confirmation,B,b-disk-r300,confirmation-grid-equal-n500-per-center,2026090605,radius,p99,297.77573150934774,m,valid
E001-v2,confirmation,B,b-disk-r300,confirmation-grid-equal-n500-per-center,2026090605,radius,violations,0.0,count,valid
E001-v2,confirmation,B,b-disk-r300,confirmation-grid-equal-n500-per-center,2026090605,seam300,value,0.4000572082379863,ratio,valid
E001-v2,confirmation,B,b-disk-r300,confirmation-grid-equal-n5000-per-center,,a4,max,0.0,ratio,valid
E001-v2,confirmation,B,b-disk-r300,confirmation-grid-equal-n5000-per-center,,a4,median,0.0,ratio,valid
E001-v2,confirmation,B,b-disk-r300,confirmation-grid-equal-n5000-per-center,,a4,min,0.0,ratio,valid
E001-v2,confirmation,B,b-disk-r300,confirmation-grid-equal-n5000-per-center,,hotspot50,cv,0.5674192962684454,ratio,valid
E001-v2,confirmation,B,b-disk-r300,confirmation-grid-equal-n5000-per-center,,hotspot50,max,205.0,count,valid
E001-v2,confirmation,B,b-disk-r300,confirmation-grid-equal-n5000-per-center,,hotspot50,p99,193.0,count,valid
E001-v2,confirmation,B,b-disk-r300,confirmation-grid-equal-n5000-per-center,,neighbors10,value,13.042533333333333,count,valid
E001-v2,confirmation,B,b-disk-r300,confirmation-grid-equal-n5000-per-center,,proximity16,value,1.0,ratio,valid
E001-v2,confirmation,B,b-disk-r300,confirmation-grid-equal-n5000-per-center,,proximity24,value,1.0,ratio,valid
E001-v2,confirmation,B,b-disk-r300,confirmation-grid-equal-n5000-per-center,,proximity8,value,0.9941555555555556,ratio,valid
E001-v2,confirmation,B,b-disk-r300,confirmation-grid-equal-n5000-per-center,,radius,max.max,299.99116048155474,m,valid
E001-v2,confirmation,B,b-disk-r300,confirmation-grid-equal-n5000-per-center,,radius,max.median,299.9863071382939,m,valid
E001-v2,confirmation,B,b-disk-r300,confirmation-grid-equal-n5000-per-center,,radius,max.min,299.9644945160688,m,valid
E001-v2,confirmation,B,b-disk-r300,confirmation-grid-equal-n5000-per-center,,radius,p50.max,214.1387864748355,m,valid
E001-v2,confirmation,B,b-disk-r300,confirmation-grid-equal-n5000-per-center,,radius,p50.median,212.46512617929747,m,valid
E001-v2,confirmation,B,b-disk-r300,confirmation-grid-equal-n5000-per-center,,radius,p50.min,211.17642615923046,m,valid
E001-v2,confirmation,B,b-disk-r300,confirmation-grid-equal-n5000-per-center,,radius,p95.max,292.5669162997668,m,valid
E001-v2,confirmation,B,b-disk-r300,confirmation-grid-equal-n5000-per-center,,radius,p95.median,292.3294981915305,m,valid
E001-v2,confirmation,B,b-disk-r300,confirmation-grid-equal-n5000-per-center,,radius,p95.min,291.861893559641,m,valid
E001-v2,confirmation,B,b-disk-r300,confirmation-grid-equal-n5000-per-center,,radius,p99.max,298.53609367546187,m,valid
E001-v2,confirmation,B,b-disk-r300,confirmation-grid-equal-n5000-per-center,,radius,p99.median,298.52732887267155,m,valid
E001-v2,confirmation,B,b-disk-r300,confirmation-grid-equal-n5000-per-center,,radius,p99.min,298.35625808878365,m,valid
E001-v2,confirmation,B,b-disk-r300,confirmation-grid-equal-n5000-per-center,,radius,violations.max,0.0,count,valid
E001-v2,confirmation,B,b-disk-r300,confirmation-grid-equal-n5000-per-center,,radius,violations.median,0.0,count,valid
E001-v2,confirmation,B,b-disk-r300,confirmation-grid-equal-n5000-per-center,,radius,violations.min,0.0,count,valid
E001-v2,confirmation,B,b-disk-r300,confirmation-grid-equal-n5000-per-center,,samplerFailureCount,value,0.0,count,valid
E001-v2,confirmation,B,b-disk-r300,confirmation-grid-equal-n5000-per-center,,seam300,max,0.11130814199605324,ratio,valid
E001-v2,confirmation,B,b-disk-r300,confirmation-grid-equal-n5000-per-center,,seam300,median,0.06893564134991115,ratio,valid
E001-v2,confirmation,B,b-disk-r300,confirmation-grid-equal-n5000-per-center,,seam300,min,0.03112610519100758,ratio,valid
E001-v2,confirmation,B,b-disk-r300,confirmation-grid-equal-n5000-per-center,2026090601,a4,value,0.0,ratio,valid
E001-v2,confirmation,B,b-disk-r300,confirmation-grid-equal-n5000-per-center,2026090601,radius,max,299.9644945160688,m,valid
E001-v2,confirmation,B,b-disk-r300,confirmation-grid-equal-n5000-per-center,2026090601,radius,p50,212.02016341260824,m,valid
E001-v2,confirmation,B,b-disk-r300,confirmation-grid-equal-n5000-per-center,2026090601,radius,p95,292.16761305028103,m,valid
E001-v2,confirmation,B,b-disk-r300,confirmation-grid-equal-n5000-per-center,2026090601,radius,p99,298.52732887267155,m,valid
E001-v2,confirmation,B,b-disk-r300,confirmation-grid-equal-n5000-per-center,2026090601,radius,violations,0.0,count,valid
E001-v2,confirmation,B,b-disk-r300,confirmation-grid-equal-n5000-per-center,2026090601,seam300,value,0.06893564134991115,ratio,valid
E001-v2,confirmation,B,b-disk-r300,confirmation-grid-equal-n5000-per-center,2026090602,a4,value,0.0,ratio,valid
E001-v2,confirmation,B,b-disk-r300,confirmation-grid-equal-n5000-per-center,2026090602,radius,max,299.9863071382939,m,valid
E001-v2,confirmation,B,b-disk-r300,confirmation-grid-equal-n5000-per-center,2026090602,radius,p50,212.46834331377224,m,valid
E001-v2,confirmation,B,b-disk-r300,confirmation-grid-equal-n5000-per-center,2026090602,radius,p95,292.3294981915305,m,valid
E001-v2,confirmation,B,b-disk-r300,confirmation-grid-equal-n5000-per-center,2026090602,radius,p99,298.53609367546187,m,valid
E001-v2,confirmation,B,b-disk-r300,confirmation-grid-equal-n5000-per-center,2026090602,radius,violations,0.0,count,valid
E001-v2,confirmation,B,b-disk-r300,confirmation-grid-equal-n5000-per-center,2026090602,seam300,value,0.11130814199605324,ratio,valid
E001-v2,confirmation,B,b-disk-r300,confirmation-grid-equal-n5000-per-center,2026090603,a4,value,0.0,ratio,valid
E001-v2,confirmation,B,b-disk-r300,confirmation-grid-equal-n5000-per-center,2026090603,radius,max,299.9888191364798,m,valid
E001-v2,confirmation,B,b-disk-r300,confirmation-grid-equal-n5000-per-center,2026090603,radius,p50,214.1387864748355,m,valid
E001-v2,confirmation,B,b-disk-r300,confirmation-grid-equal-n5000-per-center,2026090603,radius,p95,292.5669162997668,m,valid
E001-v2,confirmation,B,b-disk-r300,confirmation-grid-equal-n5000-per-center,2026090603,radius,p99,298.35625808878365,m,valid
E001-v2,confirmation,B,b-disk-r300,confirmation-grid-equal-n5000-per-center,2026090603,radius,violations,0.0,count,valid
E001-v2,confirmation,B,b-disk-r300,confirmation-grid-equal-n5000-per-center,2026090603,seam300,value,0.05771998903211019,ratio,valid
E001-v2,confirmation,B,b-disk-r300,confirmation-grid-equal-n5000-per-center,2026090604,a4,value,0.0,ratio,valid
E001-v2,confirmation,B,b-disk-r300,confirmation-grid-equal-n5000-per-center,2026090604,radius,max,299.99116048155474,m,valid
E001-v2,confirmation,B,b-disk-r300,confirmation-grid-equal-n5000-per-center,2026090604,radius,p50,212.46512617929747,m,valid
E001-v2,confirmation,B,b-disk-r300,confirmation-grid-equal-n5000-per-center,2026090604,radius,p95,292.4794348169697,m,valid
E001-v2,confirmation,B,b-disk-r300,confirmation-grid-equal-n5000-per-center,2026090604,radius,p99,298.5334996204243,m,valid
E001-v2,confirmation,B,b-disk-r300,confirmation-grid-equal-n5000-per-center,2026090604,radius,violations,0.0,count,valid
E001-v2,confirmation,B,b-disk-r300,confirmation-grid-equal-n5000-per-center,2026090604,seam300,value,0.03112610519100758,ratio,valid
E001-v2,confirmation,B,b-disk-r300,confirmation-grid-equal-n5000-per-center,2026090605,a4,value,0.0,ratio,valid
E001-v2,confirmation,B,b-disk-r300,confirmation-grid-equal-n5000-per-center,2026090605,radius,max,299.9769369623417,m,valid
E001-v2,confirmation,B,b-disk-r300,confirmation-grid-equal-n5000-per-center,2026090605,radius,p50,211.17642615923046,m,valid
E001-v2,confirmation,B,b-disk-r300,confirmation-grid-equal-n5000-per-center,2026090605,radius,p95,291.861893559641,m,valid
E001-v2,confirmation,B,b-disk-r300,confirmation-grid-equal-n5000-per-center,2026090605,radius,p99,298.37793461042617,m,valid
E001-v2,confirmation,B,b-disk-r300,confirmation-grid-equal-n5000-per-center,2026090605,radius,violations,0.0,count,valid
E001-v2,confirmation,B,b-disk-r300,confirmation-grid-equal-n5000-per-center,2026090605,seam300,value,0.10861612061468884,ratio,valid
E001-v2,confirmation,B,b-disk-r300,confirmation-single-n500,,a4,max,0.016131838093549362,ratio,valid
E001-v2,confirmation,B,b-disk-r300,confirmation-single-n500,,a4,median,0.0,ratio,valid
E001-v2,confirmation,B,b-disk-r300,confirmation-single-n500,,a4,min,0.0,ratio,valid
E001-v2,confirmation,B,b-disk-r300,confirmation-single-n500,,hotspot50,cv,0.6641927431100105,ratio,valid
E001-v2,confirmation,B,b-disk-r300,confirmation-single-n500,,hotspot50,max,10.0,count,valid
E001-v2,confirmation,B,b-disk-r300,confirmation-single-n500,,hotspot50,p99,10.0,count,valid
E001-v2,confirmation,B,b-disk-r300,confirmation-single-n500,,neighbors10,value,0.56,count,valid
E001-v2,confirmation,B,b-disk-r300,confirmation-single-n500,,proximity16,value,0.772,ratio,valid
E001-v2,confirmation,B,b-disk-r300,confirmation-single-n500,,proximity24,value,0.958,ratio,valid
E001-v2,confirmation,B,b-disk-r300,confirmation-single-n500,,proximity8,value,0.298,ratio,valid
E001-v2,confirmation,B,b-disk-r300,confirmation-single-n500,,radius,max.max,299.02107422590575,m,valid
E001-v2,confirmation,B,b-disk-r300,confirmation-single-n500,,radius,max.median,298.551777547765,m,valid
E001-v2,confirmation,B,b-disk-r300,confirmation-single-n500,,radius,max.min,295.8948069312563,m,valid
E001-v2,confirmation,B,b-disk-r300,confirmation-single-n500,,radius,p50.max,226.91045047767355,m,valid
E001-v2,confirmation,B,b-disk-r300,confirmation-single-n500,,radius,p50.median,213.81964540494292,m,valid
E001-v2,confirmation,B,b-disk-r300,confirmation-single-n500,,radius,p50.min,206.15894105212755,m,valid
E001-v2,confirmation,B,b-disk-r300,confirmation-single-n500,,radius,p95.max,293.4369708051428,m,valid
E001-v2,confirmation,B,b-disk-r300,confirmation-single-n500,,radius,p95.median,292.23612422018306,m,valid
E001-v2,confirmation,B,b-disk-r300,confirmation-single-n500,,radius,p95.min,289.0559550341988,m,valid
E001-v2,confirmation,B,b-disk-r300,confirmation-single-n500,,radius,p99.max,298.76222550370846,m,valid
E001-v2,confirmation,B,b-disk-r300,confirmation-single-n500,,radius,p99.median,295.5141712486858,m,valid
E001-v2,confirmation,B,b-disk-r300,confirmation-single-n500,,radius,p99.min,294.11907573902204,m,valid
E001-v2,confirmation,B,b-disk-r300,confirmation-single-n500,,radius,violations.max,0.0,count,valid
E001-v2,confirmation,B,b-disk-r300,confirmation-single-n500,,radius,violations.median,0.0,count,valid
E001-v2,confirmation,B,b-disk-r300,confirmation-single-n500,,radius,violations.min,0.0,count,valid
E001-v2,confirmation,B,b-disk-r300,confirmation-single-n500,,samplerFailureCount,value,0.0,count,valid
E001-v2,confirmation,B,b-disk-r300,confirmation-single-n500,,seam300,max,0.8500000000000001,ratio,valid
E001-v2,confirmation,B,b-disk-r300,confirmation-single-n500,,seam300,median,0.41666666666666663,ratio,valid
E001-v2,confirmation,B,b-disk-r300,confirmation-single-n500,,seam300,min,0.2708333333333333,ratio,valid
E001-v2,confirmation,B,b-disk-r300,confirmation-single-n500,2026090601,a4,value,0.0,ratio,valid
E001-v2,confirmation,B,b-disk-r300,confirmation-single-n500,2026090601,radius,max,295.8948069312563,m,valid
E001-v2,confirmation,B,b-disk-r300,confirmation-single-n500,2026090601,radius,p50,206.15894105212755,m,valid
E001-v2,confirmation,B,b-disk-r300,confirmation-single-n500,2026090601,radius,p95,289.0559550341988,m,valid
E001-v2,confirmation,B,b-disk-r300,confirmation-single-n500,2026090601,radius,p99,295.5141712486858,m,valid
E001-v2,confirmation,B,b-disk-r300,confirmation-single-n500,2026090601,radius,violations,0.0,count,valid
E001-v2,confirmation,B,b-disk-r300,confirmation-single-n500,2026090601,seam300,value,0.2708333333333333,ratio,valid
E001-v2,confirmation,B,b-disk-r300,confirmation-single-n500,2026090602,a4,value,0.0,ratio,valid
E001-v2,confirmation,B,b-disk-r300,confirmation-single-n500,2026090602,radius,max,298.85879187467896,m,valid
E001-v2,confirmation,B,b-disk-r300,confirmation-single-n500,2026090602,radius,p50,218.86691139097584,m,valid
E001-v2,confirmation,B,b-disk-r300,confirmation-single-n500,2026090602,radius,p95,292.23612422018306,m,valid
E001-v2,confirmation,B,b-disk-r300,confirmation-single-n500,2026090602,radius,p99,294.11907573902204,m,valid
E001-v2,confirmation,B,b-disk-r300,confirmation-single-n500,2026090602,radius,violations,0.0,count,valid
E001-v2,confirmation,B,b-disk-r300,confirmation-single-n500,2026090602,seam300,value,0.41666666666666663,ratio,valid
E001-v2,confirmation,B,b-disk-r300,confirmation-single-n500,2026090603,a4,value,0.016131838093549362,ratio,valid
E001-v2,confirmation,B,b-disk-r300,confirmation-single-n500,2026090603,radius,max,298.551777547765,m,valid
E001-v2,confirmation,B,b-disk-r300,confirmation-single-n500,2026090603,radius,p50,213.81964540494292,m,valid
E001-v2,confirmation,B,b-disk-r300,confirmation-single-n500,2026090603,radius,p95,293.4369708051428,m,valid
E001-v2,confirmation,B,b-disk-r300,confirmation-single-n500,2026090603,radius,p99,298.51051710203996,m,valid
E001-v2,confirmation,B,b-disk-r300,confirmation-single-n500,2026090603,radius,violations,0.0,count,valid
E001-v2,confirmation,B,b-disk-r300,confirmation-single-n500,2026090603,seam300,value,0.3125,ratio,valid
E001-v2,confirmation,B,b-disk-r300,confirmation-single-n500,2026090604,a4,value,0.0,ratio,valid
E001-v2,confirmation,B,b-disk-r300,confirmation-single-n500,2026090604,radius,max,296.04267419626365,m,valid
E001-v2,confirmation,B,b-disk-r300,confirmation-single-n500,2026090604,radius,p50,226.91045047767355,m,valid
E001-v2,confirmation,B,b-disk-r300,confirmation-single-n500,2026090604,radius,p95,291.62253314911527,m,valid
E001-v2,confirmation,B,b-disk-r300,confirmation-single-n500,2026090604,radius,p99,294.9970665421027,m,valid
E001-v2,confirmation,B,b-disk-r300,confirmation-single-n500,2026090604,radius,violations,0.0,count,valid
E001-v2,confirmation,B,b-disk-r300,confirmation-single-n500,2026090604,seam300,value,0.6666666666666666,ratio,valid
E001-v2,confirmation,B,b-disk-r300,confirmation-single-n500,2026090605,a4,value,0.0,ratio,valid
E001-v2,confirmation,B,b-disk-r300,confirmation-single-n500,2026090605,radius,max,299.02107422590575,m,valid
E001-v2,confirmation,B,b-disk-r300,confirmation-single-n500,2026090605,radius,p50,207.10451260784006,m,valid
E001-v2,confirmation,B,b-disk-r300,confirmation-single-n500,2026090605,radius,p95,292.5641422564902,m,valid
E001-v2,confirmation,B,b-disk-r300,confirmation-single-n500,2026090605,radius,p99,298.76222550370846,m,valid
E001-v2,confirmation,B,b-disk-r300,confirmation-single-n500,2026090605,radius,violations,0.0,count,valid
E001-v2,confirmation,B,b-disk-r300,confirmation-single-n500,2026090605,seam300,value,0.8500000000000001,ratio,valid
E001-v2,confirmation,B,b-disk-r300,confirmation-single-n5000,,a4,max,0.036195159897428386,ratio,valid
E001-v2,confirmation,B,b-disk-r300,confirmation-single-n5000,,a4,median,0.0,ratio,valid
E001-v2,confirmation,B,b-disk-r300,confirmation-single-n5000,,a4,min,0.0,ratio,valid
E001-v2,confirmation,B,b-disk-r300,confirmation-single-n5000,,hotspot50,cv,0.49376399220680317,ratio,valid
E001-v2,confirmation,B,b-disk-r300,confirmation-single-n5000,,hotspot50,max,60.0,count,valid
E001-v2,confirmation,B,b-disk-r300,confirmation-single-n5000,,hotspot50,p99,58.0,count,valid
E001-v2,confirmation,B,b-disk-r300,confirmation-single-n5000,,neighbors10,value,5.5452,count,valid
E001-v2,confirmation,B,b-disk-r300,confirmation-single-n5000,,proximity16,value,1.0,ratio,valid
E001-v2,confirmation,B,b-disk-r300,confirmation-single-n5000,,proximity24,value,1.0,ratio,valid
E001-v2,confirmation,B,b-disk-r300,confirmation-single-n5000,,proximity8,value,0.9698,ratio,valid
E001-v2,confirmation,B,b-disk-r300,confirmation-single-n5000,,radius,max.max,299.9733108223145,m,valid
E001-v2,confirmation,B,b-disk-r300,confirmation-single-n5000,,radius,max.median,299.9330157079897,m,valid
E001-v2,confirmation,B,b-disk-r300,confirmation-single-n5000,,radius,max.min,299.5838668817749,m,valid
E001-v2,confirmation,B,b-disk-r300,confirmation-single-n5000,,radius,p50.max,216.58159441504213,m,valid
E001-v2,confirmation,B,b-disk-r300,confirmation-single-n5000,,radius,p50.median,208.28173378341648,m,valid
E001-v2,confirmation,B,b-disk-r300,confirmation-single-n5000,,radius,p50.min,205.09858441115355,m,valid
E001-v2,confirmation,B,b-disk-r300,confirmation-single-n5000,,radius,p95.max,293.35999535731213,m,valid
E001-v2,confirmation,B,b-disk-r300,confirmation-single-n5000,,radius,p95.median,291.9475762609069,m,valid
E001-v2,confirmation,B,b-disk-r300,confirmation-single-n5000,,radius,p95.min,291.19301920433304,m,valid
E001-v2,confirmation,B,b-disk-r300,confirmation-single-n5000,,radius,p99.max,299.06216576467006,m,valid
E001-v2,confirmation,B,b-disk-r300,confirmation-single-n5000,,radius,p99.median,298.3715742566094,m,valid
E001-v2,confirmation,B,b-disk-r300,confirmation-single-n5000,,radius,p99.min,298.0221021662079,m,valid
E001-v2,confirmation,B,b-disk-r300,confirmation-single-n5000,,radius,violations.max,0.0,count,valid
E001-v2,confirmation,B,b-disk-r300,confirmation-single-n5000,,radius,violations.median,0.0,count,valid
E001-v2,confirmation,B,b-disk-r300,confirmation-single-n5000,,radius,violations.min,0.0,count,valid
E001-v2,confirmation,B,b-disk-r300,confirmation-single-n5000,,samplerFailureCount,value,0.0,count,valid
E001-v2,confirmation,B,b-disk-r300,confirmation-single-n5000,,seam300,max,0.3026358452593918,ratio,valid
E001-v2,confirmation,B,b-disk-r300,confirmation-single-n5000,,seam300,median,0.20016582408983072,ratio,valid
E001-v2,confirmation,B,b-disk-r300,confirmation-single-n5000,,seam300,min,0.17787966876290362,ratio,valid
E001-v2,confirmation,B,b-disk-r300,confirmation-single-n5000,2026090601,a4,value,0.0,ratio,valid
E001-v2,confirmation,B,b-disk-r300,confirmation-single-n5000,2026090601,radius,max,299.9574864757528,m,valid
E001-v2,confirmation,B,b-disk-r300,confirmation-single-n5000,2026090601,radius,p50,208.28173378341648,m,valid
E001-v2,confirmation,B,b-disk-r300,confirmation-single-n5000,2026090601,radius,p95,291.93788787030246,m,valid
E001-v2,confirmation,B,b-disk-r300,confirmation-single-n5000,2026090601,radius,p99,299.06216576467006,m,valid
E001-v2,confirmation,B,b-disk-r300,confirmation-single-n5000,2026090601,radius,violations,0.0,count,valid
E001-v2,confirmation,B,b-disk-r300,confirmation-single-n5000,2026090601,seam300,value,0.2535569105691057,ratio,valid
E001-v2,confirmation,B,b-disk-r300,confirmation-single-n5000,2026090602,a4,value,0.0,ratio,valid
E001-v2,confirmation,B,b-disk-r300,confirmation-single-n5000,2026090602,radius,max,299.5838668817749,m,valid
E001-v2,confirmation,B,b-disk-r300,confirmation-single-n5000,2026090602,radius,p50,205.09858441115355,m,valid
E001-v2,confirmation,B,b-disk-r300,confirmation-single-n5000,2026090602,radius,p95,293.35999535731213,m,valid
E001-v2,confirmation,B,b-disk-r300,confirmation-single-n5000,2026090602,radius,p99,298.65704049771966,m,valid
E001-v2,confirmation,B,b-disk-r300,confirmation-single-n5000,2026090602,radius,violations,0.0,count,valid
E001-v2,confirmation,B,b-disk-r300,confirmation-single-n5000,2026090602,seam300,value,0.20016582408983072,ratio,valid
E001-v2,confirmation,B,b-disk-r300,confirmation-single-n5000,2026090603,a4,value,0.0,ratio,valid
E001-v2,confirmation,B,b-disk-r300,confirmation-single-n5000,2026090603,radius,max,299.9330157079897,m,valid
E001-v2,confirmation,B,b-disk-r300,confirmation-single-n5000,2026090603,radius,p50,216.58159441504213,m,valid
E001-v2,confirmation,B,b-disk-r300,confirmation-single-n5000,2026090603,radius,p95,291.9475762609069,m,valid
E001-v2,confirmation,B,b-disk-r300,confirmation-single-n5000,2026090603,radius,p99,298.35788115646403,m,valid
E001-v2,confirmation,B,b-disk-r300,confirmation-single-n5000,2026090603,radius,violations,0.0,count,valid
E001-v2,confirmation,B,b-disk-r300,confirmation-single-n5000,2026090603,seam300,value,0.17787966876290362,ratio,valid
E001-v2,confirmation,B,b-disk-r300,confirmation-single-n5000,2026090604,a4,value,0.036195159897428386,ratio,valid
E001-v2,confirmation,B,b-disk-r300,confirmation-single-n5000,2026090604,radius,max,299.9733108223145,m,valid
E001-v2,confirmation,B,b-disk-r300,confirmation-single-n5000,2026090604,radius,p50,208.16239924765569,m,valid
E001-v2,confirmation,B,b-disk-r300,confirmation-single-n5000,2026090604,radius,p95,291.19301920433304,m,valid
E001-v2,confirmation,B,b-disk-r300,confirmation-single-n5000,2026090604,radius,p99,298.0221021662079,m,valid
E001-v2,confirmation,B,b-disk-r300,confirmation-single-n5000,2026090604,radius,violations,0.0,count,valid
E001-v2,confirmation,B,b-disk-r300,confirmation-single-n5000,2026090604,seam300,value,0.1816924431704743,ratio,valid
E001-v2,confirmation,B,b-disk-r300,confirmation-single-n5000,2026090605,a4,value,0.0315509497928495,ratio,valid
E001-v2,confirmation,B,b-disk-r300,confirmation-single-n5000,2026090605,radius,max,299.85643688368697,m,valid
E001-v2,confirmation,B,b-disk-r300,confirmation-single-n5000,2026090605,radius,p50,208.33400561580356,m,valid
E001-v2,confirmation,B,b-disk-r300,confirmation-single-n5000,2026090605,radius,p95,293.3284411905714,m,valid
E001-v2,confirmation,B,b-disk-r300,confirmation-single-n5000,2026090605,radius,p99,298.3715742566094,m,valid
E001-v2,confirmation,B,b-disk-r300,confirmation-single-n5000,2026090605,radius,violations,0.0,count,valid
E001-v2,confirmation,B,b-disk-r300,confirmation-single-n5000,2026090605,seam300,value,0.3026358452593918,ratio,valid
E001-v2,confirmation,C,c-s120-r300,confirmation-grid-equal-n500-per-center,,a4,max,0.02827607941313769,ratio,valid
E001-v2,confirmation,C,c-s120-r300,confirmation-grid-equal-n500-per-center,,a4,median,0.0,ratio,valid
E001-v2,confirmation,C,c-s120-r300,confirmation-grid-equal-n500-per-center,,a4,min,0.0,ratio,valid
E001-v2,confirmation,C,c-s120-r300,confirmation-grid-equal-n500-per-center,,hotspot50,cv,0.7719850315186745,ratio,valid
E001-v2,confirmation,C,c-s120-r300,confirmation-grid-equal-n500-per-center,,hotspot50,max,25.0,count,valid
E001-v2,confirmation,C,c-s120-r300,confirmation-grid-equal-n500-per-center,,hotspot50,p99,21.0,count,valid
E001-v2,confirmation,C,c-s120-r300,confirmation-grid-equal-n500-per-center,,neighbors10,value,1.4284444444444444,count,valid
E001-v2,confirmation,C,c-s120-r300,confirmation-grid-equal-n500-per-center,,proximity16,value,0.9391111111111111,ratio,valid
E001-v2,confirmation,C,c-s120-r300,confirmation-grid-equal-n500-per-center,,proximity24,value,0.9862222222222222,ratio,valid
E001-v2,confirmation,C,c-s120-r300,confirmation-grid-equal-n500-per-center,,proximity8,value,0.592,ratio,valid
E001-v2,confirmation,C,c-s120-r300,confirmation-grid-equal-n500-per-center,,radius,max.max,299.9126873868177,m,valid
E001-v2,confirmation,C,c-s120-r300,confirmation-grid-equal-n500-per-center,,radius,max.median,299.48205767068833,m,valid
E001-v2,confirmation,C,c-s120-r300,confirmation-grid-equal-n500-per-center,,radius,max.min,297.5577423441001,m,valid
E001-v2,confirmation,C,c-s120-r300,confirmation-grid-equal-n500-per-center,,radius,p50.max,145.4286222858767,m,valid
E001-v2,confirmation,C,c-s120-r300,confirmation-grid-equal-n500-per-center,,radius,p50.median,139.09967277180218,m,valid
E001-v2,confirmation,C,c-s120-r300,confirmation-grid-equal-n500-per-center,,radius,p50.min,133.7186846522795,m,valid
E001-v2,confirmation,C,c-s120-r300,confirmation-grid-equal-n500-per-center,,radius,p95.max,268.3955941512451,m,valid
E001-v2,confirmation,C,c-s120-r300,confirmation-grid-equal-n500-per-center,,radius,p95.median,257.3268970009086,m,valid
E001-v2,confirmation,C,c-s120-r300,confirmation-grid-equal-n500-per-center,,radius,p95.min,252.39300078752262,m,valid
E001-v2,confirmation,C,c-s120-r300,confirmation-grid-equal-n500-per-center,,radius,p99.max,291.4301158726623,m,valid
E001-v2,confirmation,C,c-s120-r300,confirmation-grid-equal-n500-per-center,,radius,p99.median,290.21961742519824,m,valid
E001-v2,confirmation,C,c-s120-r300,confirmation-grid-equal-n500-per-center,,radius,p99.min,286.3078098211481,m,valid
E001-v2,confirmation,C,c-s120-r300,confirmation-grid-equal-n500-per-center,,radius,violations.max,0.0,count,valid
E001-v2,confirmation,C,c-s120-r300,confirmation-grid-equal-n500-per-center,,radius,violations.median,0.0,count,valid
E001-v2,confirmation,C,c-s120-r300,confirmation-grid-equal-n500-per-center,,radius,violations.min,0.0,count,valid
E001-v2,confirmation,C,c-s120-r300,confirmation-grid-equal-n500-per-center,,samplerFailureCount,value,0.0,count,valid
E001-v2,confirmation,C,c-s120-r300,confirmation-grid-equal-n500-per-center,,seam300,max,0.36064123376623375,ratio,valid
E001-v2,confirmation,C,c-s120-r300,confirmation-grid-equal-n500-per-center,,seam300,median,0.30633255633255635,ratio,valid
E001-v2,confirmation,C,c-s120-r300,confirmation-grid-equal-n500-per-center,,seam300,min,0.2493226600985222,ratio,valid
E001-v2,confirmation,C,c-s120-r300,confirmation-grid-equal-n500-per-center,2026090601,a4,value,0.0,ratio,valid
E001-v2,confirmation,C,c-s120-r300,confirmation-grid-equal-n500-per-center,2026090601,radius,max,299.48205767068833,m,valid
E001-v2,confirmation,C,c-s120-r300,confirmation-grid-equal-n500-per-center,2026090601,radius,p50,133.7186846522795,m,valid
E001-v2,confirmation,C,c-s120-r300,confirmation-grid-equal-n500-per-center,2026090601,radius,p95,268.196854319606,m,valid
E001-v2,confirmation,C,c-s120-r300,confirmation-grid-equal-n500-per-center,2026090601,radius,p99,291.4301158726623,m,valid
E001-v2,confirmation,C,c-s120-r300,confirmation-grid-equal-n500-per-center,2026090601,radius,violations,0.0,count,valid
E001-v2,confirmation,C,c-s120-r300,confirmation-grid-equal-n500-per-center,2026090601,seam300,value,0.2493226600985222,ratio,valid
E001-v2,confirmation,C,c-s120-r300,confirmation-grid-equal-n500-per-center,2026090602,a4,value,0.02827607941313769,ratio,valid
E001-v2,confirmation,C,c-s120-r300,confirmation-grid-equal-n500-per-center,2026090602,radius,max,297.5577423441001,m,valid
E001-v2,confirmation,C,c-s120-r300,confirmation-grid-equal-n500-per-center,2026090602,radius,p50,136.57448837196,m,valid
E001-v2,confirmation,C,c-s120-r300,confirmation-grid-equal-n500-per-center,2026090602,radius,p95,253.47128532763554,m,valid
E001-v2,confirmation,C,c-s120-r300,confirmation-grid-equal-n500-per-center,2026090602,radius,p99,290.21961742519824,m,valid
E001-v2,confirmation,C,c-s120-r300,confirmation-grid-equal-n500-per-center,2026090602,radius,violations,0.0,count,valid
E001-v2,confirmation,C,c-s120-r300,confirmation-grid-equal-n500-per-center,2026090602,seam300,value,0.30633255633255635,ratio,valid
E001-v2,confirmation,C,c-s120-r300,confirmation-grid-equal-n500-per-center,2026090603,a4,value,0.02102218428940765,ratio,valid
E001-v2,confirmation,C,c-s120-r300,confirmation-grid-equal-n500-per-center,2026090603,radius,max,299.89482414267366,m,valid
E001-v2,confirmation,C,c-s120-r300,confirmation-grid-equal-n500-per-center,2026090603,radius,p50,139.09967277180218,m,valid
E001-v2,confirmation,C,c-s120-r300,confirmation-grid-equal-n500-per-center,2026090603,radius,p95,252.39300078752262,m,valid
E001-v2,confirmation,C,c-s120-r300,confirmation-grid-equal-n500-per-center,2026090603,radius,p99,286.992320874714,m,valid
E001-v2,confirmation,C,c-s120-r300,confirmation-grid-equal-n500-per-center,2026090603,radius,violations,0.0,count,valid
E001-v2,confirmation,C,c-s120-r300,confirmation-grid-equal-n500-per-center,2026090603,seam300,value,0.3447109342270633,ratio,valid
E001-v2,confirmation,C,c-s120-r300,confirmation-grid-equal-n500-per-center,2026090604,a4,value,0.0,ratio,valid
E001-v2,confirmation,C,c-s120-r300,confirmation-grid-equal-n500-per-center,2026090604,radius,max,299.9126873868177,m,valid
E001-v2,confirmation,C,c-s120-r300,confirmation-grid-equal-n500-per-center,2026090604,radius,p50,145.4286222858767,m,valid
E001-v2,confirmation,C,c-s120-r300,confirmation-grid-equal-n500-per-center,2026090604,radius,p95,268.3955941512451,m,valid
E001-v2,confirmation,C,c-s120-r300,confirmation-grid-equal-n500-per-center,2026090604,radius,p99,290.5308113037938,m,valid
E001-v2,confirmation,C,c-s120-r300,confirmation-grid-equal-n500-per-center,2026090604,radius,violations,0.0,count,valid
E001-v2,confirmation,C,c-s120-r300,confirmation-grid-equal-n500-per-center,2026090604,seam300,value,0.36064123376623375,ratio,valid
E001-v2,confirmation,C,c-s120-r300,confirmation-grid-equal-n500-per-center,2026090605,a4,value,0.0,ratio,valid
E001-v2,confirmation,C,c-s120-r300,confirmation-grid-equal-n500-per-center,2026090605,radius,max,298.660901080469,m,valid
E001-v2,confirmation,C,c-s120-r300,confirmation-grid-equal-n500-per-center,2026090605,radius,p50,140.76609895891502,m,valid
E001-v2,confirmation,C,c-s120-r300,confirmation-grid-equal-n500-per-center,2026090605,radius,p95,257.3268970009086,m,valid
E001-v2,confirmation,C,c-s120-r300,confirmation-grid-equal-n500-per-center,2026090605,radius,p99,286.3078098211481,m,valid
E001-v2,confirmation,C,c-s120-r300,confirmation-grid-equal-n500-per-center,2026090605,radius,violations,0.0,count,valid
E001-v2,confirmation,C,c-s120-r300,confirmation-grid-equal-n500-per-center,2026090605,seam300,value,0.2510504201680672,ratio,valid
E001-v2,confirmation,C,c-s120-r300,confirmation-grid-equal-n5000-per-center,,a4,max,0.0,ratio,valid
E001-v2,confirmation,C,c-s120-r300,confirmation-grid-equal-n5000-per-center,,a4,median,0.0,ratio,valid
E001-v2,confirmation,C,c-s120-r300,confirmation-grid-equal-n5000-per-center,,a4,min,0.0,ratio,valid
E001-v2,confirmation,C,c-s120-r300,confirmation-grid-equal-n5000-per-center,,hotspot50,cv,0.7008119735151664,ratio,valid
E001-v2,confirmation,C,c-s120-r300,confirmation-grid-equal-n5000-per-center,,hotspot50,max,172.0,count,valid
E001-v2,confirmation,C,c-s120-r300,confirmation-grid-equal-n5000-per-center,,hotspot50,p99,167.0,count,valid
E001-v2,confirmation,C,c-s120-r300,confirmation-grid-equal-n5000-per-center,,neighbors10,value,14.557066666666667,count,valid
E001-v2,confirmation,C,c-s120-r300,confirmation-grid-equal-n5000-per-center,,proximity16,value,0.9990444444444444,ratio,valid
E001-v2,confirmation,C,c-s120-r300,confirmation-grid-equal-n5000-per-center,,proximity24,value,0.9999333333333333,ratio,valid
E001-v2,confirmation,C,c-s120-r300,confirmation-grid-equal-n5000-per-center,,proximity8,value,0.9856888888888888,ratio,valid
E001-v2,confirmation,C,c-s120-r300,confirmation-grid-equal-n5000-per-center,,radius,max.max,299.9384829904618,m,valid
E001-v2,confirmation,C,c-s120-r300,confirmation-grid-equal-n5000-per-center,,radius,max.median,299.90473594184465,m,valid
E001-v2,confirmation,C,c-s120-r300,confirmation-grid-equal-n5000-per-center,,radius,max.min,299.75331706024076,m,valid
E001-v2,confirmation,C,c-s120-r300,confirmation-grid-equal-n5000-per-center,,radius,p50.max,138.67251455651186,m,valid
E001-v2,confirmation,C,c-s120-r300,confirmation-grid-equal-n5000-per-center,,radius,p50.median,137.13963977698543,m,valid
E001-v2,confirmation,C,c-s120-r300,confirmation-grid-equal-n5000-per-center,,radius,p50.min,135.97109001694906,m,valid
E001-v2,confirmation,C,c-s120-r300,confirmation-grid-equal-n5000-per-center,,radius,p95.max,262.90157423723343,m,valid
E001-v2,confirmation,C,c-s120-r300,confirmation-grid-equal-n5000-per-center,,radius,p95.median,262.01667101056455,m,valid
E001-v2,confirmation,C,c-s120-r300,confirmation-grid-equal-n5000-per-center,,radius,p95.min,260.3080562864564,m,valid
E001-v2,confirmation,C,c-s120-r300,confirmation-grid-equal-n5000-per-center,,radius,p99.max,290.6307906923703,m,valid
E001-v2,confirmation,C,c-s120-r300,confirmation-grid-equal-n5000-per-center,,radius,p99.median,290.579082093975,m,valid
E001-v2,confirmation,C,c-s120-r300,confirmation-grid-equal-n5000-per-center,,radius,p99.min,289.5789816403525,m,valid
E001-v2,confirmation,C,c-s120-r300,confirmation-grid-equal-n5000-per-center,,radius,violations.max,0.0,count,valid
E001-v2,confirmation,C,c-s120-r300,confirmation-grid-equal-n5000-per-center,,radius,violations.median,0.0,count,valid
E001-v2,confirmation,C,c-s120-r300,confirmation-grid-equal-n5000-per-center,,radius,violations.min,0.0,count,valid
E001-v2,confirmation,C,c-s120-r300,confirmation-grid-equal-n5000-per-center,,samplerFailureCount,value,0.0,count,valid
E001-v2,confirmation,C,c-s120-r300,confirmation-grid-equal-n5000-per-center,,seam300,max,0.19958976096424602,ratio,valid
E001-v2,confirmation,C,c-s120-r300,confirmation-grid-equal-n5000-per-center,,seam300,median,0.09418919424658706,ratio,valid
E001-v2,confirmation,C,c-s120-r300,confirmation-grid-equal-n5000-per-center,,seam300,min,0.07552291498386776,ratio,valid
E001-v2,confirmation,C,c-s120-r300,confirmation-grid-equal-n5000-per-center,2026090601,a4,value,0.0,ratio,valid
E001-v2,confirmation,C,c-s120-r300,confirmation-grid-equal-n5000-per-center,2026090601,radius,max,299.75331706024076,m,valid
E001-v2,confirmation,C,c-s120-r300,confirmation-grid-equal-n5000-per-center,2026090601,radius,p50,136.73502403984796,m,valid
E001-v2,confirmation,C,c-s120-r300,confirmation-grid-equal-n5000-per-center,2026090601,radius,p95,261.4200952112366,m,valid
E001-v2,confirmation,C,c-s120-r300,confirmation-grid-equal-n5000-per-center,2026090601,radius,p99,290.579082093975,m,valid
E001-v2,confirmation,C,c-s120-r300,confirmation-grid-equal-n5000-per-center,2026090601,radius,violations,0.0,count,valid
E001-v2,confirmation,C,c-s120-r300,confirmation-grid-equal-n5000-per-center,2026090601,seam300,value,0.07552291498386776,ratio,valid
E001-v2,confirmation,C,c-s120-r300,confirmation-grid-equal-n5000-per-center,2026090602,a4,value,0.0,ratio,valid
E001-v2,confirmation,C,c-s120-r300,confirmation-grid-equal-n5000-per-center,2026090602,radius,max,299.90473594184465,m,valid
E001-v2,confirmation,C,c-s120-r300,confirmation-grid-equal-n5000-per-center,2026090602,radius,p50,137.1425696086756,m,valid
E001-v2,confirmation,C,c-s120-r300,confirmation-grid-equal-n5000-per-center,2026090602,radius,p95,262.01667101056455,m,valid
E001-v2,confirmation,C,c-s120-r300,confirmation-grid-equal-n5000-per-center,2026090602,radius,p99,290.6307906923703,m,valid
E001-v2,confirmation,C,c-s120-r300,confirmation-grid-equal-n5000-per-center,2026090602,radius,violations,0.0,count,valid
E001-v2,confirmation,C,c-s120-r300,confirmation-grid-equal-n5000-per-center,2026090602,seam300,value,0.09418919424658706,ratio,valid
E001-v2,confirmation,C,c-s120-r300,confirmation-grid-equal-n5000-per-center,2026090603,a4,value,0.0,ratio,valid
E001-v2,confirmation,C,c-s120-r300,confirmation-grid-equal-n5000-per-center,2026090603,radius,max,299.92220021704344,m,valid
E001-v2,confirmation,C,c-s120-r300,confirmation-grid-equal-n5000-per-center,2026090603,radius,p50,138.67251455651186,m,valid
E001-v2,confirmation,C,c-s120-r300,confirmation-grid-equal-n5000-per-center,2026090603,radius,p95,262.90157423723343,m,valid
E001-v2,confirmation,C,c-s120-r300,confirmation-grid-equal-n5000-per-center,2026090603,radius,p99,289.5789816403525,m,valid
E001-v2,confirmation,C,c-s120-r300,confirmation-grid-equal-n5000-per-center,2026090603,radius,violations,0.0,count,valid
E001-v2,confirmation,C,c-s120-r300,confirmation-grid-equal-n5000-per-center,2026090603,seam300,value,0.0792802592251571,ratio,valid
E001-v2,confirmation,C,c-s120-r300,confirmation-grid-equal-n5000-per-center,2026090604,a4,value,0.0,ratio,valid
E001-v2,confirmation,C,c-s120-r300,confirmation-grid-equal-n5000-per-center,2026090604,radius,max,299.9384829904618,m,valid
E001-v2,confirmation,C,c-s120-r300,confirmation-grid-equal-n5000-per-center,2026090604,radius,p50,137.13963977698543,m,valid
E001-v2,confirmation,C,c-s120-r300,confirmation-grid-equal-n5000-per-center,2026090604,radius,p95,262.57411491042814,m,valid
E001-v2,confirmation,C,c-s120-r300,confirmation-grid-equal-n5000-per-center,2026090604,radius,p99,290.61548205201314,m,valid
E001-v2,confirmation,C,c-s120-r300,confirmation-grid-equal-n5000-per-center,2026090604,radius,violations,0.0,count,valid
E001-v2,confirmation,C,c-s120-r300,confirmation-grid-equal-n5000-per-center,2026090604,seam300,value,0.143118514277688,ratio,valid
E001-v2,confirmation,C,c-s120-r300,confirmation-grid-equal-n5000-per-center,2026090605,a4,value,0.0,ratio,valid
E001-v2,confirmation,C,c-s120-r300,confirmation-grid-equal-n5000-per-center,2026090605,radius,max,299.8396395687865,m,valid
E001-v2,confirmation,C,c-s120-r300,confirmation-grid-equal-n5000-per-center,2026090605,radius,p50,135.97109001694906,m,valid
E001-v2,confirmation,C,c-s120-r300,confirmation-grid-equal-n5000-per-center,2026090605,radius,p95,260.3080562864564,m,valid
E001-v2,confirmation,C,c-s120-r300,confirmation-grid-equal-n5000-per-center,2026090605,radius,p99,289.70475408057086,m,valid
E001-v2,confirmation,C,c-s120-r300,confirmation-grid-equal-n5000-per-center,2026090605,radius,violations,0.0,count,valid
E001-v2,confirmation,C,c-s120-r300,confirmation-grid-equal-n5000-per-center,2026090605,seam300,value,0.19958976096424602,ratio,valid
E001-v2,confirmation,C,c-s120-r300,confirmation-single-n500,,a4,max,0.016131838093549095,ratio,valid
E001-v2,confirmation,C,c-s120-r300,confirmation-single-n500,,a4,median,0.0,ratio,valid
E001-v2,confirmation,C,c-s120-r300,confirmation-single-n500,,a4,min,0.0,ratio,valid
E001-v2,confirmation,C,c-s120-r300,confirmation-single-n500,,hotspot50,cv,1.1693416951430402,ratio,valid
E001-v2,confirmation,C,c-s120-r300,confirmation-single-n500,,hotspot50,max,20.0,count,valid
E001-v2,confirmation,C,c-s120-r300,confirmation-single-n500,,hotspot50,p99,16.0,count,valid
E001-v2,confirmation,C,c-s120-r300,confirmation-single-n500,,neighbors10,value,0.944,count,valid
E001-v2,confirmation,C,c-s120-r300,confirmation-single-n500,,proximity16,value,0.818,ratio,valid
E001-v2,confirmation,C,c-s120-r300,confirmation-single-n500,,proximity24,value,0.93,ratio,valid
E001-v2,confirmation,C,c-s120-r300,confirmation-single-n500,,proximity8,value,0.424,ratio,valid
E001-v2,confirmation,C,c-s120-r300,confirmation-single-n500,,radius,max.max,293.5669009192803,m,valid
E001-v2,confirmation,C,c-s120-r300,confirmation-single-n500,,radius,max.median,290.7234345200254,m,valid
E001-v2,confirmation,C,c-s120-r300,confirmation-single-n500,,radius,max.min,276.7999674275423,m,valid
E001-v2,confirmation,C,c-s120-r300,confirmation-single-n500,,radius,p50.max,151.0063330087093,m,valid
E001-v2,confirmation,C,c-s120-r300,confirmation-single-n500,,radius,p50.median,138.3788645765197,m,valid
E001-v2,confirmation,C,c-s120-r300,confirmation-single-n500,,radius,p50.min,131.51367507491327,m,valid
E001-v2,confirmation,C,c-s120-r300,confirmation-single-n500,,radius,p95.max,266.25172778279233,m,valid
E001-v2,confirmation,C,c-s120-r300,confirmation-single-n500,,radius,p95.median,261.6719076784769,m,valid
E001-v2,confirmation,C,c-s120-r300,confirmation-single-n500,,radius,p95.min,250.88439225853946,m,valid
E001-v2,confirmation,C,c-s120-r300,confirmation-single-n500,,radius,p99.max,291.9811574452997,m,valid
E001-v2,confirmation,C,c-s120-r300,confirmation-single-n500,,radius,p99.median,275.0449892965674,m,valid
E001-v2,confirmation,C,c-s120-r300,confirmation-single-n500,,radius,p99.min,269.006212759197,m,valid
E001-v2,confirmation,C,c-s120-r300,confirmation-single-n500,,radius,violations.max,0.0,count,valid
E001-v2,confirmation,C,c-s120-r300,confirmation-single-n500,,radius,violations.median,0.0,count,valid
E001-v2,confirmation,C,c-s120-r300,confirmation-single-n500,,radius,violations.min,0.0,count,valid
E001-v2,confirmation,C,c-s120-r300,confirmation-single-n500,,samplerFailureCount,value,0.0,count,valid
E001-v2,confirmation,C,c-s120-r300,confirmation-single-n500,,seam300,max,0.711111111111111,ratio,valid
E001-v2,confirmation,C,c-s120-r300,confirmation-single-n500,,seam300,median,0.569047619047619,ratio,valid
E001-v2,confirmation,C,c-s120-r300,confirmation-single-n500,,seam300,min,0.494047619047619,ratio,valid
E001-v2,confirmation,C,c-s120-r300,confirmation-single-n500,2026090601,a4,value,0.0,ratio,valid
E001-v2,confirmation,C,c-s120-r300,confirmation-single-n500,2026090601,radius,max,276.7999674275423,m,valid
E001-v2,confirmation,C,c-s120-r300,confirmation-single-n500,2026090601,radius,p50,131.51367507491327,m,valid
E001-v2,confirmation,C,c-s120-r300,confirmation-single-n500,2026090601,radius,p95,250.88439225853946,m,valid
E001-v2,confirmation,C,c-s120-r300,confirmation-single-n500,2026090601,radius,p99,275.0449892965674,m,valid
E001-v2,confirmation,C,c-s120-r300,confirmation-single-n500,2026090601,radius,violations,0.0,count,valid
E001-v2,confirmation,C,c-s120-r300,confirmation-single-n500,2026090601,seam300,value,0.5,ratio,valid
E001-v2,confirmation,C,c-s120-r300,confirmation-single-n500,2026090602,a4,value,0.0,ratio,valid
E001-v2,confirmation,C,c-s120-r300,confirmation-single-n500,2026090602,radius,max,292.5676152084135,m,valid
E001-v2,confirmation,C,c-s120-r300,confirmation-single-n500,2026090602,radius,p50,143.10121739454243,m,valid
E001-v2,confirmation,C,c-s120-r300,confirmation-single-n500,2026090602,radius,p95,261.6719076784769,m,valid
E001-v2,confirmation,C,c-s120-r300,confirmation-single-n500,2026090602,radius,p99,269.006212759197,m,valid
E001-v2,confirmation,C,c-s120-r300,confirmation-single-n500,2026090602,radius,violations,0.0,count,valid
E001-v2,confirmation,C,c-s120-r300,confirmation-single-n500,2026090602,seam300,value,0.711111111111111,ratio,valid
E001-v2,confirmation,C,c-s120-r300,confirmation-single-n500,2026090603,a4,value,0.016131838093549095,ratio,valid
E001-v2,confirmation,C,c-s120-r300,confirmation-single-n500,2026090603,radius,max,290.7234345200254,m,valid
E001-v2,confirmation,C,c-s120-r300,confirmation-single-n500,2026090603,radius,p50,138.3788645765197,m,valid
E001-v2,confirmation,C,c-s120-r300,confirmation-single-n500,2026090603,radius,p95,266.25172778279233,m,valid
E001-v2,confirmation,C,c-s120-r300,confirmation-single-n500,2026090603,radius,p99,290.4800291187056,m,valid
E001-v2,confirmation,C,c-s120-r300,confirmation-single-n500,2026090603,radius,violations,0.0,count,valid
E001-v2,confirmation,C,c-s120-r300,confirmation-single-n500,2026090603,seam300,value,0.6857142857142857,ratio,valid
E001-v2,confirmation,C,c-s120-r300,confirmation-single-n500,2026090604,a4,value,0.0,ratio,valid
E001-v2,confirmation,C,c-s120-r300,confirmation-single-n500,2026090604,radius,max,277.4955107229588,m,valid
E001-v2,confirmation,C,c-s120-r300,confirmation-single-n500,2026090604,radius,p50,151.0063330087093,m,valid
E001-v2,confirmation,C,c-s120-r300,confirmation-single-n500,2026090604,radius,p95,259.45032037586395,m,valid
E001-v2,confirmation,C,c-s120-r300,confirmation-single-n500,2026090604,radius,p99,272.7380048340006,m,valid
E001-v2,confirmation,C,c-s120-r300,confirmation-single-n500,2026090604,radius,violations,0.0,count,valid
E001-v2,confirmation,C,c-s120-r300,confirmation-single-n500,2026090604,seam300,value,0.494047619047619,ratio,valid
E001-v2,confirmation,C,c-s120-r300,confirmation-single-n500,2026090605,a4,value,0.0,ratio,valid
E001-v2,confirmation,C,c-s120-r300,confirmation-single-n500,2026090605,radius,max,293.5669009192803,m,valid
E001-v2,confirmation,C,c-s120-r300,confirmation-single-n500,2026090605,radius,p50,132.34286551105828,m,valid
E001-v2,confirmation,C,c-s120-r300,confirmation-single-n500,2026090605,radius,p95,262.8911651618408,m,valid
E001-v2,confirmation,C,c-s120-r300,confirmation-single-n500,2026090605,radius,p99,291.9811574452997,m,valid
E001-v2,confirmation,C,c-s120-r300,confirmation-single-n500,2026090605,radius,violations,0.0,count,valid
E001-v2,confirmation,C,c-s120-r300,confirmation-single-n500,2026090605,seam300,value,0.569047619047619,ratio,valid
E001-v2,confirmation,C,c-s120-r300,confirmation-single-n5000,,a4,max,0.036195159897428386,ratio,valid
E001-v2,confirmation,C,c-s120-r300,confirmation-single-n5000,,a4,median,0.0,ratio,valid
E001-v2,confirmation,C,c-s120-r300,confirmation-single-n5000,,a4,min,0.0,ratio,valid
E001-v2,confirmation,C,c-s120-r300,confirmation-single-n5000,,hotspot50,cv,1.1049254092471579,ratio,valid
E001-v2,confirmation,C,c-s120-r300,confirmation-single-n5000,,hotspot50,max,149.0,count,valid
E001-v2,confirmation,C,c-s120-r300,confirmation-single-n5000,,hotspot50,p99,144.0,count,valid
E001-v2,confirmation,C,c-s120-r300,confirmation-single-n5000,,neighbors10,value,9.8012,count,valid
E001-v2,confirmation,C,c-s120-r300,confirmation-single-n5000,,proximity16,value,0.9962,ratio,valid
E001-v2,confirmation,C,c-s120-r300,confirmation-single-n5000,,proximity24,value,0.9998,ratio,valid
E001-v2,confirmation,C,c-s120-r300,confirmation-single-n5000,,proximity8,value,0.9438,ratio,valid
E001-v2,confirmation,C,c-s120-r300,confirmation-single-n5000,,radius,max.max,299.81446851267,m,valid
E001-v2,confirmation,C,c-s120-r300,confirmation-single-n5000,,radius,max.median,299.53552080270526,m,valid
E001-v2,confirmation,C,c-s120-r300,confirmation-single-n5000,,radius,max.min,297.1750825976326,m,valid
E001-v2,confirmation,C,c-s120-r300,confirmation-single-n5000,,radius,p50.max,140.9419635598184,m,valid
E001-v2,confirmation,C,c-s120-r300,confirmation-single-n5000,,radius,p50.median,133.3820907700025,m,valid
E001-v2,confirmation,C,c-s120-r300,confirmation-single-n5000,,radius,p50.min,130.58957695879604,m,valid
E001-v2,confirmation,C,c-s120-r300,confirmation-single-n5000,,radius,p95.max,265.9482123313375,m,valid
E001-v2,confirmation,C,c-s120-r300,confirmation-single-n5000,,radius,p95.median,260.61782937314183,m,valid
E001-v2,confirmation,C,c-s120-r300,confirmation-single-n5000,,radius,p95.min,257.9385116121881,m,valid
E001-v2,confirmation,C,c-s120-r300,confirmation-single-n5000,,radius,p99.max,293.8227275316864,m,valid
E001-v2,confirmation,C,c-s120-r300,confirmation-single-n5000,,radius,p99.median,289.66782148555103,m,valid
E001-v2,confirmation,C,c-s120-r300,confirmation-single-n5000,,radius,p99.min,287.67376882031624,m,valid
E001-v2,confirmation,C,c-s120-r300,confirmation-single-n5000,,radius,violations.max,0.0,count,valid
E001-v2,confirmation,C,c-s120-r300,confirmation-single-n5000,,radius,violations.median,0.0,count,valid
E001-v2,confirmation,C,c-s120-r300,confirmation-single-n5000,,radius,violations.min,0.0,count,valid
E001-v2,confirmation,C,c-s120-r300,confirmation-single-n5000,,samplerFailureCount,value,0.0,count,valid
E001-v2,confirmation,C,c-s120-r300,confirmation-single-n5000,,seam300,max,0.4437038073410795,ratio,valid
E001-v2,confirmation,C,c-s120-r300,confirmation-single-n5000,,seam300,median,0.3020983974985343,ratio,valid
E001-v2,confirmation,C,c-s120-r300,confirmation-single-n5000,,seam300,min,0.11279586142757497,ratio,valid
E001-v2,confirmation,C,c-s120-r300,confirmation-single-n5000,2026090601,a4,value,0.0,ratio,valid
E001-v2,confirmation,C,c-s120-r300,confirmation-single-n5000,2026090601,radius,max,299.7047559282291,m,valid
E001-v2,confirmation,C,c-s120-r300,confirmation-single-n5000,2026090601,radius,p50,133.3820907700025,m,valid
E001-v2,confirmation,C,c-s120-r300,confirmation-single-n5000,2026090601,radius,p95,260.5827292138407,m,valid
E001-v2,confirmation,C,c-s120-r300,confirmation-single-n5000,2026090601,radius,p99,293.8227275316864,m,valid
E001-v2,confirmation,C,c-s120-r300,confirmation-single-n5000,2026090601,radius,violations,0.0,count,valid
E001-v2,confirmation,C,c-s120-r300,confirmation-single-n5000,2026090601,seam300,value,0.11279586142757497,ratio,valid
E001-v2,confirmation,C,c-s120-r300,confirmation-single-n5000,2026090602,a4,value,0.0,ratio,valid
E001-v2,confirmation,C,c-s120-r300,confirmation-single-n5000,2026090602,radius,max,297.1750825976326,m,valid
E001-v2,confirmation,C,c-s120-r300,confirmation-single-n5000,2026090602,radius,p50,130.58957695879604,m,valid
E001-v2,confirmation,C,c-s120-r300,confirmation-single-n5000,2026090602,radius,p95,265.9482123313375,m,valid
E001-v2,confirmation,C,c-s120-r300,confirmation-single-n5000,2026090602,radius,p99,291.3490961727497,m,valid
E001-v2,confirmation,C,c-s120-r300,confirmation-single-n5000,2026090602,radius,violations,0.0,count,valid
E001-v2,confirmation,C,c-s120-r300,confirmation-single-n5000,2026090602,seam300,value,0.12543706293706294,ratio,valid
E001-v2,confirmation,C,c-s120-r300,confirmation-single-n5000,2026090603,a4,value,0.0,ratio,valid
E001-v2,confirmation,C,c-s120-r300,confirmation-single-n5000,2026090603,radius,max,299.53552080270526,m,valid
E001-v2,confirmation,C,c-s120-r300,confirmation-single-n5000,2026090603,radius,p50,140.9419635598184,m,valid
E001-v2,confirmation,C,c-s120-r300,confirmation-single-n5000,2026090603,radius,p95,260.61782937314183,m,valid
E001-v2,confirmation,C,c-s120-r300,confirmation-single-n5000,2026090603,radius,p99,289.5883896344923,m,valid
E001-v2,confirmation,C,c-s120-r300,confirmation-single-n5000,2026090603,radius,violations,0.0,count,valid
E001-v2,confirmation,C,c-s120-r300,confirmation-single-n5000,2026090603,seam300,value,0.4437038073410795,ratio,valid
E001-v2,confirmation,C,c-s120-r300,confirmation-single-n5000,2026090604,a4,value,0.036195159897428386,ratio,valid
E001-v2,confirmation,C,c-s120-r300,confirmation-single-n5000,2026090604,radius,max,299.81446851267,m,valid
E001-v2,confirmation,C,c-s120-r300,confirmation-single-n5000,2026090604,radius,p50,133.27639183886015,m,valid
E001-v2,confirmation,C,c-s120-r300,confirmation-single-n5000,2026090604,radius,p95,257.9385116121881,m,valid
E001-v2,confirmation,C,c-s120-r300,confirmation-single-n5000,2026090604,radius,p99,287.67376882031624,m,valid
E001-v2,confirmation,C,c-s120-r300,confirmation-single-n5000,2026090604,radius,violations,0.0,count,valid
E001-v2,confirmation,C,c-s120-r300,confirmation-single-n5000,2026090604,seam300,value,0.3020983974985343,ratio,valid
E001-v2,confirmation,C,c-s120-r300,confirmation-single-n5000,2026090605,a4,value,0.03155094979284947,ratio,valid
E001-v2,confirmation,C,c-s120-r300,confirmation-single-n5000,2026090605,radius,max,299.00921148627225,m,valid
E001-v2,confirmation,C,c-s120-r300,confirmation-single-n5000,2026090605,radius,p50,133.42841511568477,m,valid
E001-v2,confirmation,C,c-s120-r300,confirmation-single-n5000,2026090605,radius,p95,265.8242072901346,m,valid
E001-v2,confirmation,C,c-s120-r300,confirmation-single-n5000,2026090605,radius,p99,289.66782148555103,m,valid
E001-v2,confirmation,C,c-s120-r300,confirmation-single-n5000,2026090605,radius,violations,0.0,count,valid
E001-v2,confirmation,C,c-s120-r300,confirmation-single-n5000,2026090605,seam300,value,0.3521926555356788,ratio,valid
E001-v2,confirmation,D,d-s120-r300,confirmation-grid-equal-n500-per-center,,a4,max,0.06335365025886397,ratio,valid
E001-v2,confirmation,D,d-s120-r300,confirmation-grid-equal-n500-per-center,,a4,median,0.0,ratio,valid
E001-v2,confirmation,D,d-s120-r300,confirmation-grid-equal-n500-per-center,,a4,min,0.0,ratio,valid
E001-v2,confirmation,D,d-s120-r300,confirmation-grid-equal-n500-per-center,,hotspot50,cv,1.0558350039450082,ratio,valid
E001-v2,confirmation,D,d-s120-r300,confirmation-grid-equal-n500-per-center,,hotspot50,max,36.0,count,valid
E001-v2,confirmation,D,d-s120-r300,confirmation-grid-equal-n500-per-center,,hotspot50,p99,31.0,count,valid
E001-v2,confirmation,D,d-s120-r300,confirmation-grid-equal-n500-per-center,,neighbors10,value,1.9022222222222223,count,valid
E001-v2,confirmation,D,d-s120-r300,confirmation-grid-equal-n500-per-center,,proximity16,value,0.9582222222222222,ratio,valid
E001-v2,confirmation,D,d-s120-r300,confirmation-grid-equal-n500-per-center,,proximity24,value,0.9884444444444445,ratio,valid
E001-v2,confirmation,D,d-s120-r300,confirmation-grid-equal-n500-per-center,,proximity8,value,0.6671111111111111,ratio,valid
E001-v2,confirmation,D,d-s120-r300,confirmation-grid-equal-n500-per-center,,radius,max.max,272.37966609355004,m,valid
E001-v2,confirmation,D,d-s120-r300,confirmation-grid-equal-n500-per-center,,radius,max.median,252.45318219674283,m,valid
E001-v2,confirmation,D,d-s120-r300,confirmation-grid-equal-n500-per-center,,radius,max.min,238.41455667584646,m,valid
E001-v2,confirmation,D,d-s120-r300,confirmation-grid-equal-n500-per-center,,radius,p50.max,103.1894957667096,m,valid
E001-v2,confirmation,D,d-s120-r300,confirmation-grid-equal-n500-per-center,,radius,p50.median,97.97773903466462,m,valid
E001-v2,confirmation,D,d-s120-r300,confirmation-grid-equal-n500-per-center,,radius,p50.min,96.19075261687033,m,valid
E001-v2,confirmation,D,d-s120-r300,confirmation-grid-equal-n500-per-center,,radius,p95.max,194.61257700767447,m,valid
E001-v2,confirmation,D,d-s120-r300,confirmation-grid-equal-n500-per-center,,radius,p95.median,188.69062635355576,m,valid
E001-v2,confirmation,D,d-s120-r300,confirmation-grid-equal-n500-per-center,,radius,p95.min,183.35920920486174,m,valid
E001-v2,confirmation,D,d-s120-r300,confirmation-grid-equal-n500-per-center,,radius,p99.max,222.59907083265605,m,valid
E001-v2,confirmation,D,d-s120-r300,confirmation-grid-equal-n500-per-center,,radius,p99.median,221.69836491040823,m,valid
E001-v2,confirmation,D,d-s120-r300,confirmation-grid-equal-n500-per-center,,radius,p99.min,218.12947850717055,m,valid
E001-v2,confirmation,D,d-s120-r300,confirmation-grid-equal-n500-per-center,,radius,violations.max,0.0,count,valid
E001-v2,confirmation,D,d-s120-r300,confirmation-grid-equal-n500-per-center,,radius,violations.median,0.0,count,valid
E001-v2,confirmation,D,d-s120-r300,confirmation-grid-equal-n500-per-center,,radius,violations.min,0.0,count,valid
E001-v2,confirmation,D,d-s120-r300,confirmation-grid-equal-n500-per-center,,samplerFailureCount,value,0.0,count,valid
E001-v2,confirmation,D,d-s120-r300,confirmation-grid-equal-n500-per-center,,seam300,max,0.469693094629156,ratio,valid
E001-v2,confirmation,D,d-s120-r300,confirmation-grid-equal-n500-per-center,,seam300,median,0.3528769841269841,ratio,valid
E001-v2,confirmation,D,d-s120-r300,confirmation-grid-equal-n500-per-center,,seam300,min,0.21818181818181814,ratio,valid
E001-v2,confirmation,D,d-s120-r300,confirmation-grid-equal-n500-per-center,2026090601,a4,value,0.021773177489863453,ratio,valid
E001-v2,confirmation,D,d-s120-r300,confirmation-grid-equal-n500-per-center,2026090601,radius,max,243.76053140695348,m,valid
E001-v2,confirmation,D,d-s120-r300,confirmation-grid-equal-n500-per-center,2026090601,radius,p50,96.19075261687033,m,valid
E001-v2,confirmation,D,d-s120-r300,confirmation-grid-equal-n500-per-center,2026090601,radius,p95,183.35920920486174,m,valid
E001-v2,confirmation,D,d-s120-r300,confirmation-grid-equal-n500-per-center,2026090601,radius,p99,221.9536424347222,m,valid
E001-v2,confirmation,D,d-s120-r300,confirmation-grid-equal-n500-per-center,2026090601,radius,violations,0.0,count,valid
E001-v2,confirmation,D,d-s120-r300,confirmation-grid-equal-n500-per-center,2026090601,seam300,value,0.4596113445378151,ratio,valid
E001-v2,confirmation,D,d-s120-r300,confirmation-grid-equal-n500-per-center,2026090602,a4,value,0.06335365025886397,ratio,valid
E001-v2,confirmation,D,d-s120-r300,confirmation-grid-equal-n500-per-center,2026090602,radius,max,238.41455667584646,m,valid
E001-v2,confirmation,D,d-s120-r300,confirmation-grid-equal-n500-per-center,2026090602,radius,p50,103.1894957667096,m,valid
E001-v2,confirmation,D,d-s120-r300,confirmation-grid-equal-n500-per-center,2026090602,radius,p95,194.61257700767447,m,valid
E001-v2,confirmation,D,d-s120-r300,confirmation-grid-equal-n500-per-center,2026090602,radius,p99,222.59907083265605,m,valid
E001-v2,confirmation,D,d-s120-r300,confirmation-grid-equal-n500-per-center,2026090602,radius,violations,0.0,count,valid
E001-v2,confirmation,D,d-s120-r300,confirmation-grid-equal-n500-per-center,2026090602,seam300,value,0.34080086580086577,ratio,valid
E001-v2,confirmation,D,d-s120-r300,confirmation-grid-equal-n500-per-center,2026090603,a4,value,0.0,ratio,valid
E001-v2,confirmation,D,d-s120-r300,confirmation-grid-equal-n500-per-center,2026090603,radius,max,269.7260827562503,m,valid
E001-v2,confirmation,D,d-s120-r300,confirmation-grid-equal-n500-per-center,2026090603,radius,p50,97.97773903466462,m,valid
E001-v2,confirmation,D,d-s120-r300,confirmation-grid-equal-n500-per-center,2026090603,radius,p95,187.0583259916303,m,valid
E001-v2,confirmation,D,d-s120-r300,confirmation-grid-equal-n500-per-center,2026090603,radius,p99,218.12947850717055,m,valid
E001-v2,confirmation,D,d-s120-r300,confirmation-grid-equal-n500-per-center,2026090603,radius,violations,0.0,count,valid
E001-v2,confirmation,D,d-s120-r300,confirmation-grid-equal-n500-per-center,2026090603,seam300,value,0.3528769841269841,ratio,valid
E001-v2,confirmation,D,d-s120-r300,confirmation-grid-equal-n500-per-center,2026090604,a4,value,0.0,ratio,valid
E001-v2,confirmation,D,d-s120-r300,confirmation-grid-equal-n500-per-center,2026090604,radius,max,252.45318219674283,m,valid
E001-v2,confirmation,D,d-s120-r300,confirmation-grid-equal-n500-per-center,2026090604,radius,p50,99.05691842899166,m,valid
E001-v2,confirmation,D,d-s120-r300,confirmation-grid-equal-n500-per-center,2026090604,radius,p95,190.9831671881561,m,valid
E001-v2,confirmation,D,d-s120-r300,confirmation-grid-equal-n500-per-center,2026090604,radius,p99,219.2045342679137,m,valid
E001-v2,confirmation,D,d-s120-r300,confirmation-grid-equal-n500-per-center,2026090604,radius,violations,0.0,count,valid
E001-v2,confirmation,D,d-s120-r300,confirmation-grid-equal-n500-per-center,2026090604,seam300,value,0.469693094629156,ratio,valid
E001-v2,confirmation,D,d-s120-r300,confirmation-grid-equal-n500-per-center,2026090605,a4,value,0.0,ratio,valid
E001-v2,confirmation,D,d-s120-r300,confirmation-grid-equal-n500-per-center,2026090605,radius,max,272.37966609355004,m,valid
E001-v2,confirmation,D,d-s120-r300,confirmation-grid-equal-n500-per-center,2026090605,radius,p50,96.53046656510621,m,valid
E001-v2,confirmation,D,d-s120-r300,confirmation-grid-equal-n500-per-center,2026090605,radius,p95,188.69062635355576,m,valid
E001-v2,confirmation,D,d-s120-r300,confirmation-grid-equal-n500-per-center,2026090605,radius,p99,221.69836491040823,m,valid
E001-v2,confirmation,D,d-s120-r300,confirmation-grid-equal-n500-per-center,2026090605,radius,violations,0.0,count,valid
E001-v2,confirmation,D,d-s120-r300,confirmation-grid-equal-n500-per-center,2026090605,seam300,value,0.21818181818181814,ratio,valid
E001-v2,confirmation,D,d-s120-r300,confirmation-grid-equal-n5000-per-center,,a4,max,0.013298685846473746,ratio,valid
E001-v2,confirmation,D,d-s120-r300,confirmation-grid-equal-n5000-per-center,,a4,median,0.009643738459570016,ratio,valid
E001-v2,confirmation,D,d-s120-r300,confirmation-grid-equal-n5000-per-center,,a4,min,0.0,ratio,valid
E001-v2,confirmation,D,d-s120-r300,confirmation-grid-equal-n5000-per-center,,hotspot50,cv,0.9995803563940664,ratio,valid
E001-v2,confirmation,D,d-s120-r300,confirmation-grid-equal-n5000-per-center,,hotspot50,max,272.0,count,valid
E001-v2,confirmation,D,d-s120-r300,confirmation-grid-equal-n5000-per-center,,hotspot50,p99,255.0,count,valid
E001-v2,confirmation,D,d-s120-r300,confirmation-grid-equal-n5000-per-center,,neighbors10,value,19.904622222222223,count,valid
E001-v2,confirmation,D,d-s120-r300,confirmation-grid-equal-n5000-per-center,,proximity16,value,0.9983777777777778,ratio,valid
E001-v2,confirmation,D,d-s120-r300,confirmation-grid-equal-n5000-per-center,,proximity24,value,0.9994222222222222,ratio,valid
E001-v2,confirmation,D,d-s120-r300,confirmation-grid-equal-n5000-per-center,,proximity8,value,0.9889555555555556,ratio,valid
E001-v2,confirmation,D,d-s120-r300,confirmation-grid-equal-n5000-per-center,,radius,max.max,285.4965471357341,m,valid
E001-v2,confirmation,D,d-s120-r300,confirmation-grid-equal-n5000-per-center,,radius,max.median,269.973947401031,m,valid
E001-v2,confirmation,D,d-s120-r300,confirmation-grid-equal-n5000-per-center,,radius,max.min,266.6064470810421,m,valid
E001-v2,confirmation,D,d-s120-r300,confirmation-grid-equal-n5000-per-center,,radius,p50.max,98.21630785248968,m,valid
E001-v2,confirmation,D,d-s120-r300,confirmation-grid-equal-n5000-per-center,,radius,p50.median,97.72744393288866,m,valid
E001-v2,confirmation,D,d-s120-r300,confirmation-grid-equal-n5000-per-center,,radius,p50.min,97.43804116496332,m,valid
E001-v2,confirmation,D,d-s120-r300,confirmation-grid-equal-n5000-per-center,,radius,p95.max,190.63388700714947,m,valid
E001-v2,confirmation,D,d-s120-r300,confirmation-grid-equal-n5000-per-center,,radius,p95.median,190.25450111698638,m,valid
E001-v2,confirmation,D,d-s120-r300,confirmation-grid-equal-n5000-per-center,,radius,p95.min,188.93631205983326,m,valid
E001-v2,confirmation,D,d-s120-r300,confirmation-grid-equal-n5000-per-center,,radius,p99.max,225.92595467306484,m,valid
E001-v2,confirmation,D,d-s120-r300,confirmation-grid-equal-n5000-per-center,,radius,p99.median,222.1350353066909,m,valid
E001-v2,confirmation,D,d-s120-r300,confirmation-grid-equal-n5000-per-center,,radius,p99.min,221.78044419190522,m,valid
E001-v2,confirmation,D,d-s120-r300,confirmation-grid-equal-n5000-per-center,,radius,violations.max,0.0,count,valid
E001-v2,confirmation,D,d-s120-r300,confirmation-grid-equal-n5000-per-center,,radius,violations.median,0.0,count,valid
E001-v2,confirmation,D,d-s120-r300,confirmation-grid-equal-n5000-per-center,,radius,violations.min,0.0,count,valid
E001-v2,confirmation,D,d-s120-r300,confirmation-grid-equal-n5000-per-center,,samplerFailureCount,value,0.0,count,valid
E001-v2,confirmation,D,d-s120-r300,confirmation-grid-equal-n5000-per-center,,seam300,max,0.17214634916711297,ratio,valid
E001-v2,confirmation,D,d-s120-r300,confirmation-grid-equal-n5000-per-center,,seam300,median,0.11921146577356462,ratio,valid
E001-v2,confirmation,D,d-s120-r300,confirmation-grid-equal-n5000-per-center,,seam300,min,0.07912790593946983,ratio,valid
E001-v2,confirmation,D,d-s120-r300,confirmation-grid-equal-n5000-per-center,2026090601,a4,value,0.0,ratio,valid
E001-v2,confirmation,D,d-s120-r300,confirmation-grid-equal-n5000-per-center,2026090601,radius,max,269.973947401031,m,valid
E001-v2,confirmation,D,d-s120-r300,confirmation-grid-equal-n5000-per-center,2026090601,radius,p50,98.07906946746591,m,valid
E001-v2,confirmation,D,d-s120-r300,confirmation-grid-equal-n5000-per-center,2026090601,radius,p95,188.93631205983326,m,valid
E001-v2,confirmation,D,d-s120-r300,confirmation-grid-equal-n5000-per-center,2026090601,radius,p99,225.92595467306484,m,valid
E001-v2,confirmation,D,d-s120-r300,confirmation-grid-equal-n5000-per-center,2026090601,radius,violations,0.0,count,valid
E001-v2,confirmation,D,d-s120-r300,confirmation-grid-equal-n5000-per-center,2026090601,seam300,value,0.11921146577356462,ratio,valid
E001-v2,confirmation,D,d-s120-r300,confirmation-grid-equal-n5000-per-center,2026090602,a4,value,0.012997404217545486,ratio,valid
E001-v2,confirmation,D,d-s120-r300,confirmation-grid-equal-n5000-per-center,2026090602,radius,max,266.6064470810421,m,valid
E001-v2,confirmation,D,d-s120-r300,confirmation-grid-equal-n5000-per-center,2026090602,radius,p50,98.21630785248968,m,valid
E001-v2,confirmation,D,d-s120-r300,confirmation-grid-equal-n5000-per-center,2026090602,radius,p95,189.373447412271,m,valid
E001-v2,confirmation,D,d-s120-r300,confirmation-grid-equal-n5000-per-center,2026090602,radius,p99,222.43820279211707,m,valid
E001-v2,confirmation,D,d-s120-r300,confirmation-grid-equal-n5000-per-center,2026090602,radius,violations,0.0,count,valid
E001-v2,confirmation,D,d-s120-r300,confirmation-grid-equal-n5000-per-center,2026090602,seam300,value,0.15398481415998344,ratio,valid
E001-v2,confirmation,D,d-s120-r300,confirmation-grid-equal-n5000-per-center,2026090603,a4,value,0.013298685846473746,ratio,valid
E001-v2,confirmation,D,d-s120-r300,confirmation-grid-equal-n5000-per-center,2026090603,radius,max,268.9775219076359,m,valid
E001-v2,confirmation,D,d-s120-r300,confirmation-grid-equal-n5000-per-center,2026090603,radius,p50,97.43804116496332,m,valid
E001-v2,confirmation,D,d-s120-r300,confirmation-grid-equal-n5000-per-center,2026090603,radius,p95,190.63388700714947,m,valid
E001-v2,confirmation,D,d-s120-r300,confirmation-grid-equal-n5000-per-center,2026090603,radius,p99,221.78044419190522,m,valid
E001-v2,confirmation,D,d-s120-r300,confirmation-grid-equal-n5000-per-center,2026090603,radius,violations,0.0,count,valid
E001-v2,confirmation,D,d-s120-r300,confirmation-grid-equal-n5000-per-center,2026090603,seam300,value,0.07912790593946983,ratio,valid
E001-v2,confirmation,D,d-s120-r300,confirmation-grid-equal-n5000-per-center,2026090604,a4,value,0.009643738459570016,ratio,valid
E001-v2,confirmation,D,d-s120-r300,confirmation-grid-equal-n5000-per-center,2026090604,radius,max,278.24478628186034,m,valid
E001-v2,confirmation,D,d-s120-r300,confirmation-grid-equal-n5000-per-center,2026090604,radius,p50,97.72744393288866,m,valid
E001-v2,confirmation,D,d-s120-r300,confirmation-grid-equal-n5000-per-center,2026090604,radius,p95,190.26140065409933,m,valid
E001-v2,confirmation,D,d-s120-r300,confirmation-grid-equal-n5000-per-center,2026090604,radius,p99,222.11811119257564,m,valid
E001-v2,confirmation,D,d-s120-r300,confirmation-grid-equal-n5000-per-center,2026090604,radius,violations,0.0,count,valid
E001-v2,confirmation,D,d-s120-r300,confirmation-grid-equal-n5000-per-center,2026090604,seam300,value,0.08348464830142091,ratio,valid
E001-v2,confirmation,D,d-s120-r300,confirmation-grid-equal-n5000-per-center,2026090605,a4,value,0.0,ratio,valid
E001-v2,confirmation,D,d-s120-r300,confirmation-grid-equal-n5000-per-center,2026090605,radius,max,285.4965471357341,m,valid
E001-v2,confirmation,D,d-s120-r300,confirmation-grid-equal-n5000-per-center,2026090605,radius,p50,97.5808012075175,m,valid
E001-v2,confirmation,D,d-s120-r300,confirmation-grid-equal-n5000-per-center,2026090605,radius,p95,190.25450111698638,m,valid
E001-v2,confirmation,D,d-s120-r300,confirmation-grid-equal-n5000-per-center,2026090605,radius,p99,222.1350353066909,m,valid
E001-v2,confirmation,D,d-s120-r300,confirmation-grid-equal-n5000-per-center,2026090605,radius,violations,0.0,count,valid
E001-v2,confirmation,D,d-s120-r300,confirmation-grid-equal-n5000-per-center,2026090605,seam300,value,0.17214634916711297,ratio,valid
E001-v2,confirmation,D,d-s120-r300,confirmation-single-n500,,a4,max,0.14471087178975736,ratio,valid
E001-v2,confirmation,D,d-s120-r300,confirmation-single-n500,,a4,median,0.0,ratio,valid
E001-v2,confirmation,D,d-s120-r300,confirmation-single-n500,,a4,min,0.0,ratio,valid
E001-v2,confirmation,D,d-s120-r300,confirmation-single-n500,,hotspot50,cv,1.9559468295431772,ratio,valid
E001-v2,confirmation,D,d-s120-r300,confirmation-single-n500,,hotspot50,max,34.0,count,valid
E001-v2,confirmation,D,d-s120-r300,confirmation-single-n500,,hotspot50,p99,28.0,count,valid
E001-v2,confirmation,D,d-s120-r300,confirmation-single-n500,,neighbors10,value,2.044,count,valid
E001-v2,confirmation,D,d-s120-r300,confirmation-single-n500,,proximity16,value,0.924,ratio,valid
E001-v2,confirmation,D,d-s120-r300,confirmation-single-n500,,proximity24,value,0.966,ratio,valid
E001-v2,confirmation,D,d-s120-r300,confirmation-single-n500,,proximity8,value,0.642,ratio,valid
E001-v2,confirmation,D,d-s120-r300,confirmation-single-n500,,radius,max.max,234.18808383174633,m,valid
E001-v2,confirmation,D,d-s120-r300,confirmation-single-n500,,radius,max.median,216.79556488825204,m,valid
E001-v2,confirmation,D,d-s120-r300,confirmation-single-n500,,radius,max.min,196.85366356042877,m,valid
E001-v2,confirmation,D,d-s120-r300,confirmation-single-n500,,radius,p50.max,102.72325652054371,m,valid
E001-v2,confirmation,D,d-s120-r300,confirmation-single-n500,,radius,p50.median,95.70915583589897,m,valid
E001-v2,confirmation,D,d-s120-r300,confirmation-single-n500,,radius,p50.min,81.94898890230976,m,valid
E001-v2,confirmation,D,d-s120-r300,confirmation-single-n500,,radius,p95.max,181.47053810674274,m,valid
E001-v2,confirmation,D,d-s120-r300,confirmation-single-n500,,radius,p95.median,176.88847230089672,m,valid
E001-v2,confirmation,D,d-s120-r300,confirmation-single-n500,,radius,p95.min,167.58213811291068,m,valid
E001-v2,confirmation,D,d-s120-r300,confirmation-single-n500,,radius,p99.max,232.42063575159204,m,valid
E001-v2,confirmation,D,d-s120-r300,confirmation-single-n500,,radius,p99.median,202.80842038539276,m,valid
E001-v2,confirmation,D,d-s120-r300,confirmation-single-n500,,radius,p99.min,195.57984897071827,m,valid
E001-v2,confirmation,D,d-s120-r300,confirmation-single-n500,,radius,violations.max,0.0,count,valid
E001-v2,confirmation,D,d-s120-r300,confirmation-single-n500,,radius,violations.median,0.0,count,valid
E001-v2,confirmation,D,d-s120-r300,confirmation-single-n500,,radius,violations.min,0.0,count,valid
E001-v2,confirmation,D,d-s120-r300,confirmation-single-n500,,samplerFailureCount,value,0.0,count,valid
E001-v2,confirmation,D,d-s120-r300,confirmation-single-n500,,seam300,max,1.0,ratio,valid
E001-v2,confirmation,D,d-s120-r300,confirmation-single-n500,,seam300,median,0.6666666666666666,ratio,valid
E001-v2,confirmation,D,d-s120-r300,confirmation-single-n500,,seam300,min,0.5125,ratio,valid
E001-v2,confirmation,D,d-s120-r300,confirmation-single-n500,2026090601,a4,value,0.0,ratio,valid
E001-v2,confirmation,D,d-s120-r300,confirmation-single-n500,2026090601,radius,max,213.07660651658904,m,valid
E001-v2,confirmation,D,d-s120-r300,confirmation-single-n500,2026090601,radius,p50,102.72325652054371,m,valid
E001-v2,confirmation,D,d-s120-r300,confirmation-single-n500,2026090601,radius,p95,176.88847230089672,m,valid
E001-v2,confirmation,D,d-s120-r300,confirmation-single-n500,2026090601,radius,p99,202.80842038539276,m,valid
E001-v2,confirmation,D,d-s120-r300,confirmation-single-n500,2026090601,radius,violations,0.0,count,valid
E001-v2,confirmation,D,d-s120-r300,confirmation-single-n500,2026090601,seam300,value,0.875,ratio,valid
E001-v2,confirmation,D,d-s120-r300,confirmation-single-n500,2026090602,a4,value,0.03747807910673266,ratio,valid
E001-v2,confirmation,D,d-s120-r300,confirmation-single-n500,2026090602,radius,max,234.18808383174633,m,valid
E001-v2,confirmation,D,d-s120-r300,confirmation-single-n500,2026090602,radius,p50,95.70915583589897,m,valid
E001-v2,confirmation,D,d-s120-r300,confirmation-single-n500,2026090602,radius,p95,174.36019878133098,m,valid
E001-v2,confirmation,D,d-s120-r300,confirmation-single-n500,2026090602,radius,p99,232.42063575159204,m,valid
E001-v2,confirmation,D,d-s120-r300,confirmation-single-n500,2026090602,radius,violations,0.0,count,valid
E001-v2,confirmation,D,d-s120-r300,confirmation-single-n500,2026090602,seam300,value,0.5694444444444444,ratio,valid
E001-v2,confirmation,D,d-s120-r300,confirmation-single-n500,2026090603,a4,value,0.0,ratio,valid
E001-v2,confirmation,D,d-s120-r300,confirmation-single-n500,2026090603,radius,max,196.85366356042877,m,valid
E001-v2,confirmation,D,d-s120-r300,confirmation-single-n500,2026090603,radius,p50,90.19385936624525,m,valid
E001-v2,confirmation,D,d-s120-r300,confirmation-single-n500,2026090603,radius,p95,181.47053810674274,m,valid
E001-v2,confirmation,D,d-s120-r300,confirmation-single-n500,2026090603,radius,p99,195.71168365653526,m,valid
E001-v2,confirmation,D,d-s120-r300,confirmation-single-n500,2026090603,radius,violations,0.0,count,valid
E001-v2,confirmation,D,d-s120-r300,confirmation-single-n500,2026090603,seam300,value,0.6666666666666666,ratio,valid
E001-v2,confirmation,D,d-s120-r300,confirmation-single-n500,2026090604,a4,value,0.14471087178975736,ratio,valid
E001-v2,confirmation,D,d-s120-r300,confirmation-single-n500,2026090604,radius,max,221.67037387375797,m,valid
E001-v2,confirmation,D,d-s120-r300,confirmation-single-n500,2026090604,radius,p50,96.67620530236036,m,valid
E001-v2,confirmation,D,d-s120-r300,confirmation-single-n500,2026090604,radius,p95,179.05585019526563,m,valid
E001-v2,confirmation,D,d-s120-r300,confirmation-single-n500,2026090604,radius,p99,219.72016899186005,m,valid
E001-v2,confirmation,D,d-s120-r300,confirmation-single-n500,2026090604,radius,violations,0.0,count,valid
E001-v2,confirmation,D,d-s120-r300,confirmation-single-n500,2026090604,seam300,value,0.5125,ratio,valid
E001-v2,confirmation,D,d-s120-r300,confirmation-single-n500,2026090605,a4,value,0.0,ratio,valid
E001-v2,confirmation,D,d-s120-r300,confirmation-single-n500,2026090605,radius,max,216.79556488825204,m,valid
E001-v2,confirmation,D,d-s120-r300,confirmation-single-n500,2026090605,radius,p50,81.94898890230976,m,valid
E001-v2,confirmation,D,d-s120-r300,confirmation-single-n500,2026090605,radius,p95,167.58213811291068,m,valid
E001-v2,confirmation,D,d-s120-r300,confirmation-single-n500,2026090605,radius,p99,195.57984897071827,m,valid
E001-v2,confirmation,D,d-s120-r300,confirmation-single-n500,2026090605,radius,violations,0.0,count,valid
E001-v2,confirmation,D,d-s120-r300,confirmation-single-n500,2026090605,seam300,value,1.0,ratio,valid
E001-v2,confirmation,D,d-s120-r300,confirmation-single-n5000,,a4,max,0.038200791783452905,ratio,valid
E001-v2,confirmation,D,d-s120-r300,confirmation-single-n5000,,a4,median,0.0,ratio,valid
E001-v2,confirmation,D,d-s120-r300,confirmation-single-n5000,,a4,min,0.0,ratio,valid
E001-v2,confirmation,D,d-s120-r300,confirmation-single-n5000,,hotspot50,cv,1.8103460884593328,ratio,valid
E001-v2,confirmation,D,d-s120-r300,confirmation-single-n5000,,hotspot50,max,272.0,count,valid
E001-v2,confirmation,D,d-s120-r300,confirmation-single-n5000,,hotspot50,p99,261.0,count,valid
E001-v2,confirmation,D,d-s120-r300,confirmation-single-n5000,,neighbors10,value,19.2808,count,valid
E001-v2,confirmation,D,d-s120-r300,confirmation-single-n5000,,proximity16,value,0.9956,ratio,valid
E001-v2,confirmation,D,d-s120-r300,confirmation-single-n5000,,proximity24,value,0.9992,ratio,valid
E001-v2,confirmation,D,d-s120-r300,confirmation-single-n5000,,proximity8,value,0.9686,ratio,valid
E001-v2,confirmation,D,d-s120-r300,confirmation-single-n5000,,radius,max.max,253.38108299680374,m,valid
E001-v2,confirmation,D,d-s120-r300,confirmation-single-n5000,,radius,max.median,242.49103424315734,m,valid
E001-v2,confirmation,D,d-s120-r300,confirmation-single-n5000,,radius,max.min,240.1440094489678,m,valid
E001-v2,confirmation,D,d-s120-r300,confirmation-single-n5000,,radius,p50.max,97.52077828850884,m,valid
E001-v2,confirmation,D,d-s120-r300,confirmation-single-n5000,,radius,p50.median,95.74174640239835,m,valid
E001-v2,confirmation,D,d-s120-r300,confirmation-single-n5000,,radius,p50.min,95.07404030428283,m,valid
E001-v2,confirmation,D,d-s120-r300,confirmation-single-n5000,,radius,p95.max,194.31605886609148,m,valid
E001-v2,confirmation,D,d-s120-r300,confirmation-single-n5000,,radius,p95.median,185.80758153974452,m,valid
E001-v2,confirmation,D,d-s120-r300,confirmation-single-n5000,,radius,p95.min,182.7516753031044,m,valid
E001-v2,confirmation,D,d-s120-r300,confirmation-single-n5000,,radius,p99.max,228.95304399476018,m,valid
E001-v2,confirmation,D,d-s120-r300,confirmation-single-n5000,,radius,p99.median,216.28289238353625,m,valid
E001-v2,confirmation,D,d-s120-r300,confirmation-single-n5000,,radius,p99.min,213.9704684666084,m,valid
E001-v2,confirmation,D,d-s120-r300,confirmation-single-n5000,,radius,violations.max,0.0,count,valid
E001-v2,confirmation,D,d-s120-r300,confirmation-single-n5000,,radius,violations.median,0.0,count,valid
E001-v2,confirmation,D,d-s120-r300,confirmation-single-n5000,,radius,violations.min,0.0,count,valid
E001-v2,confirmation,D,d-s120-r300,confirmation-single-n5000,,samplerFailureCount,value,0.0,count,valid
E001-v2,confirmation,D,d-s120-r300,confirmation-single-n5000,,seam300,max,0.7488383838383839,ratio,valid
E001-v2,confirmation,D,d-s120-r300,confirmation-single-n5000,,seam300,median,0.3730639730639731,ratio,valid
E001-v2,confirmation,D,d-s120-r300,confirmation-single-n5000,,seam300,min,0.14563492063492062,ratio,valid
E001-v2,confirmation,D,d-s120-r300,confirmation-single-n5000,2026090601,a4,value,0.0,ratio,valid
E001-v2,confirmation,D,d-s120-r300,confirmation-single-n5000,2026090601,radius,max,240.1440094489678,m,valid
E001-v2,confirmation,D,d-s120-r300,confirmation-single-n5000,2026090601,radius,p50,97.52077828850884,m,valid
E001-v2,confirmation,D,d-s120-r300,confirmation-single-n5000,2026090601,radius,p95,182.7516753031044,m,valid
E001-v2,confirmation,D,d-s120-r300,confirmation-single-n5000,2026090601,radius,p99,213.9704684666084,m,valid
E001-v2,confirmation,D,d-s120-r300,confirmation-single-n5000,2026090601,radius,violations,0.0,count,valid
E001-v2,confirmation,D,d-s120-r300,confirmation-single-n5000,2026090601,seam300,value,0.39671750663129973,ratio,valid
E001-v2,confirmation,D,d-s120-r300,confirmation-single-n5000,2026090602,a4,value,0.038200791783452905,ratio,valid
E001-v2,confirmation,D,d-s120-r300,confirmation-single-n5000,2026090602,radius,max,251.00008383288164,m,valid
E001-v2,confirmation,D,d-s120-r300,confirmation-single-n5000,2026090602,radius,p50,95.30200615295817,m,valid
E001-v2,confirmation,D,d-s120-r300,confirmation-single-n5000,2026090602,radius,p95,184.65587796632997,m,valid
E001-v2,confirmation,D,d-s120-r300,confirmation-single-n5000,2026090602,radius,p99,214.70618770759995,m,valid
E001-v2,confirmation,D,d-s120-r300,confirmation-single-n5000,2026090602,radius,violations,0.0,count,valid
E001-v2,confirmation,D,d-s120-r300,confirmation-single-n5000,2026090602,seam300,value,0.14563492063492062,ratio,valid
E001-v2,confirmation,D,d-s120-r300,confirmation-single-n5000,2026090603,a4,value,0.0,ratio,valid
E001-v2,confirmation,D,d-s120-r300,confirmation-single-n5000,2026090603,radius,max,242.49103424315734,m,valid
E001-v2,confirmation,D,d-s120-r300,confirmation-single-n5000,2026090603,radius,p50,95.07404030428283,m,valid
E001-v2,confirmation,D,d-s120-r300,confirmation-single-n5000,2026090603,radius,p95,185.80758153974452,m,valid
E001-v2,confirmation,D,d-s120-r300,confirmation-single-n5000,2026090603,radius,p99,228.95304399476018,m,valid
E001-v2,confirmation,D,d-s120-r300,confirmation-single-n5000,2026090603,radius,violations,0.0,count,valid
E001-v2,confirmation,D,d-s120-r300,confirmation-single-n5000,2026090603,seam300,value,0.7488383838383839,ratio,valid
E001-v2,confirmation,D,d-s120-r300,confirmation-single-n5000,2026090604,a4,value,0.0,ratio,valid
E001-v2,confirmation,D,d-s120-r300,confirmation-single-n5000,2026090604,radius,max,241.8374347474655,m,valid
E001-v2,confirmation,D,d-s120-r300,confirmation-single-n5000,2026090604,radius,p50,95.74174640239835,m,valid
E001-v2,confirmation,D,d-s120-r300,confirmation-single-n5000,2026090604,radius,p95,187.020377095859,m,valid
E001-v2,confirmation,D,d-s120-r300,confirmation-single-n5000,2026090604,radius,p99,216.28289238353625,m,valid
E001-v2,confirmation,D,d-s120-r300,confirmation-single-n5000,2026090604,radius,violations,0.0,count,valid
E001-v2,confirmation,D,d-s120-r300,confirmation-single-n5000,2026090604,seam300,value,0.24008998248128682,ratio,valid
E001-v2,confirmation,D,d-s120-r300,confirmation-single-n5000,2026090605,a4,value,0.0,ratio,valid
E001-v2,confirmation,D,d-s120-r300,confirmation-single-n5000,2026090605,radius,max,253.38108299680374,m,valid
E001-v2,confirmation,D,d-s120-r300,confirmation-single-n5000,2026090605,radius,p50,97.02854493997624,m,valid
E001-v2,confirmation,D,d-s120-r300,confirmation-single-n5000,2026090605,radius,p95,194.31605886609148,m,valid
E001-v2,confirmation,D,d-s120-r300,confirmation-single-n5000,2026090605,radius,p99,223.7718989643605,m,valid
E001-v2,confirmation,D,d-s120-r300,confirmation-single-n5000,2026090605,radius,violations,0.0,count,valid
E001-v2,confirmation,D,d-s120-r300,confirmation-single-n5000,2026090605,seam300,value,0.3730639730639731,ratio,valid
E001-v2,review,A,a-square-300,review-ad-grid-equal-n500-per-center,,a4,max,0.15363944833802307,ratio,valid
E001-v2,review,A,a-square-300,review-ad-grid-equal-n500-per-center,,a4,median,0.14244529565179023,ratio,valid
E001-v2,review,A,a-square-300,review-ad-grid-equal-n500-per-center,,a4,min,0.11058120679885904,ratio,valid
E001-v2,review,A,a-square-300,review-ad-grid-equal-n500-per-center,,hotspot50,cv,0.9453963307640992,ratio,valid
E001-v2,review,A,a-square-300,review-ad-grid-equal-n500-per-center,,hotspot50,max,27.0,count,valid
E001-v2,review,A,a-square-300,review-ad-grid-equal-n500-per-center,,hotspot50,p99,21.0,count,valid
E001-v2,review,A,a-square-300,review-ad-grid-equal-n500-per-center,,neighbors10,value,1.7324444444444445,count,valid
E001-v2,review,A,a-square-300,review-ad-grid-equal-n500-per-center,,proximity16,value,0.9897777777777778,ratio,valid
E001-v2,review,A,a-square-300,review-ad-grid-equal-n500-per-center,,proximity24,value,1.0,ratio,valid
E001-v2,review,A,a-square-300,review-ad-grid-equal-n500-per-center,,proximity8,value,0.6686666666666666,ratio,valid
E001-v2,review,A,a-square-300,review-ad-grid-equal-n500-per-center,,radius,max.max,211.44328785577972,m,valid
E001-v2,review,A,a-square-300,review-ad-grid-equal-n500-per-center,,radius,max.median,207.34914456031117,m,valid
E001-v2,review,A,a-square-300,review-ad-grid-equal-n500-per-center,,radius,max.min,203.97789312447787,m,valid
E001-v2,review,A,a-square-300,review-ad-grid-equal-n500-per-center,,radius,p50.max,124.55589233200858,m,valid
E001-v2,review,A,a-square-300,review-ad-grid-equal-n500-per-center,,radius,p50.median,119.20726707586809,m,valid
E001-v2,review,A,a-square-300,review-ad-grid-equal-n500-per-center,,radius,p50.min,118.59278447081968,m,valid
E001-v2,review,A,a-square-300,review-ad-grid-equal-n500-per-center,,radius,p95.max,184.58264147666978,m,valid
E001-v2,review,A,a-square-300,review-ad-grid-equal-n500-per-center,,radius,p95.median,181.30833903344345,m,valid
E001-v2,review,A,a-square-300,review-ad-grid-equal-n500-per-center,,radius,p95.min,176.06205019228037,m,valid
E001-v2,review,A,a-square-300,review-ad-grid-equal-n500-per-center,,radius,p99.max,198.2755080970051,m,valid
E001-v2,review,A,a-square-300,review-ad-grid-equal-n500-per-center,,radius,p99.median,195.89548380392748,m,valid
E001-v2,review,A,a-square-300,review-ad-grid-equal-n500-per-center,,radius,p99.min,192.31606130604422,m,valid
E001-v2,review,A,a-square-300,review-ad-grid-equal-n500-per-center,,radius,violations.max,0.0,count,valid
E001-v2,review,A,a-square-300,review-ad-grid-equal-n500-per-center,,radius,violations.median,0.0,count,valid
E001-v2,review,A,a-square-300,review-ad-grid-equal-n500-per-center,,radius,violations.min,0.0,count,valid
E001-v2,review,A,a-square-300,review-ad-grid-equal-n500-per-center,,samplerFailureCount,value,0.0,count,valid
E001-v2,review,A,a-square-300,review-ad-grid-equal-n500-per-center,,seam300,max,0.43154761904761907,ratio,valid
E001-v2,review,A,a-square-300,review-ad-grid-equal-n500-per-center,,seam300,median,0.36348293675879884,ratio,valid
E001-v2,review,A,a-square-300,review-ad-grid-equal-n500-per-center,,seam300,min,0.21666666666666667,ratio,valid
E001-v2,review,A,a-square-300,review-ad-grid-equal-n500-per-center,2026090601,a4,value,0.15060726390644563,ratio,valid
E001-v2,review,A,a-square-300,review-ad-grid-equal-n500-per-center,2026090601,radius,max,207.34914456031117,m,valid
E001-v2,review,A,a-square-300,review-ad-grid-equal-n500-per-center,2026090601,radius,p50,124.55589233200858,m,valid
E001-v2,review,A,a-square-300,review-ad-grid-equal-n500-per-center,2026090601,radius,p95,181.83695923114374,m,valid
E001-v2,review,A,a-square-300,review-ad-grid-equal-n500-per-center,2026090601,radius,p99,195.89548380392748,m,valid
E001-v2,review,A,a-square-300,review-ad-grid-equal-n500-per-center,2026090601,radius,violations,0.0,count,valid
E001-v2,review,A,a-square-300,review-ad-grid-equal-n500-per-center,2026090601,seam300,value,0.376887705012705,ratio,valid
E001-v2,review,A,a-square-300,review-ad-grid-equal-n500-per-center,2026090602,a4,value,0.11058120679885904,ratio,valid
E001-v2,review,A,a-square-300,review-ad-grid-equal-n500-per-center,2026090602,radius,max,203.97789312447787,m,valid
E001-v2,review,A,a-square-300,review-ad-grid-equal-n500-per-center,2026090602,radius,p50,118.94005602493829,m,valid
E001-v2,review,A,a-square-300,review-ad-grid-equal-n500-per-center,2026090602,radius,p95,176.06205019228037,m,valid
E001-v2,review,A,a-square-300,review-ad-grid-equal-n500-per-center,2026090602,radius,p99,192.31606130604422,m,valid
E001-v2,review,A,a-square-300,review-ad-grid-equal-n500-per-center,2026090602,radius,violations,0.0,count,valid
E001-v2,review,A,a-square-300,review-ad-grid-equal-n500-per-center,2026090602,seam300,value,0.34750000000000003,ratio,valid
E001-v2,review,A,a-square-300,review-ad-grid-equal-n500-per-center,2026090603,a4,value,0.13199432096488495,ratio,valid
E001-v2,review,A,a-square-300,review-ad-grid-equal-n500-per-center,2026090603,radius,max,209.60662492579,m,valid
E001-v2,review,A,a-square-300,review-ad-grid-equal-n500-per-center,2026090603,radius,p50,118.59278447081968,m,valid
E001-v2,review,A,a-square-300,review-ad-grid-equal-n500-per-center,2026090603,radius,p95,181.30833903344345,m,valid
E001-v2,review,A,a-square-300,review-ad-grid-equal-n500-per-center,2026090603,radius,p99,194.3563954161407,m,valid
E001-v2,review,A,a-square-300,review-ad-grid-equal-n500-per-center,2026090603,radius,violations,0.0,count,valid
E001-v2,review,A,a-square-300,review-ad-grid-equal-n500-per-center,2026090603,seam300,value,0.21666666666666667,ratio,valid
E001-v2,review,A,a-square-300,review-ad-grid-equal-n500-per-center,2026090604,a4,value,0.15363944833802307,ratio,valid
E001-v2,review,A,a-square-300,review-ad-grid-equal-n500-per-center,2026090604,radius,max,207.18752912809956,m,valid
E001-v2,review,A,a-square-300,review-ad-grid-equal-n500-per-center,2026090604,radius,p50,120.97384622980124,m,valid
E001-v2,review,A,a-square-300,review-ad-grid-equal-n500-per-center,2026090604,radius,p95,184.58264147666978,m,valid
E001-v2,review,A,a-square-300,review-ad-grid-equal-n500-per-center,2026090604,radius,p99,198.2755080970051,m,valid
E001-v2,review,A,a-square-300,review-ad-grid-equal-n500-per-center,2026090604,radius,violations,0.0,count,valid
E001-v2,review,A,a-square-300,review-ad-grid-equal-n500-per-center,2026090604,seam300,value,0.36348293675879884,ratio,valid
E001-v2,review,A,a-square-300,review-ad-grid-equal-n500-per-center,2026090605,a4,value,0.14244529565179023,ratio,valid
E001-v2,review,A,a-square-300,review-ad-grid-equal-n500-per-center,2026090605,radius,max,211.44328785577972,m,valid
E001-v2,review,A,a-square-300,review-ad-grid-equal-n500-per-center,2026090605,radius,p50,119.20726707586809,m,valid
E001-v2,review,A,a-square-300,review-ad-grid-equal-n500-per-center,2026090605,radius,p95,177.88911020922777,m,valid
E001-v2,review,A,a-square-300,review-ad-grid-equal-n500-per-center,2026090605,radius,p99,195.9578550209387,m,valid
E001-v2,review,A,a-square-300,review-ad-grid-equal-n500-per-center,2026090605,radius,violations,0.0,count,valid
E001-v2,review,A,a-square-300,review-ad-grid-equal-n500-per-center,2026090605,seam300,value,0.43154761904761907,ratio,valid
E001-v2,review,A,a-square-300,review-ad-grid-equal-n5000-per-center,,a4,max,0.15596724167488074,ratio,valid
E001-v2,review,A,a-square-300,review-ad-grid-equal-n5000-per-center,,a4,median,0.14380709684660187,ratio,valid
E001-v2,review,A,a-square-300,review-ad-grid-equal-n5000-per-center,,a4,min,0.140835996301236,ratio,valid
E001-v2,review,A,a-square-300,review-ad-grid-equal-n5000-per-center,,hotspot50,cv,0.8899345494036189,ratio,valid
E001-v2,review,A,a-square-300,review-ad-grid-equal-n5000-per-center,,hotspot50,max,173.0,count,valid
E001-v2,review,A,a-square-300,review-ad-grid-equal-n5000-per-center,,hotspot50,p99,166.0,count,valid
E001-v2,review,A,a-square-300,review-ad-grid-equal-n5000-per-center,,neighbors10,value,17.319466666666667,count,valid
E001-v2,review,A,a-square-300,review-ad-grid-equal-n5000-per-center,,proximity16,value,1.0,ratio,valid
E001-v2,review,A,a-square-300,review-ad-grid-equal-n5000-per-center,,proximity24,value,1.0,ratio,valid
E001-v2,review,A,a-square-300,review-ad-grid-equal-n5000-per-center,,proximity8,value,0.9999111111111111,ratio,valid
E001-v2,review,A,a-square-300,review-ad-grid-equal-n5000-per-center,,radius,max.max,211.50447615403334,m,valid
E001-v2,review,A,a-square-300,review-ad-grid-equal-n5000-per-center,,radius,max.median,210.82719450400634,m,valid
E001-v2,review,A,a-square-300,review-ad-grid-equal-n5000-per-center,,radius,max.min,209.85298369838608,m,valid
E001-v2,review,A,a-square-300,review-ad-grid-equal-n5000-per-center,,radius,p50.max,120.53487477350303,m,valid
E001-v2,review,A,a-square-300,review-ad-grid-equal-n5000-per-center,,radius,p50.median,119.87206519240738,m,valid
E001-v2,review,A,a-square-300,review-ad-grid-equal-n5000-per-center,,radius,p50.min,118.99979140941905,m,valid
E001-v2,review,A,a-square-300,review-ad-grid-equal-n5000-per-center,,radius,p95.max,180.09921840762857,m,valid
E001-v2,review,A,a-square-300,review-ad-grid-equal-n5000-per-center,,radius,p95.median,179.64291598090855,m,valid
E001-v2,review,A,a-square-300,review-ad-grid-equal-n5000-per-center,,radius,p95.min,178.6213760433253,m,valid
E001-v2,review,A,a-square-300,review-ad-grid-equal-n5000-per-center,,radius,p99.max,198.72911182283923,m,valid
E001-v2,review,A,a-square-300,review-ad-grid-equal-n5000-per-center,,radius,p99.median,197.47771776092324,m,valid
E001-v2,review,A,a-square-300,review-ad-grid-equal-n5000-per-center,,radius,p99.min,196.53144455544805,m,valid
E001-v2,review,A,a-square-300,review-ad-grid-equal-n5000-per-center,,radius,violations.max,0.0,count,valid
E001-v2,review,A,a-square-300,review-ad-grid-equal-n5000-per-center,,radius,violations.median,0.0,count,valid
E001-v2,review,A,a-square-300,review-ad-grid-equal-n5000-per-center,,radius,violations.min,0.0,count,valid
E001-v2,review,A,a-square-300,review-ad-grid-equal-n5000-per-center,,samplerFailureCount,value,0.0,count,valid
E001-v2,review,A,a-square-300,review-ad-grid-equal-n5000-per-center,,seam300,max,0.14359216505890388,ratio,valid
E001-v2,review,A,a-square-300,review-ad-grid-equal-n5000-per-center,,seam300,median,0.1133227747861894,ratio,valid
E001-v2,review,A,a-square-300,review-ad-grid-equal-n5000-per-center,,seam300,min,0.08495702351336154,ratio,valid
E001-v2,review,A,a-square-300,review-ad-grid-equal-n5000-per-center,2026090601,a4,value,0.1495155266245758,ratio,valid
E001-v2,review,A,a-square-300,review-ad-grid-equal-n5000-per-center,2026090601,radius,max,210.82719450400634,m,valid
E001-v2,review,A,a-square-300,review-ad-grid-equal-n5000-per-center,2026090601,radius,p50,120.53487477350303,m,valid
E001-v2,review,A,a-square-300,review-ad-grid-equal-n5000-per-center,2026090601,radius,p95,179.64291598090855,m,valid
E001-v2,review,A,a-square-300,review-ad-grid-equal-n5000-per-center,2026090601,radius,p99,197.54441273652574,m,valid
E001-v2,review,A,a-square-300,review-ad-grid-equal-n5000-per-center,2026090601,radius,violations,0.0,count,valid
E001-v2,review,A,a-square-300,review-ad-grid-equal-n5000-per-center,2026090601,seam300,value,0.1065069142104302,ratio,valid
E001-v2,review,A,a-square-300,review-ad-grid-equal-n5000-per-center,2026090602,a4,value,0.140835996301236,ratio,valid
E001-v2,review,A,a-square-300,review-ad-grid-equal-n5000-per-center,2026090602,radius,max,211.50447615403334,m,valid
E001-v2,review,A,a-square-300,review-ad-grid-equal-n5000-per-center,2026090602,radius,p50,119.87206519240738,m,valid
E001-v2,review,A,a-square-300,review-ad-grid-equal-n5000-per-center,2026090602,radius,p95,179.4689677575737,m,valid
E001-v2,review,A,a-square-300,review-ad-grid-equal-n5000-per-center,2026090602,radius,p99,197.44979803768257,m,valid
E001-v2,review,A,a-square-300,review-ad-grid-equal-n5000-per-center,2026090602,radius,violations,0.0,count,valid
E001-v2,review,A,a-square-300,review-ad-grid-equal-n5000-per-center,2026090602,seam300,value,0.08495702351336154,ratio,valid
E001-v2,review,A,a-square-300,review-ad-grid-equal-n5000-per-center,2026090603,a4,value,0.15596724167488074,ratio,valid
E001-v2,review,A,a-square-300,review-ad-grid-equal-n5000-per-center,2026090603,radius,max,211.08374743373247,m,valid
E001-v2,review,A,a-square-300,review-ad-grid-equal-n5000-per-center,2026090603,radius,p50,119.57508315429948,m,valid
E001-v2,review,A,a-square-300,review-ad-grid-equal-n5000-per-center,2026090603,radius,p95,180.09921840762857,m,valid
E001-v2,review,A,a-square-300,review-ad-grid-equal-n5000-per-center,2026090603,radius,p99,198.72911182283923,m,valid
E001-v2,review,A,a-square-300,review-ad-grid-equal-n5000-per-center,2026090603,radius,violations,0.0,count,valid
E001-v2,review,A,a-square-300,review-ad-grid-equal-n5000-per-center,2026090603,seam300,value,0.14349773931186294,ratio,valid
E001-v2,review,A,a-square-300,review-ad-grid-equal-n5000-per-center,2026090604,a4,value,0.14279401427197472,ratio,valid
E001-v2,review,A,a-square-300,review-ad-grid-equal-n5000-per-center,2026090604,radius,max,209.96862866877916,m,valid
E001-v2,review,A,a-square-300,review-ad-grid-equal-n5000-per-center,2026090604,radius,p50,120.1091949050047,m,valid
E001-v2,review,A,a-square-300,review-ad-grid-equal-n5000-per-center,2026090604,radius,p95,180.0617021755101,m,valid
E001-v2,review,A,a-square-300,review-ad-grid-equal-n5000-per-center,2026090604,radius,p99,197.47771776092324,m,valid
E001-v2,review,A,a-square-300,review-ad-grid-equal-n5000-per-center,2026090604,radius,violations,0.0,count,valid
E001-v2,review,A,a-square-300,review-ad-grid-equal-n5000-per-center,2026090604,seam300,value,0.14359216505890388,ratio,valid
E001-v2,review,A,a-square-300,review-ad-grid-equal-n5000-per-center,2026090605,a4,value,0.14380709684660187,ratio,valid
E001-v2,review,A,a-square-300,review-ad-grid-equal-n5000-per-center,2026090605,radius,max,209.85298369838608,m,valid
E001-v2,review,A,a-square-300,review-ad-grid-equal-n5000-per-center,2026090605,radius,p50,118.99979140941905,m,valid
E001-v2,review,A,a-square-300,review-ad-grid-equal-n5000-per-center,2026090605,radius,p95,178.6213760433253,m,valid
E001-v2,review,A,a-square-300,review-ad-grid-equal-n5000-per-center,2026090605,radius,p99,196.53144455544805,m,valid
E001-v2,review,A,a-square-300,review-ad-grid-equal-n5000-per-center,2026090605,radius,violations,0.0,count,valid
E001-v2,review,A,a-square-300,review-ad-grid-equal-n5000-per-center,2026090605,seam300,value,0.1133227747861894,ratio,valid
E001-v2,review,A,a-square-300,review-ad-single-n500,,a4,max,0.13464884132826968,ratio,valid
E001-v2,review,A,a-square-300,review-ad-single-n500,,a4,median,0.07447043040853206,ratio,valid
E001-v2,review,A,a-square-300,review-ad-single-n500,,a4,min,0.0,ratio,valid
E001-v2,review,A,a-square-300,review-ad-single-n500,,hotspot50,cv,1.8242982212346777,ratio,valid
E001-v2,review,A,a-square-300,review-ad-single-n500,,hotspot50,max,25.0,count,valid
E001-v2,review,A,a-square-300,review-ad-single-n500,,hotspot50,p99,22.0,count,valid
E001-v2,review,A,a-square-300,review-ad-single-n500,,neighbors10,value,1.536,count,valid
E001-v2,review,A,a-square-300,review-ad-single-n500,,proximity16,value,0.978,ratio,valid
E001-v2,review,A,a-square-300,review-ad-single-n500,,proximity24,value,1.0,ratio,valid
E001-v2,review,A,a-square-300,review-ad-single-n500,,proximity8,value,0.636,ratio,valid
E001-v2,review,A,a-square-300,review-ad-single-n500,,radius,max.max,209.49360744087957,m,valid
E001-v2,review,A,a-square-300,review-ad-single-n500,,radius,max.median,203.9128720265534,m,valid
E001-v2,review,A,a-square-300,review-ad-single-n500,,radius,max.min,191.03134511628778,m,valid
E001-v2,review,A,a-square-300,review-ad-single-n500,,radius,p50.max,127.36420684101185,m,valid
E001-v2,review,A,a-square-300,review-ad-single-n500,,radius,p50.median,120.83909101963911,m,valid
E001-v2,review,A,a-square-300,review-ad-single-n500,,radius,p50.min,114.07789434177002,m,valid
E001-v2,review,A,a-square-300,review-ad-single-n500,,radius,p95.max,186.91436935491728,m,valid
E001-v2,review,A,a-square-300,review-ad-single-n500,,radius,p95.median,176.16204367233306,m,valid
E001-v2,review,A,a-square-300,review-ad-single-n500,,radius,p95.min,165.77380383554978,m,valid
E001-v2,review,A,a-square-300,review-ad-single-n500,,radius,p99.max,202.0034296084326,m,valid
E001-v2,review,A,a-square-300,review-ad-single-n500,,radius,p99.median,191.2781679642673,m,valid
E001-v2,review,A,a-square-300,review-ad-single-n500,,radius,p99.min,187.1571881222909,m,valid
E001-v2,review,A,a-square-300,review-ad-single-n500,,radius,violations.max,0.0,count,valid
E001-v2,review,A,a-square-300,review-ad-single-n500,,radius,violations.median,0.0,count,valid
E001-v2,review,A,a-square-300,review-ad-single-n500,,radius,violations.min,0.0,count,valid
E001-v2,review,A,a-square-300,review-ad-single-n500,,samplerFailureCount,value,0.0,count,valid
E001-v2,review,A,a-square-300,review-ad-single-n500,,seam300,max,1.6916666666666667,ratio,valid
E001-v2,review,A,a-square-300,review-ad-single-n500,,seam300,median,1.6202380952380953,ratio,valid
E001-v2,review,A,a-square-300,review-ad-single-n500,,seam300,min,1.5230158730158732,ratio,valid
E001-v2,review,A,a-square-300,review-ad-single-n500,2026090601,a4,value,0.0,ratio,valid
E001-v2,review,A,a-square-300,review-ad-single-n500,2026090601,radius,max,206.98323294548757,m,valid
E001-v2,review,A,a-square-300,review-ad-single-n500,2026090601,radius,p50,122.25167834025076,m,valid
E001-v2,review,A,a-square-300,review-ad-single-n500,2026090601,radius,p95,186.91436935491728,m,valid
E001-v2,review,A,a-square-300,review-ad-single-n500,2026090601,radius,p99,199.63109408501717,m,valid
E001-v2,review,A,a-square-300,review-ad-single-n500,2026090601,radius,violations,0.0,count,valid
E001-v2,review,A,a-square-300,review-ad-single-n500,2026090601,seam300,value,1.6660714285714286,ratio,valid
E001-v2,review,A,a-square-300,review-ad-single-n500,2026090602,a4,value,0.07447043040853206,ratio,valid
E001-v2,review,A,a-square-300,review-ad-single-n500,2026090602,radius,max,209.49360744087957,m,valid
E001-v2,review,A,a-square-300,review-ad-single-n500,2026090602,radius,p50,114.07789434177002,m,valid
E001-v2,review,A,a-square-300,review-ad-single-n500,2026090602,radius,p95,167.16900985570712,m,valid
E001-v2,review,A,a-square-300,review-ad-single-n500,2026090602,radius,p99,188.93428427122288,m,valid
E001-v2,review,A,a-square-300,review-ad-single-n500,2026090602,radius,violations,0.0,count,valid
E001-v2,review,A,a-square-300,review-ad-single-n500,2026090602,seam300,value,1.6202380952380953,ratio,valid
E001-v2,review,A,a-square-300,review-ad-single-n500,2026090603,a4,value,0.07255805467086893,ratio,valid
E001-v2,review,A,a-square-300,review-ad-single-n500,2026090603,radius,max,203.9128720265534,m,valid
E001-v2,review,A,a-square-300,review-ad-single-n500,2026090603,radius,p50,118.14681854360398,m,valid
E001-v2,review,A,a-square-300,review-ad-single-n500,2026090603,radius,p95,165.77380383554978,m,valid
E001-v2,review,A,a-square-300,review-ad-single-n500,2026090603,radius,p99,202.0034296084326,m,valid
E001-v2,review,A,a-square-300,review-ad-single-n500,2026090603,radius,violations,0.0,count,valid
E001-v2,review,A,a-square-300,review-ad-single-n500,2026090603,seam300,value,1.599404761904762,ratio,valid
E001-v2,review,A,a-square-300,review-ad-single-n500,2026090604,a4,value,0.09697469173317953,ratio,valid
E001-v2,review,A,a-square-300,review-ad-single-n500,2026090604,radius,max,194.9875581810952,m,valid
E001-v2,review,A,a-square-300,review-ad-single-n500,2026090604,radius,p50,127.36420684101185,m,valid
E001-v2,review,A,a-square-300,review-ad-single-n500,2026090604,radius,p95,176.16204367233306,m,valid
E001-v2,review,A,a-square-300,review-ad-single-n500,2026090604,radius,p99,191.2781679642673,m,valid
E001-v2,review,A,a-square-300,review-ad-single-n500,2026090604,radius,violations,0.0,count,valid
E001-v2,review,A,a-square-300,review-ad-single-n500,2026090604,seam300,value,1.6916666666666667,ratio,valid
E001-v2,review,A,a-square-300,review-ad-single-n500,2026090605,a4,value,0.13464884132826968,ratio,valid
E001-v2,review,A,a-square-300,review-ad-single-n500,2026090605,radius,max,191.03134511628778,m,valid
E001-v2,review,A,a-square-300,review-ad-single-n500,2026090605,radius,p50,120.83909101963911,m,valid
E001-v2,review,A,a-square-300,review-ad-single-n500,2026090605,radius,p95,183.64776209600024,m,valid
E001-v2,review,A,a-square-300,review-ad-single-n500,2026090605,radius,p99,187.1571881222909,m,valid
E001-v2,review,A,a-square-300,review-ad-single-n500,2026090605,radius,violations,0.0,count,valid
E001-v2,review,A,a-square-300,review-ad-single-n500,2026090605,seam300,value,1.5230158730158732,ratio,valid
E001-v2,review,A,a-square-300,review-ad-single-n5000,,a4,max,0.18389489948244714,ratio,valid
E001-v2,review,A,a-square-300,review-ad-single-n5000,,a4,median,0.1475935488156628,ratio,valid
E001-v2,review,A,a-square-300,review-ad-single-n5000,,a4,min,0.08846033675369042,ratio,valid
E001-v2,review,A,a-square-300,review-ad-single-n5000,,hotspot50,cv,1.738211310514346,ratio,valid
E001-v2,review,A,a-square-300,review-ad-single-n5000,,hotspot50,max,164.0,count,valid
E001-v2,review,A,a-square-300,review-ad-single-n5000,,hotspot50,p99,162.0,count,valid
E001-v2,review,A,a-square-300,review-ad-single-n5000,,neighbors10,value,16.8472,count,valid
E001-v2,review,A,a-square-300,review-ad-single-n5000,,proximity16,value,1.0,ratio,valid
E001-v2,review,A,a-square-300,review-ad-single-n5000,,proximity24,value,1.0,ratio,valid
E001-v2,review,A,a-square-300,review-ad-single-n5000,,proximity8,value,1.0,ratio,valid
E001-v2,review,A,a-square-300,review-ad-single-n5000,,radius,max.max,211.8409591270812,m,valid
E001-v2,review,A,a-square-300,review-ad-single-n5000,,radius,max.median,208.70805763366167,m,valid
E001-v2,review,A,a-square-300,review-ad-single-n5000,,radius,max.min,207.35265525488563,m,valid
E001-v2,review,A,a-square-300,review-ad-single-n5000,,radius,p50.max,121.75103661832313,m,valid
E001-v2,review,A,a-square-300,review-ad-single-n5000,,radius,p50.median,119.09300357620437,m,valid
E001-v2,review,A,a-square-300,review-ad-single-n5000,,radius,p50.min,117.30414885426697,m,valid
E001-v2,review,A,a-square-300,review-ad-single-n5000,,radius,p95.max,183.4762235762629,m,valid
E001-v2,review,A,a-square-300,review-ad-single-n5000,,radius,p95.median,180.39958889554183,m,valid
E001-v2,review,A,a-square-300,review-ad-single-n5000,,radius,p95.min,176.12038293748068,m,valid
E001-v2,review,A,a-square-300,review-ad-single-n5000,,radius,p99.max,200.5068958134388,m,valid
E001-v2,review,A,a-square-300,review-ad-single-n5000,,radius,p99.median,197.63960402405164,m,valid
E001-v2,review,A,a-square-300,review-ad-single-n5000,,radius,p99.min,196.21855165178036,m,valid
E001-v2,review,A,a-square-300,review-ad-single-n5000,,radius,violations.max,0.0,count,valid
E001-v2,review,A,a-square-300,review-ad-single-n5000,,radius,violations.median,0.0,count,valid
E001-v2,review,A,a-square-300,review-ad-single-n5000,,radius,violations.min,0.0,count,valid
E001-v2,review,A,a-square-300,review-ad-single-n5000,,samplerFailureCount,value,0.0,count,valid
E001-v2,review,A,a-square-300,review-ad-single-n5000,,seam300,max,1.9633916459665628,ratio,valid
E001-v2,review,A,a-square-300,review-ad-single-n5000,,seam300,median,1.9623169859677443,ratio,valid
E001-v2,review,A,a-square-300,review-ad-single-n5000,,seam300,min,1.9561829590049442,ratio,valid
E001-v2,review,A,a-square-300,review-ad-single-n5000,2026090601,a4,value,0.18389489948244714,ratio,valid
E001-v2,review,A,a-square-300,review-ad-single-n5000,2026090601,radius,max,208.70805763366167,m,valid
E001-v2,review,A,a-square-300,review-ad-single-n5000,2026090601,radius,p50,121.52971219842063,m,valid
E001-v2,review,A,a-square-300,review-ad-single-n5000,2026090601,radius,p95,179.14627999132588,m,valid
E001-v2,review,A,a-square-300,review-ad-single-n5000,2026090601,radius,p99,198.34042396011057,m,valid
E001-v2,review,A,a-square-300,review-ad-single-n5000,2026090601,radius,violations,0.0,count,valid
E001-v2,review,A,a-square-300,review-ad-single-n5000,2026090601,seam300,value,1.9623169859677443,ratio,valid
E001-v2,review,A,a-square-300,review-ad-single-n5000,2026090602,a4,value,0.13448029665109726,ratio,valid
E001-v2,review,A,a-square-300,review-ad-single-n5000,2026090602,radius,max,210.25641794954728,m,valid
E001-v2,review,A,a-square-300,review-ad-single-n5000,2026090602,radius,p50,121.75103661832313,m,valid
E001-v2,review,A,a-square-300,review-ad-single-n5000,2026090602,radius,p95,182.50749642781904,m,valid
E001-v2,review,A,a-square-300,review-ad-single-n5000,2026090602,radius,p99,200.5068958134388,m,valid
E001-v2,review,A,a-square-300,review-ad-single-n5000,2026090602,radius,violations,0.0,count,valid
E001-v2,review,A,a-square-300,review-ad-single-n5000,2026090602,seam300,value,1.9633916459665628,ratio,valid
E001-v2,review,A,a-square-300,review-ad-single-n5000,2026090603,a4,value,0.156016857069885,ratio,valid
E001-v2,review,A,a-square-300,review-ad-single-n5000,2026090603,radius,max,211.8409591270812,m,valid
E001-v2,review,A,a-square-300,review-ad-single-n5000,2026090603,radius,p50,119.09300357620437,m,valid
E001-v2,review,A,a-square-300,review-ad-single-n5000,2026090603,radius,p95,180.39958889554183,m,valid
E001-v2,review,A,a-square-300,review-ad-single-n5000,2026090603,radius,p99,197.63960402405164,m,valid
E001-v2,review,A,a-square-300,review-ad-single-n5000,2026090603,radius,violations,0.0,count,valid
E001-v2,review,A,a-square-300,review-ad-single-n5000,2026090603,seam300,value,1.9566480419509453,ratio,valid
E001-v2,review,A,a-square-300,review-ad-single-n5000,2026090604,a4,value,0.08846033675369042,ratio,valid
E001-v2,review,A,a-square-300,review-ad-single-n5000,2026090604,radius,max,207.35265525488563,m,valid
E001-v2,review,A,a-square-300,review-ad-single-n5000,2026090604,radius,p50,118.02693545064372,m,valid
E001-v2,review,A,a-square-300,review-ad-single-n5000,2026090604,radius,p95,176.12038293748068,m,valid
E001-v2,review,A,a-square-300,review-ad-single-n5000,2026090604,radius,p99,197.1706504064865,m,valid
E001-v2,review,A,a-square-300,review-ad-single-n5000,2026090604,radius,violations,0.0,count,valid
E001-v2,review,A,a-square-300,review-ad-single-n5000,2026090604,seam300,value,1.9623389355742298,ratio,valid
E001-v2,review,A,a-square-300,review-ad-single-n5000,2026090605,a4,value,0.1475935488156628,ratio,valid
E001-v2,review,A,a-square-300,review-ad-single-n5000,2026090605,radius,max,208.28848366397386,m,valid
E001-v2,review,A,a-square-300,review-ad-single-n5000,2026090605,radius,p50,117.30414885426697,m,valid
E001-v2,review,A,a-square-300,review-ad-single-n5000,2026090605,radius,p95,183.4762235762629,m,valid
E001-v2,review,A,a-square-300,review-ad-single-n5000,2026090605,radius,p99,196.21855165178036,m,valid
E001-v2,review,A,a-square-300,review-ad-single-n5000,2026090605,radius,violations,0.0,count,valid
E001-v2,review,A,a-square-300,review-ad-single-n5000,2026090605,seam300,value,1.9561829590049442,ratio,valid
E001-v2,review,D,d-s120-r300,review-ad-grid-equal-n500-per-center,,a4,max,0.036278348296342466,ratio,valid
E001-v2,review,D,d-s120-r300,review-ad-grid-equal-n500-per-center,,a4,median,0.0,ratio,valid
E001-v2,review,D,d-s120-r300,review-ad-grid-equal-n500-per-center,,a4,min,0.0,ratio,valid
E001-v2,review,D,d-s120-r300,review-ad-grid-equal-n500-per-center,,hotspot50,cv,1.0454387701927945,ratio,valid
E001-v2,review,D,d-s120-r300,review-ad-grid-equal-n500-per-center,,hotspot50,max,41.0,count,valid
E001-v2,review,D,d-s120-r300,review-ad-grid-equal-n500-per-center,,hotspot50,p99,29.0,count,valid
E001-v2,review,D,d-s120-r300,review-ad-grid-equal-n500-per-center,,neighbors10,value,1.9986666666666666,count,valid
E001-v2,review,D,d-s120-r300,review-ad-grid-equal-n500-per-center,,proximity16,value,0.9528888888888889,ratio,valid
E001-v2,review,D,d-s120-r300,review-ad-grid-equal-n500-per-center,,proximity24,value,0.9857777777777778,ratio,valid
E001-v2,review,D,d-s120-r300,review-ad-grid-equal-n500-per-center,,proximity8,value,0.662,ratio,valid
E001-v2,review,D,d-s120-r300,review-ad-grid-equal-n500-per-center,,radius,max.max,283.7290144604779,m,valid
E001-v2,review,D,d-s120-r300,review-ad-grid-equal-n500-per-center,,radius,max.median,255.2355097607721,m,valid
E001-v2,review,D,d-s120-r300,review-ad-grid-equal-n500-per-center,,radius,max.min,247.01771093589838,m,valid
E001-v2,review,D,d-s120-r300,review-ad-grid-equal-n500-per-center,,radius,p50.max,99.45563554247289,m,valid
E001-v2,review,D,d-s120-r300,review-ad-grid-equal-n500-per-center,,radius,p50.median,97.51912913416153,m,valid
E001-v2,review,D,d-s120-r300,review-ad-grid-equal-n500-per-center,,radius,p50.min,96.86645664462935,m,valid
E001-v2,review,D,d-s120-r300,review-ad-grid-equal-n500-per-center,,radius,p95.max,195.14972801339187,m,valid
E001-v2,review,D,d-s120-r300,review-ad-grid-equal-n500-per-center,,radius,p95.median,187.48516317922017,m,valid
E001-v2,review,D,d-s120-r300,review-ad-grid-equal-n500-per-center,,radius,p95.min,182.7171161030911,m,valid
E001-v2,review,D,d-s120-r300,review-ad-grid-equal-n500-per-center,,radius,p99.max,229.22480525688786,m,valid
E001-v2,review,D,d-s120-r300,review-ad-grid-equal-n500-per-center,,radius,p99.median,222.8869063004242,m,valid
E001-v2,review,D,d-s120-r300,review-ad-grid-equal-n500-per-center,,radius,p99.min,220.63386386128622,m,valid
E001-v2,review,D,d-s120-r300,review-ad-grid-equal-n500-per-center,,radius,violations.max,0.0,count,valid
E001-v2,review,D,d-s120-r300,review-ad-grid-equal-n500-per-center,,radius,violations.median,0.0,count,valid
E001-v2,review,D,d-s120-r300,review-ad-grid-equal-n500-per-center,,radius,violations.min,0.0,count,valid
E001-v2,review,D,d-s120-r300,review-ad-grid-equal-n500-per-center,,samplerFailureCount,value,0.0,count,valid
E001-v2,review,D,d-s120-r300,review-ad-grid-equal-n500-per-center,,seam300,max,0.5354166666666667,ratio,valid
E001-v2,review,D,d-s120-r300,review-ad-grid-equal-n500-per-center,,seam300,median,0.3142431098313451,ratio,valid
E001-v2,review,D,d-s120-r300,review-ad-grid-equal-n500-per-center,,seam300,min,0.2860576923076923,ratio,valid
E001-v2,review,D,d-s120-r300,review-ad-grid-equal-n500-per-center,2026090601,a4,value,0.017945478830896262,ratio,valid
E001-v2,review,D,d-s120-r300,review-ad-grid-equal-n500-per-center,2026090601,radius,max,283.7290144604779,m,valid
E001-v2,review,D,d-s120-r300,review-ad-grid-equal-n500-per-center,2026090601,radius,p50,97.51912913416153,m,valid
E001-v2,review,D,d-s120-r300,review-ad-grid-equal-n500-per-center,2026090601,radius,p95,195.14972801339187,m,valid
E001-v2,review,D,d-s120-r300,review-ad-grid-equal-n500-per-center,2026090601,radius,p99,229.22480525688786,m,valid
E001-v2,review,D,d-s120-r300,review-ad-grid-equal-n500-per-center,2026090601,radius,violations,0.0,count,valid
E001-v2,review,D,d-s120-r300,review-ad-grid-equal-n500-per-center,2026090601,seam300,value,0.28802118933697884,ratio,valid
E001-v2,review,D,d-s120-r300,review-ad-grid-equal-n500-per-center,2026090602,a4,value,0.0,ratio,valid
E001-v2,review,D,d-s120-r300,review-ad-grid-equal-n500-per-center,2026090602,radius,max,263.4944050590822,m,valid
E001-v2,review,D,d-s120-r300,review-ad-grid-equal-n500-per-center,2026090602,radius,p50,97.50340047425665,m,valid
E001-v2,review,D,d-s120-r300,review-ad-grid-equal-n500-per-center,2026090602,radius,p95,182.7171161030911,m,valid
E001-v2,review,D,d-s120-r300,review-ad-grid-equal-n500-per-center,2026090602,radius,p99,222.8869063004242,m,valid
E001-v2,review,D,d-s120-r300,review-ad-grid-equal-n500-per-center,2026090602,radius,violations,0.0,count,valid
E001-v2,review,D,d-s120-r300,review-ad-grid-equal-n500-per-center,2026090602,seam300,value,0.3142431098313451,ratio,valid
E001-v2,review,D,d-s120-r300,review-ad-grid-equal-n500-per-center,2026090603,a4,value,0.0,ratio,valid
E001-v2,review,D,d-s120-r300,review-ad-grid-equal-n500-per-center,2026090603,radius,max,255.2355097607721,m,valid
E001-v2,review,D,d-s120-r300,review-ad-grid-equal-n500-per-center,2026090603,radius,p50,99.45563554247289,m,valid
E001-v2,review,D,d-s120-r300,review-ad-grid-equal-n500-per-center,2026090603,radius,p95,187.884427959198,m,valid
E001-v2,review,D,d-s120-r300,review-ad-grid-equal-n500-per-center,2026090603,radius,p99,223.26864879688665,m,valid
E001-v2,review,D,d-s120-r300,review-ad-grid-equal-n500-per-center,2026090603,radius,violations,0.0,count,valid
E001-v2,review,D,d-s120-r300,review-ad-grid-equal-n500-per-center,2026090603,seam300,value,0.5354166666666667,ratio,valid
E001-v2,review,D,d-s120-r300,review-ad-grid-equal-n500-per-center,2026090604,a4,value,0.036278348296342466,ratio,valid
E001-v2,review,D,d-s120-r300,review-ad-grid-equal-n500-per-center,2026090604,radius,max,247.65807785442652,m,valid
E001-v2,review,D,d-s120-r300,review-ad-grid-equal-n500-per-center,2026090604,radius,p50,98.27653448540785,m,valid
E001-v2,review,D,d-s120-r300,review-ad-grid-equal-n500-per-center,2026090604,radius,p95,187.48516317922017,m,valid
E001-v2,review,D,d-s120-r300,review-ad-grid-equal-n500-per-center,2026090604,radius,p99,222.37574074736585,m,valid
E001-v2,review,D,d-s120-r300,review-ad-grid-equal-n500-per-center,2026090604,radius,violations,0.0,count,valid
E001-v2,review,D,d-s120-r300,review-ad-grid-equal-n500-per-center,2026090604,seam300,value,0.2860576923076923,ratio,valid
E001-v2,review,D,d-s120-r300,review-ad-grid-equal-n500-per-center,2026090605,a4,value,0.0,ratio,valid
E001-v2,review,D,d-s120-r300,review-ad-grid-equal-n500-per-center,2026090605,radius,max,247.01771093589838,m,valid
E001-v2,review,D,d-s120-r300,review-ad-grid-equal-n500-per-center,2026090605,radius,p50,96.86645664462935,m,valid
E001-v2,review,D,d-s120-r300,review-ad-grid-equal-n500-per-center,2026090605,radius,p95,185.49807457005005,m,valid
E001-v2,review,D,d-s120-r300,review-ad-grid-equal-n500-per-center,2026090605,radius,p99,220.63386386128622,m,valid
E001-v2,review,D,d-s120-r300,review-ad-grid-equal-n500-per-center,2026090605,radius,violations,0.0,count,valid
E001-v2,review,D,d-s120-r300,review-ad-grid-equal-n500-per-center,2026090605,seam300,value,0.39294039294039296,ratio,valid
E001-v2,review,D,d-s120-r300,review-ad-grid-equal-n5000-per-center,,a4,max,0.016547932704003555,ratio,valid
E001-v2,review,D,d-s120-r300,review-ad-grid-equal-n5000-per-center,,a4,median,0.0,ratio,valid
E001-v2,review,D,d-s120-r300,review-ad-grid-equal-n5000-per-center,,a4,min,0.0,ratio,valid
E001-v2,review,D,d-s120-r300,review-ad-grid-equal-n5000-per-center,,hotspot50,cv,1.0046302758284318,ratio,valid
E001-v2,review,D,d-s120-r300,review-ad-grid-equal-n5000-per-center,,hotspot50,max,284.0,count,valid
E001-v2,review,D,d-s120-r300,review-ad-grid-equal-n5000-per-center,,hotspot50,p99,268.0,count,valid
E001-v2,review,D,d-s120-r300,review-ad-grid-equal-n5000-per-center,,neighbors10,value,19.994222222222223,count,valid
E001-v2,review,D,d-s120-r300,review-ad-grid-equal-n5000-per-center,,proximity16,value,0.9982444444444445,ratio,valid
E001-v2,review,D,d-s120-r300,review-ad-grid-equal-n5000-per-center,,proximity24,value,0.9995555555555555,ratio,valid
E001-v2,review,D,d-s120-r300,review-ad-grid-equal-n5000-per-center,,proximity8,value,0.9899555555555556,ratio,valid
E001-v2,review,D,d-s120-r300,review-ad-grid-equal-n5000-per-center,,radius,max.max,284.3975122555854,m,valid
E001-v2,review,D,d-s120-r300,review-ad-grid-equal-n5000-per-center,,radius,max.median,274.1183439325744,m,valid
E001-v2,review,D,d-s120-r300,review-ad-grid-equal-n5000-per-center,,radius,max.min,261.90530643541194,m,valid
E001-v2,review,D,d-s120-r300,review-ad-grid-equal-n5000-per-center,,radius,p50.max,98.69631562362157,m,valid
E001-v2,review,D,d-s120-r300,review-ad-grid-equal-n5000-per-center,,radius,p50.median,98.57065498111199,m,valid
E001-v2,review,D,d-s120-r300,review-ad-grid-equal-n5000-per-center,,radius,p50.min,97.68251387184121,m,valid
E001-v2,review,D,d-s120-r300,review-ad-grid-equal-n5000-per-center,,radius,p95.max,190.66945548060394,m,valid
E001-v2,review,D,d-s120-r300,review-ad-grid-equal-n5000-per-center,,radius,p95.median,187.96431973013324,m,valid
E001-v2,review,D,d-s120-r300,review-ad-grid-equal-n5000-per-center,,radius,p95.min,186.70665952785507,m,valid
E001-v2,review,D,d-s120-r300,review-ad-grid-equal-n5000-per-center,,radius,p99.max,221.9875186790902,m,valid
E001-v2,review,D,d-s120-r300,review-ad-grid-equal-n5000-per-center,,radius,p99.median,221.31096739882875,m,valid
E001-v2,review,D,d-s120-r300,review-ad-grid-equal-n5000-per-center,,radius,p99.min,220.8867203775537,m,valid
E001-v2,review,D,d-s120-r300,review-ad-grid-equal-n5000-per-center,,radius,violations.max,0.0,count,valid
E001-v2,review,D,d-s120-r300,review-ad-grid-equal-n5000-per-center,,radius,violations.median,0.0,count,valid
E001-v2,review,D,d-s120-r300,review-ad-grid-equal-n5000-per-center,,radius,violations.min,0.0,count,valid
E001-v2,review,D,d-s120-r300,review-ad-grid-equal-n5000-per-center,,samplerFailureCount,value,0.0,count,valid
E001-v2,review,D,d-s120-r300,review-ad-grid-equal-n5000-per-center,,seam300,max,0.17253181974544202,ratio,valid
E001-v2,review,D,d-s120-r300,review-ad-grid-equal-n5000-per-center,,seam300,median,0.10927063596946046,ratio,valid
E001-v2,review,D,d-s120-r300,review-ad-grid-equal-n5000-per-center,,seam300,min,0.046224340486567844,ratio,valid
E001-v2,review,D,d-s120-r300,review-ad-grid-equal-n5000-per-center,2026090601,a4,value,0.00588261263299938,ratio,valid
E001-v2,review,D,d-s120-r300,review-ad-grid-equal-n5000-per-center,2026090601,radius,max,272.1694568581856,m,valid
E001-v2,review,D,d-s120-r300,review-ad-grid-equal-n5000-per-center,2026090601,radius,p50,97.68251387184121,m,valid
E001-v2,review,D,d-s120-r300,review-ad-grid-equal-n5000-per-center,2026090601,radius,p95,186.70665952785507,m,valid
E001-v2,review,D,d-s120-r300,review-ad-grid-equal-n5000-per-center,2026090601,radius,p99,221.31096739882875,m,valid
E001-v2,review,D,d-s120-r300,review-ad-grid-equal-n5000-per-center,2026090601,radius,violations,0.0,count,valid
E001-v2,review,D,d-s120-r300,review-ad-grid-equal-n5000-per-center,2026090601,seam300,value,0.17253181974544202,ratio,valid
E001-v2,review,D,d-s120-r300,review-ad-grid-equal-n5000-per-center,2026090602,a4,value,0.016547932704003555,ratio,valid
E001-v2,review,D,d-s120-r300,review-ad-grid-equal-n5000-per-center,2026090602,radius,max,261.90530643541194,m,valid
E001-v2,review,D,d-s120-r300,review-ad-grid-equal-n5000-per-center,2026090602,radius,p50,98.69631562362157,m,valid
E001-v2,review,D,d-s120-r300,review-ad-grid-equal-n5000-per-center,2026090602,radius,p95,187.63642056273304,m,valid
E001-v2,review,D,d-s120-r300,review-ad-grid-equal-n5000-per-center,2026090602,radius,p99,220.8867203775537,m,valid
E001-v2,review,D,d-s120-r300,review-ad-grid-equal-n5000-per-center,2026090602,radius,violations,0.0,count,valid
E001-v2,review,D,d-s120-r300,review-ad-grid-equal-n5000-per-center,2026090602,seam300,value,0.046224340486567844,ratio,valid
E001-v2,review,D,d-s120-r300,review-ad-grid-equal-n5000-per-center,2026090603,a4,value,0.0,ratio,valid
E001-v2,review,D,d-s120-r300,review-ad-grid-equal-n5000-per-center,2026090603,radius,max,274.1183439325744,m,valid
E001-v2,review,D,d-s120-r300,review-ad-grid-equal-n5000-per-center,2026090603,radius,p50,98.08832600924846,m,valid
E001-v2,review,D,d-s120-r300,review-ad-grid-equal-n5000-per-center,2026090603,radius,p95,188.01694769109184,m,valid
E001-v2,review,D,d-s120-r300,review-ad-grid-equal-n5000-per-center,2026090603,radius,p99,221.76867899842856,m,valid
E001-v2,review,D,d-s120-r300,review-ad-grid-equal-n5000-per-center,2026090603,radius,violations,0.0,count,valid
E001-v2,review,D,d-s120-r300,review-ad-grid-equal-n5000-per-center,2026090603,seam300,value,0.15656463910067336,ratio,valid
E001-v2,review,D,d-s120-r300,review-ad-grid-equal-n5000-per-center,2026090604,a4,value,0.0,ratio,valid
E001-v2,review,D,d-s120-r300,review-ad-grid-equal-n5000-per-center,2026090604,radius,max,275.4019848706697,m,valid
E001-v2,review,D,d-s120-r300,review-ad-grid-equal-n5000-per-center,2026090604,radius,p50,98.57065498111199,m,valid
E001-v2,review,D,d-s120-r300,review-ad-grid-equal-n5000-per-center,2026090604,radius,p95,187.96431973013324,m,valid
E001-v2,review,D,d-s120-r300,review-ad-grid-equal-n5000-per-center,2026090604,radius,p99,220.9547106955726,m,valid
E001-v2,review,D,d-s120-r300,review-ad-grid-equal-n5000-per-center,2026090604,radius,violations,0.0,count,valid
E001-v2,review,D,d-s120-r300,review-ad-grid-equal-n5000-per-center,2026090604,seam300,value,0.05876224968410804,ratio,valid
E001-v2,review,D,d-s120-r300,review-ad-grid-equal-n5000-per-center,2026090605,a4,value,0.0,ratio,valid
E001-v2,review,D,d-s120-r300,review-ad-grid-equal-n5000-per-center,2026090605,radius,max,284.3975122555854,m,valid
E001-v2,review,D,d-s120-r300,review-ad-grid-equal-n5000-per-center,2026090605,radius,p50,98.6303107580983,m,valid
E001-v2,review,D,d-s120-r300,review-ad-grid-equal-n5000-per-center,2026090605,radius,p95,190.66945548060394,m,valid
E001-v2,review,D,d-s120-r300,review-ad-grid-equal-n5000-per-center,2026090605,radius,p99,221.9875186790902,m,valid
E001-v2,review,D,d-s120-r300,review-ad-grid-equal-n5000-per-center,2026090605,radius,violations,0.0,count,valid
E001-v2,review,D,d-s120-r300,review-ad-grid-equal-n5000-per-center,2026090605,seam300,value,0.10927063596946046,ratio,valid
E001-v2,review,D,d-s120-r300,review-ad-single-n500,,a4,max,0.06984811595152943,ratio,valid
E001-v2,review,D,d-s120-r300,review-ad-single-n500,,a4,median,0.018586121257752674,ratio,valid
E001-v2,review,D,d-s120-r300,review-ad-single-n500,,a4,min,0.0,ratio,valid
E001-v2,review,D,d-s120-r300,review-ad-single-n500,,hotspot50,cv,1.7946944029555578,ratio,valid
E001-v2,review,D,d-s120-r300,review-ad-single-n500,,hotspot50,max,26.0,count,valid
E001-v2,review,D,d-s120-r300,review-ad-single-n500,,hotspot50,p99,26.0,count,valid
E001-v2,review,D,d-s120-r300,review-ad-single-n500,,neighbors10,value,1.732,count,valid
E001-v2,review,D,d-s120-r300,review-ad-single-n500,,proximity16,value,0.9,ratio,valid
E001-v2,review,D,d-s120-r300,review-ad-single-n500,,proximity24,value,0.97,ratio,valid
E001-v2,review,D,d-s120-r300,review-ad-single-n500,,proximity8,value,0.618,ratio,valid
E001-v2,review,D,d-s120-r300,review-ad-single-n500,,radius,max.max,253.73928032985143,m,valid
E001-v2,review,D,d-s120-r300,review-ad-single-n500,,radius,max.median,229.69326340222463,m,valid
E001-v2,review,D,d-s120-r300,review-ad-single-n500,,radius,max.min,193.1946795666447,m,valid
E001-v2,review,D,d-s120-r300,review-ad-single-n500,,radius,p50.max,105.83356367967089,m,valid
E001-v2,review,D,d-s120-r300,review-ad-single-n500,,radius,p50.median,96.86658072748665,m,valid
E001-v2,review,D,d-s120-r300,review-ad-single-n500,,radius,p50.min,91.42862087437283,m,valid
E001-v2,review,D,d-s120-r300,review-ad-single-n500,,radius,p95.max,218.80161696946783,m,valid
E001-v2,review,D,d-s120-r300,review-ad-single-n500,,radius,p95.median,188.10840795497904,m,valid
E001-v2,review,D,d-s120-r300,review-ad-single-n500,,radius,p95.min,179.63112030752652,m,valid
E001-v2,review,D,d-s120-r300,review-ad-single-n500,,radius,p99.max,243.3667813451405,m,valid
E001-v2,review,D,d-s120-r300,review-ad-single-n500,,radius,p99.median,218.1009388920284,m,valid
E001-v2,review,D,d-s120-r300,review-ad-single-n500,,radius,p99.min,192.0624496668489,m,valid
E001-v2,review,D,d-s120-r300,review-ad-single-n500,,radius,violations.max,0.0,count,valid
E001-v2,review,D,d-s120-r300,review-ad-single-n500,,radius,violations.median,0.0,count,valid
E001-v2,review,D,d-s120-r300,review-ad-single-n500,,radius,violations.min,0.0,count,valid
E001-v2,review,D,d-s120-r300,review-ad-single-n500,,samplerFailureCount,value,0.0,count,valid
E001-v2,review,D,d-s120-r300,review-ad-single-n500,,seam300,max,0.8583333333333334,ratio,valid
E001-v2,review,D,d-s120-r300,review-ad-single-n500,,seam300,median,0.625,ratio,valid
E001-v2,review,D,d-s120-r300,review-ad-single-n500,,seam300,min,0.125,ratio,valid
E001-v2,review,D,d-s120-r300,review-ad-single-n500,2026090601,a4,value,0.0,ratio,valid
E001-v2,review,D,d-s120-r300,review-ad-single-n500,2026090601,radius,max,242.27323954484402,m,valid
E001-v2,review,D,d-s120-r300,review-ad-single-n500,2026090601,radius,p50,96.86658072748665,m,valid
E001-v2,review,D,d-s120-r300,review-ad-single-n500,2026090601,radius,p95,187.36411636614963,m,valid
E001-v2,review,D,d-s120-r300,review-ad-single-n500,2026090601,radius,p99,209.4198234680029,m,valid
E001-v2,review,D,d-s120-r300,review-ad-single-n500,2026090601,radius,violations,0.0,count,valid
E001-v2,review,D,d-s120-r300,review-ad-single-n500,2026090601,seam300,value,0.125,ratio,valid
E001-v2,review,D,d-s120-r300,review-ad-single-n500,2026090602,a4,value,0.0,ratio,valid
E001-v2,review,D,d-s120-r300,review-ad-single-n500,2026090602,radius,max,224.84955350043668,m,valid
E001-v2,review,D,d-s120-r300,review-ad-single-n500,2026090602,radius,p50,105.83356367967089,m,valid
E001-v2,review,D,d-s120-r300,review-ad-single-n500,2026090602,radius,p95,194.23535271596327,m,valid
E001-v2,review,D,d-s120-r300,review-ad-single-n500,2026090602,radius,p99,223.36048518315846,m,valid
E001-v2,review,D,d-s120-r300,review-ad-single-n500,2026090602,radius,violations,0.0,count,valid
E001-v2,review,D,d-s120-r300,review-ad-single-n500,2026090602,seam300,value,0.625,ratio,valid
E001-v2,review,D,d-s120-r300,review-ad-single-n500,2026090603,a4,value,0.05916216586389481,ratio,valid
E001-v2,review,D,d-s120-r300,review-ad-single-n500,2026090603,radius,max,253.73928032985143,m,valid
E001-v2,review,D,d-s120-r300,review-ad-single-n500,2026090603,radius,p50,104.3231577476166,m,valid
E001-v2,review,D,d-s120-r300,review-ad-single-n500,2026090603,radius,p95,218.80161696946783,m,valid
E001-v2,review,D,d-s120-r300,review-ad-single-n500,2026090603,radius,p99,243.3667813451405,m,valid
E001-v2,review,D,d-s120-r300,review-ad-single-n500,2026090603,radius,violations,0.0,count,valid
E001-v2,review,D,d-s120-r300,review-ad-single-n500,2026090603,seam300,value,0.8583333333333334,ratio,valid
E001-v2,review,D,d-s120-r300,review-ad-single-n500,2026090604,a4,value,0.06984811595152943,ratio,valid
E001-v2,review,D,d-s120-r300,review-ad-single-n500,2026090604,radius,max,229.69326340222463,m,valid
E001-v2,review,D,d-s120-r300,review-ad-single-n500,2026090604,radius,p50,91.94266216298014,m,valid
E001-v2,review,D,d-s120-r300,review-ad-single-n500,2026090604,radius,p95,188.10840795497904,m,valid
E001-v2,review,D,d-s120-r300,review-ad-single-n500,2026090604,radius,p99,218.1009388920284,m,valid
E001-v2,review,D,d-s120-r300,review-ad-single-n500,2026090604,radius,violations,0.0,count,valid
E001-v2,review,D,d-s120-r300,review-ad-single-n500,2026090604,seam300,value,0.5833333333333333,ratio,valid
E001-v2,review,D,d-s120-r300,review-ad-single-n500,2026090605,a4,value,0.018586121257752674,ratio,valid
E001-v2,review,D,d-s120-r300,review-ad-single-n500,2026090605,radius,max,193.1946795666447,m,valid
E001-v2,review,D,d-s120-r300,review-ad-single-n500,2026090605,radius,p50,91.42862087437283,m,valid
E001-v2,review,D,d-s120-r300,review-ad-single-n500,2026090605,radius,p95,179.63112030752652,m,valid
E001-v2,review,D,d-s120-r300,review-ad-single-n500,2026090605,radius,p99,192.0624496668489,m,valid
E001-v2,review,D,d-s120-r300,review-ad-single-n500,2026090605,radius,violations,0.0,count,valid
E001-v2,review,D,d-s120-r300,review-ad-single-n500,2026090605,seam300,value,0.7833333333333333,ratio,valid
E001-v2,review,D,d-s120-r300,review-ad-single-n5000,,a4,max,0.02926933701961605,ratio,valid
E001-v2,review,D,d-s120-r300,review-ad-single-n5000,,a4,median,0.0,ratio,valid
E001-v2,review,D,d-s120-r300,review-ad-single-n5000,,a4,min,0.0,ratio,valid
E001-v2,review,D,d-s120-r300,review-ad-single-n5000,,hotspot50,cv,1.7923210426706504,ratio,valid
E001-v2,review,D,d-s120-r300,review-ad-single-n5000,,hotspot50,max,282.0,count,valid
E001-v2,review,D,d-s120-r300,review-ad-single-n5000,,hotspot50,p99,251.0,count,valid
E001-v2,review,D,d-s120-r300,review-ad-single-n5000,,neighbors10,value,18.6124,count,valid
E001-v2,review,D,d-s120-r300,review-ad-single-n5000,,proximity16,value,0.994,ratio,valid
E001-v2,review,D,d-s120-r300,review-ad-single-n5000,,proximity24,value,0.9982,ratio,valid
E001-v2,review,D,d-s120-r300,review-ad-single-n5000,,proximity8,value,0.9688,ratio,valid
E001-v2,review,D,d-s120-r300,review-ad-single-n5000,,radius,max.max,268.21841420634354,m,valid
E001-v2,review,D,d-s120-r300,review-ad-single-n5000,,radius,max.median,255.8937907725127,m,valid
E001-v2,review,D,d-s120-r300,review-ad-single-n5000,,radius,max.min,250.35619007917475,m,valid
E001-v2,review,D,d-s120-r300,review-ad-single-n5000,,radius,p50.max,101.09907862210935,m,valid
E001-v2,review,D,d-s120-r300,review-ad-single-n5000,,radius,p50.median,97.79577105678428,m,valid
E001-v2,review,D,d-s120-r300,review-ad-single-n5000,,radius,p50.min,94.02381788260857,m,valid
E001-v2,review,D,d-s120-r300,review-ad-single-n5000,,radius,p95.max,190.45034226019752,m,valid
E001-v2,review,D,d-s120-r300,review-ad-single-n5000,,radius,p95.median,186.77570865200113,m,valid
E001-v2,review,D,d-s120-r300,review-ad-single-n5000,,radius,p95.min,183.84141177761921,m,valid
E001-v2,review,D,d-s120-r300,review-ad-single-n5000,,radius,p99.max,222.12624624986245,m,valid
E001-v2,review,D,d-s120-r300,review-ad-single-n5000,,radius,p99.median,219.81863349341705,m,valid
E001-v2,review,D,d-s120-r300,review-ad-single-n5000,,radius,p99.min,216.67753312815145,m,valid
E001-v2,review,D,d-s120-r300,review-ad-single-n5000,,radius,violations.max,0.0,count,valid
E001-v2,review,D,d-s120-r300,review-ad-single-n5000,,radius,violations.median,0.0,count,valid
E001-v2,review,D,d-s120-r300,review-ad-single-n5000,,radius,violations.min,0.0,count,valid
E001-v2,review,D,d-s120-r300,review-ad-single-n5000,,samplerFailureCount,value,0.0,count,valid
E001-v2,review,D,d-s120-r300,review-ad-single-n5000,,seam300,max,0.5683817357730401,ratio,valid
E001-v2,review,D,d-s120-r300,review-ad-single-n5000,,seam300,median,0.48278985507246375,ratio,valid
E001-v2,review,D,d-s120-r300,review-ad-single-n5000,,seam300,min,0.3380965099715099,ratio,valid
E001-v2,review,D,d-s120-r300,review-ad-single-n5000,2026090601,a4,value,0.02926933701961605,ratio,valid
E001-v2,review,D,d-s120-r300,review-ad-single-n5000,2026090601,radius,max,253.51698455980932,m,valid
E001-v2,review,D,d-s120-r300,review-ad-single-n5000,2026090601,radius,p50,100.63922937374694,m,valid
E001-v2,review,D,d-s120-r300,review-ad-single-n5000,2026090601,radius,p95,186.77570865200113,m,valid
E001-v2,review,D,d-s120-r300,review-ad-single-n5000,2026090601,radius,p99,216.67753312815145,m,valid
E001-v2,review,D,d-s120-r300,review-ad-single-n5000,2026090601,radius,violations,0.0,count,valid
E001-v2,review,D,d-s120-r300,review-ad-single-n5000,2026090601,seam300,value,0.3380965099715099,ratio,valid
E001-v2,review,D,d-s120-r300,review-ad-single-n5000,2026090602,a4,value,0.0,ratio,valid
E001-v2,review,D,d-s120-r300,review-ad-single-n5000,2026090602,radius,max,255.8937907725127,m,valid
E001-v2,review,D,d-s120-r300,review-ad-single-n5000,2026090602,radius,p50,94.62388293522986,m,valid
E001-v2,review,D,d-s120-r300,review-ad-single-n5000,2026090602,radius,p95,185.80094824926914,m,valid
E001-v2,review,D,d-s120-r300,review-ad-single-n5000,2026090602,radius,p99,219.81863349341705,m,valid
E001-v2,review,D,d-s120-r300,review-ad-single-n5000,2026090602,radius,violations,0.0,count,valid
E001-v2,review,D,d-s120-r300,review-ad-single-n5000,2026090602,seam300,value,0.5566774891774892,ratio,valid
E001-v2,review,D,d-s120-r300,review-ad-single-n5000,2026090603,a4,value,0.0,ratio,valid
E001-v2,review,D,d-s120-r300,review-ad-single-n5000,2026090603,radius,max,259.6638633626421,m,valid
E001-v2,review,D,d-s120-r300,review-ad-single-n5000,2026090603,radius,p50,101.09907862210935,m,valid
E001-v2,review,D,d-s120-r300,review-ad-single-n5000,2026090603,radius,p95,190.45034226019752,m,valid
E001-v2,review,D,d-s120-r300,review-ad-single-n5000,2026090603,radius,p99,221.0542305175685,m,valid
E001-v2,review,D,d-s120-r300,review-ad-single-n5000,2026090603,radius,violations,0.0,count,valid
E001-v2,review,D,d-s120-r300,review-ad-single-n5000,2026090603,seam300,value,0.41292882744495646,ratio,valid
E001-v2,review,D,d-s120-r300,review-ad-single-n5000,2026090604,a4,value,0.0,ratio,valid
E001-v2,review,D,d-s120-r300,review-ad-single-n5000,2026090604,radius,max,268.21841420634354,m,valid
E001-v2,review,D,d-s120-r300,review-ad-single-n5000,2026090604,radius,p50,94.02381788260857,m,valid
E001-v2,review,D,d-s120-r300,review-ad-single-n5000,2026090604,radius,p95,187.13817068375795,m,valid
E001-v2,review,D,d-s120-r300,review-ad-single-n5000,2026090604,radius,p99,219.04195363478067,m,valid
E001-v2,review,D,d-s120-r300,review-ad-single-n5000,2026090604,radius,violations,0.0,count,valid
E001-v2,review,D,d-s120-r300,review-ad-single-n5000,2026090604,seam300,value,0.48278985507246375,ratio,valid
E001-v2,review,D,d-s120-r300,review-ad-single-n5000,2026090605,a4,value,0.0,ratio,valid
E001-v2,review,D,d-s120-r300,review-ad-single-n5000,2026090605,radius,max,250.35619007917475,m,valid
E001-v2,review,D,d-s120-r300,review-ad-single-n5000,2026090605,radius,p50,97.79577105678428,m,valid
E001-v2,review,D,d-s120-r300,review-ad-single-n5000,2026090605,radius,p95,183.84141177761921,m,valid
E001-v2,review,D,d-s120-r300,review-ad-single-n5000,2026090605,radius,p99,222.12624624986245,m,valid
E001-v2,review,D,d-s120-r300,review-ad-single-n5000,2026090605,radius,violations,0.0,count,valid
E001-v2,review,D,d-s120-r300,review-ad-single-n5000,2026090605,seam300,value,0.5683817357730401,ratio,valid
E001-v2,spectral,A,a-square-300,spectral-grid-equal-n500-per-center,,a4,max,0.1461770125711318,ratio,valid
E001-v2,spectral,A,a-square-300,spectral-grid-equal-n500-per-center,,a4,median,0.137751095829069,ratio,valid
E001-v2,spectral,A,a-square-300,spectral-grid-equal-n500-per-center,,a4,min,0.12731244097909558,ratio,valid
E001-v2,spectral,A,a-square-300,spectral-grid-equal-n500-per-center,,grid300,value,3.1324178239466454,ratio,valid
E001-v2,spectral,A,a-square-300,spectral-grid-equal-n500-per-center,,hotspot50,cv,0.2663731718222878,ratio,valid
E001-v2,spectral,A,a-square-300,spectral-grid-equal-n500-per-center,,hotspot50,max,31.0,count,valid
E001-v2,spectral,A,a-square-300,spectral-grid-equal-n500-per-center,,hotspot50,p99,23.0,count,valid
E001-v2,spectral,A,a-square-300,spectral-grid-equal-n500-per-center,,neighbors10,value,1.7381975308641975,count,valid
E001-v2,spectral,A,a-square-300,spectral-grid-equal-n500-per-center,,proximity16,value,0.9891851851851852,ratio,valid
E001-v2,spectral,A,a-square-300,spectral-grid-equal-n500-per-center,,proximity24,value,0.9999753086419753,ratio,valid
E001-v2,spectral,A,a-square-300,spectral-grid-equal-n500-per-center,,proximity8,value,0.6723703703703704,ratio,valid
E001-v2,spectral,A,a-square-300,spectral-grid-equal-n500-per-center,,radius,max.max,212.10259924686633,m,valid
E001-v2,spectral,A,a-square-300,spectral-grid-equal-n500-per-center,,radius,max.median,211.17328891421147,m,valid
E001-v2,spectral,A,a-square-300,spectral-grid-equal-n500-per-center,,radius,max.min,210.80071475659832,m,valid
E001-v2,spectral,A,a-square-300,spectral-grid-equal-n500-per-center,,radius,p50.max,119.69928744096168,m,valid
E001-v2,spectral,A,a-square-300,spectral-grid-equal-n500-per-center,,radius,p50.median,119.0854883370497,m,valid
E001-v2,spectral,A,a-square-300,spectral-grid-equal-n500-per-center,,radius,p50.min,118.49291425200776,m,valid
E001-v2,spectral,A,a-square-300,spectral-grid-equal-n500-per-center,,radius,p95.max,180.08258239091265,m,valid
E001-v2,spectral,A,a-square-300,spectral-grid-equal-n500-per-center,,radius,p95.median,179.86481810123198,m,valid
E001-v2,spectral,A,a-square-300,spectral-grid-equal-n500-per-center,,radius,p95.min,179.13045452218745,m,valid
E001-v2,spectral,A,a-square-300,spectral-grid-equal-n500-per-center,,radius,p99.max,197.85240165185934,m,valid
E001-v2,spectral,A,a-square-300,spectral-grid-equal-n500-per-center,,radius,p99.median,197.34879082964744,m,valid
E001-v2,spectral,A,a-square-300,spectral-grid-equal-n500-per-center,,radius,p99.min,196.36302877868152,m,valid
E001-v2,spectral,A,a-square-300,spectral-grid-equal-n500-per-center,,radius,violations.max,0.0,count,valid
E001-v2,spectral,A,a-square-300,spectral-grid-equal-n500-per-center,,radius,violations.median,0.0,count,valid
E001-v2,spectral,A,a-square-300,spectral-grid-equal-n500-per-center,,radius,violations.min,0.0,count,valid
E001-v2,spectral,A,a-square-300,spectral-grid-equal-n500-per-center,,samplerFailureCount,value,0.0,count,valid
E001-v2,spectral,A,a-square-300,spectral-grid-equal-n500-per-center,,seam300,max,0.4475467011128776,ratio,valid
E001-v2,spectral,A,a-square-300,spectral-grid-equal-n500-per-center,,seam300,median,0.25157906609519515,ratio,valid
E001-v2,spectral,A,a-square-300,spectral-grid-equal-n500-per-center,,seam300,min,0.125,ratio,valid
E001-v2,spectral,A,a-square-300,spectral-grid-equal-n500-per-center,2026090601,a4,value,0.1461770125711318,ratio,valid
E001-v2,spectral,A,a-square-300,spectral-grid-equal-n500-per-center,2026090601,radius,max,211.17328891421147,m,valid
E001-v2,spectral,A,a-square-300,spectral-grid-equal-n500-per-center,2026090601,radius,p50,118.49291425200776,m,valid
E001-v2,spectral,A,a-square-300,spectral-grid-equal-n500-per-center,2026090601,radius,p95,180.08258239091265,m,valid
E001-v2,spectral,A,a-square-300,spectral-grid-equal-n500-per-center,2026090601,radius,p99,197.85240165185934,m,valid
E001-v2,spectral,A,a-square-300,spectral-grid-equal-n500-per-center,2026090601,radius,violations,0.0,count,valid
E001-v2,spectral,A,a-square-300,spectral-grid-equal-n500-per-center,2026090601,seam300,value,0.125,ratio,valid
E001-v2,spectral,A,a-square-300,spectral-grid-equal-n500-per-center,2026090602,a4,value,0.137751095829069,ratio,valid
E001-v2,spectral,A,a-square-300,spectral-grid-equal-n500-per-center,2026090602,radius,max,210.80071475659832,m,valid
E001-v2,spectral,A,a-square-300,spectral-grid-equal-n500-per-center,2026090602,radius,p50,119.69928744096168,m,valid
E001-v2,spectral,A,a-square-300,spectral-grid-equal-n500-per-center,2026090602,radius,p95,179.86481810123198,m,valid
E001-v2,spectral,A,a-square-300,spectral-grid-equal-n500-per-center,2026090602,radius,p99,197.34879082964744,m,valid
E001-v2,spectral,A,a-square-300,spectral-grid-equal-n500-per-center,2026090602,radius,violations,0.0,count,valid
E001-v2,spectral,A,a-square-300,spectral-grid-equal-n500-per-center,2026090602,seam300,value,0.16308316430020287,ratio,valid
E001-v2,spectral,A,a-square-300,spectral-grid-equal-n500-per-center,2026090603,a4,value,0.13744760991111313,ratio,valid
E001-v2,spectral,A,a-square-300,spectral-grid-equal-n500-per-center,2026090603,radius,max,211.47159368324677,m,valid
E001-v2,spectral,A,a-square-300,spectral-grid-equal-n500-per-center,2026090603,radius,p50,118.99513738944201,m,valid
E001-v2,spectral,A,a-square-300,spectral-grid-equal-n500-per-center,2026090603,radius,p95,179.96423843875934,m,valid
E001-v2,spectral,A,a-square-300,spectral-grid-equal-n500-per-center,2026090603,radius,p99,196.36302877868152,m,valid
E001-v2,spectral,A,a-square-300,spectral-grid-equal-n500-per-center,2026090603,radius,violations,0.0,count,valid
E001-v2,spectral,A,a-square-300,spectral-grid-equal-n500-per-center,2026090603,seam300,value,0.25157906609519515,ratio,valid
E001-v2,spectral,A,a-square-300,spectral-grid-equal-n500-per-center,2026090604,a4,value,0.13981840128292766,ratio,valid
E001-v2,spectral,A,a-square-300,spectral-grid-equal-n500-per-center,2026090604,radius,max,212.10259924686633,m,valid
E001-v2,spectral,A,a-square-300,spectral-grid-equal-n500-per-center,2026090604,radius,p50,119.0854883370497,m,valid
E001-v2,spectral,A,a-square-300,spectral-grid-equal-n500-per-center,2026090604,radius,p95,179.607722958586,m,valid
E001-v2,spectral,A,a-square-300,spectral-grid-equal-n500-per-center,2026090604,radius,p99,197.55689824748475,m,valid
E001-v2,spectral,A,a-square-300,spectral-grid-equal-n500-per-center,2026090604,radius,violations,0.0,count,valid
E001-v2,spectral,A,a-square-300,spectral-grid-equal-n500-per-center,2026090604,seam300,value,0.4475467011128776,ratio,valid
E001-v2,spectral,A,a-square-300,spectral-grid-equal-n500-per-center,2026090605,a4,value,0.12731244097909558,ratio,valid
E001-v2,spectral,A,a-square-300,spectral-grid-equal-n500-per-center,2026090605,radius,max,210.84092766750342,m,valid
E001-v2,spectral,A,a-square-300,spectral-grid-equal-n500-per-center,2026090605,radius,p50,119.35594666512215,m,valid
E001-v2,spectral,A,a-square-300,spectral-grid-equal-n500-per-center,2026090605,radius,p95,179.13045452218745,m,valid
E001-v2,spectral,A,a-square-300,spectral-grid-equal-n500-per-center,2026090605,radius,p99,197.1155786595354,m,valid
E001-v2,spectral,A,a-square-300,spectral-grid-equal-n500-per-center,2026090605,radius,violations,0.0,count,valid
E001-v2,spectral,A,a-square-300,spectral-grid-equal-n500-per-center,2026090605,seam300,value,0.3834336799854041,ratio,valid
E001-v2,spectral,A,a-square-300,spectral-grid-imbalanced-n60500,,a4,max,0.150346248341278,ratio,valid
E001-v2,spectral,A,a-square-300,spectral-grid-imbalanced-n60500,,a4,median,0.14088301624197122,ratio,valid
E001-v2,spectral,A,a-square-300,spectral-grid-imbalanced-n60500,,a4,min,0.13648254308952606,ratio,valid
E001-v2,spectral,A,a-square-300,spectral-grid-imbalanced-n60500,,grid300,value,0.21820313754884846,ratio,valid
E001-v2,spectral,A,a-square-300,spectral-grid-imbalanced-n60500,,hotspot50,cv,0.48878043253502157,ratio,valid
E001-v2,spectral,A,a-square-300,spectral-grid-imbalanced-n60500,,hotspot50,max,40.0,count,valid
E001-v2,spectral,A,a-square-300,spectral-grid-imbalanced-n60500,,hotspot50,p99,29.0,count,valid
E001-v2,spectral,A,a-square-300,spectral-grid-imbalanced-n60500,,neighbors10,value,1.973866801721955,count,valid
E001-v2,spectral,A,a-square-300,spectral-grid-imbalanced-n60500,,proximity16,value,0.9781716890351988,ratio,valid
E001-v2,spectral,A,a-square-300,spectral-grid-imbalanced-n60500,,proximity24,value,0.9978728792099265,ratio,valid
E001-v2,spectral,A,a-square-300,spectral-grid-imbalanced-n60500,,proximity8,value,0.6970625474803748,ratio,valid
E001-v2,spectral,A,a-square-300,spectral-grid-imbalanced-n60500,,radius,max.max,211.7095472575221,m,valid
E001-v2,spectral,A,a-square-300,spectral-grid-imbalanced-n60500,,radius,max.median,211.2858810031371,m,valid
E001-v2,spectral,A,a-square-300,spectral-grid-imbalanced-n60500,,radius,max.min,210.79743286571997,m,valid
E001-v2,spectral,A,a-square-300,spectral-grid-imbalanced-n60500,,radius,p50.max,119.96316043056886,m,valid
E001-v2,spectral,A,a-square-300,spectral-grid-imbalanced-n60500,,radius,p50.median,119.74053855734547,m,valid
E001-v2,spectral,A,a-square-300,spectral-grid-imbalanced-n60500,,radius,p50.min,119.58063464351126,m,valid
E001-v2,spectral,A,a-square-300,spectral-grid-imbalanced-n60500,,radius,p95.max,180.90751515951226,m,valid
E001-v2,spectral,A,a-square-300,spectral-grid-imbalanced-n60500,,radius,p95.median,179.71474482834182,m,valid
E001-v2,spectral,A,a-square-300,spectral-grid-imbalanced-n60500,,radius,p95.min,178.53197222806256,m,valid
E001-v2,spectral,A,a-square-300,spectral-grid-imbalanced-n60500,,radius,p99.max,198.40818118466697,m,valid
E001-v2,spectral,A,a-square-300,spectral-grid-imbalanced-n60500,,radius,p99.median,197.4595065148247,m,valid
E001-v2,spectral,A,a-square-300,spectral-grid-imbalanced-n60500,,radius,p99.min,196.78999279708557,m,valid
E001-v2,spectral,A,a-square-300,spectral-grid-imbalanced-n60500,,radius,violations.max,0.0,count,valid
E001-v2,spectral,A,a-square-300,spectral-grid-imbalanced-n60500,,radius,violations.median,0.0,count,valid
E001-v2,spectral,A,a-square-300,spectral-grid-imbalanced-n60500,,radius,violations.min,0.0,count,valid
E001-v2,spectral,A,a-square-300,spectral-grid-imbalanced-n60500,,samplerFailureCount,value,0.0,count,valid
E001-v2,spectral,A,a-square-300,spectral-grid-imbalanced-n60500,,seam300,max,0.4521572580645161,ratio,valid
E001-v2,spectral,A,a-square-300,spectral-grid-imbalanced-n60500,,seam300,median,0.3112188057040998,ratio,valid
E001-v2,spectral,A,a-square-300,spectral-grid-imbalanced-n60500,,seam300,min,0.22022357723577235,ratio,valid
E001-v2,spectral,A,a-square-300,spectral-grid-imbalanced-n60500,2026090601,a4,value,0.1377098585071235,ratio,valid
E001-v2,spectral,A,a-square-300,spectral-grid-imbalanced-n60500,2026090601,radius,max,211.28642340825326,m,valid
E001-v2,spectral,A,a-square-300,spectral-grid-imbalanced-n60500,2026090601,radius,p50,119.96316043056886,m,valid
E001-v2,spectral,A,a-square-300,spectral-grid-imbalanced-n60500,2026090601,radius,p95,179.71474482834182,m,valid
E001-v2,spectral,A,a-square-300,spectral-grid-imbalanced-n60500,2026090601,radius,p99,197.4288380592596,m,valid
E001-v2,spectral,A,a-square-300,spectral-grid-imbalanced-n60500,2026090601,radius,violations,0.0,count,valid
E001-v2,spectral,A,a-square-300,spectral-grid-imbalanced-n60500,2026090601,seam300,value,0.4521572580645161,ratio,valid
E001-v2,spectral,A,a-square-300,spectral-grid-imbalanced-n60500,2026090602,a4,value,0.13648254308952606,ratio,valid
E001-v2,spectral,A,a-square-300,spectral-grid-imbalanced-n60500,2026090602,radius,max,210.79743286571997,m,valid
E001-v2,spectral,A,a-square-300,spectral-grid-imbalanced-n60500,2026090602,radius,p50,119.9399448158669,m,valid
E001-v2,spectral,A,a-square-300,spectral-grid-imbalanced-n60500,2026090602,radius,p95,178.53197222806256,m,valid
E001-v2,spectral,A,a-square-300,spectral-grid-imbalanced-n60500,2026090602,radius,p99,197.4595065148247,m,valid
E001-v2,spectral,A,a-square-300,spectral-grid-imbalanced-n60500,2026090602,radius,violations,0.0,count,valid
E001-v2,spectral,A,a-square-300,spectral-grid-imbalanced-n60500,2026090602,seam300,value,0.3881232746721877,ratio,valid
E001-v2,spectral,A,a-square-300,spectral-grid-imbalanced-n60500,2026090603,a4,value,0.14088301624197122,ratio,valid
E001-v2,spectral,A,a-square-300,spectral-grid-imbalanced-n60500,2026090603,radius,max,211.2858810031371,m,valid
E001-v2,spectral,A,a-square-300,spectral-grid-imbalanced-n60500,2026090603,radius,p50,119.6015398236268,m,valid
E001-v2,spectral,A,a-square-300,spectral-grid-imbalanced-n60500,2026090603,radius,p95,178.56666176467508,m,valid
E001-v2,spectral,A,a-square-300,spectral-grid-imbalanced-n60500,2026090603,radius,p99,196.78999279708557,m,valid
E001-v2,spectral,A,a-square-300,spectral-grid-imbalanced-n60500,2026090603,radius,violations,0.0,count,valid
E001-v2,spectral,A,a-square-300,spectral-grid-imbalanced-n60500,2026090603,seam300,value,0.2813903743315508,ratio,valid
E001-v2,spectral,A,a-square-300,spectral-grid-imbalanced-n60500,2026090604,a4,value,0.1434090583575748,ratio,valid
E001-v2,spectral,A,a-square-300,spectral-grid-imbalanced-n60500,2026090604,radius,max,211.7095472575221,m,valid
E001-v2,spectral,A,a-square-300,spectral-grid-imbalanced-n60500,2026090604,radius,p50,119.74053855734547,m,valid
E001-v2,spectral,A,a-square-300,spectral-grid-imbalanced-n60500,2026090604,radius,p95,180.36261290838485,m,valid
E001-v2,spectral,A,a-square-300,spectral-grid-imbalanced-n60500,2026090604,radius,p99,198.40818118466697,m,valid
E001-v2,spectral,A,a-square-300,spectral-grid-imbalanced-n60500,2026090604,radius,violations,0.0,count,valid
E001-v2,spectral,A,a-square-300,spectral-grid-imbalanced-n60500,2026090604,seam300,value,0.22022357723577235,ratio,valid
E001-v2,spectral,A,a-square-300,spectral-grid-imbalanced-n60500,2026090605,a4,value,0.150346248341278,ratio,valid
E001-v2,spectral,A,a-square-300,spectral-grid-imbalanced-n60500,2026090605,radius,max,211.14743130769688,m,valid
E001-v2,spectral,A,a-square-300,spectral-grid-imbalanced-n60500,2026090605,radius,p50,119.58063464351126,m,valid
E001-v2,spectral,A,a-square-300,spectral-grid-imbalanced-n60500,2026090605,radius,p95,180.90751515951226,m,valid
E001-v2,spectral,A,a-square-300,spectral-grid-imbalanced-n60500,2026090605,radius,p99,197.64973050126187,m,valid
E001-v2,spectral,A,a-square-300,spectral-grid-imbalanced-n60500,2026090605,radius,violations,0.0,count,valid
E001-v2,spectral,A,a-square-300,spectral-grid-imbalanced-n60500,2026090605,seam300,value,0.3112188057040998,ratio,valid
E001-v2,spectral,D,d-s120-r300,spectral-grid-equal-n500-per-center,,a4,max,0.009208376952365337,ratio,valid
E001-v2,spectral,D,d-s120-r300,spectral-grid-equal-n500-per-center,,a4,median,0.0,ratio,valid
E001-v2,spectral,D,d-s120-r300,spectral-grid-equal-n500-per-center,,a4,min,0.0,ratio,valid
E001-v2,spectral,D,d-s120-r300,spectral-grid-equal-n500-per-center,,grid300,value,1117.472969724347,ratio,valid
E001-v2,spectral,D,d-s120-r300,spectral-grid-equal-n500-per-center,,hotspot50,cv,0.5015199823854056,ratio,valid
E001-v2,spectral,D,d-s120-r300,spectral-grid-equal-n500-per-center,,hotspot50,max,43.0,count,valid
E001-v2,spectral,D,d-s120-r300,spectral-grid-equal-n500-per-center,,hotspot50,p99,32.0,count,valid
E001-v2,spectral,D,d-s120-r300,spectral-grid-equal-n500-per-center,,neighbors10,value,2.064597377583525,count,valid
E001-v2,spectral,D,d-s120-r300,spectral-grid-equal-n500-per-center,,proximity16,value,0.9777761315653012,ratio,valid
E001-v2,spectral,D,d-s120-r300,spectral-grid-equal-n500-per-center,,proximity24,value,0.9982714768995234,ratio,valid
E001-v2,spectral,D,d-s120-r300,spectral-grid-equal-n500-per-center,,proximity8,value,0.7061510729189816,ratio,valid
E001-v2,spectral,D,d-s120-r300,spectral-grid-equal-n500-per-center,,radius,max.max,283.0927249986655,m,valid
E001-v2,spectral,D,d-s120-r300,spectral-grid-equal-n500-per-center,,radius,max.median,278.20278853651615,m,valid
E001-v2,spectral,D,d-s120-r300,spectral-grid-equal-n500-per-center,,radius,max.min,271.8299050322656,m,valid
E001-v2,spectral,D,d-s120-r300,spectral-grid-equal-n500-per-center,,radius,p50.max,98.7792122141378,m,valid
E001-v2,spectral,D,d-s120-r300,spectral-grid-equal-n500-per-center,,radius,p50.median,97.8153167264041,m,valid
E001-v2,spectral,D,d-s120-r300,spectral-grid-equal-n500-per-center,,radius,p50.min,97.3652307258162,m,valid
E001-v2,spectral,D,d-s120-r300,spectral-grid-equal-n500-per-center,,radius,p95.max,189.96623754095862,m,valid
E001-v2,spectral,D,d-s120-r300,spectral-grid-equal-n500-per-center,,radius,p95.median,188.4225952109515,m,valid
E001-v2,spectral,D,d-s120-r300,spectral-grid-equal-n500-per-center,,radius,p95.min,187.67473714935366,m,valid
E001-v2,spectral,D,d-s120-r300,spectral-grid-equal-n500-per-center,,radius,p99.max,222.76311526423316,m,valid
E001-v2,spectral,D,d-s120-r300,spectral-grid-equal-n500-per-center,,radius,p99.median,222.0513226022675,m,valid
E001-v2,spectral,D,d-s120-r300,spectral-grid-equal-n500-per-center,,radius,p99.min,221.71908494339365,m,valid
E001-v2,spectral,D,d-s120-r300,spectral-grid-equal-n500-per-center,,radius,violations.max,0.0,count,valid
E001-v2,spectral,D,d-s120-r300,spectral-grid-equal-n500-per-center,,radius,violations.median,0.0,count,valid
E001-v2,spectral,D,d-s120-r300,spectral-grid-equal-n500-per-center,,radius,violations.min,0.0,count,valid
E001-v2,spectral,D,d-s120-r300,spectral-grid-equal-n500-per-center,,samplerFailureCount,value,0.0,count,valid
E001-v2,spectral,D,d-s120-r300,spectral-grid-equal-n500-per-center,,seam300,max,0.7136437908496731,ratio,valid
E001-v2,spectral,D,d-s120-r300,spectral-grid-equal-n500-per-center,,seam300,median,0.3888766032728881,ratio,valid
E001-v2,spectral,D,d-s120-r300,spectral-grid-equal-n500-per-center,,seam300,min,0.09610983981693363,ratio,valid
E001-v2,spectral,D,d-s120-r300,spectral-grid-equal-n500-per-center,2026090601,a4,value,0.005224473311831678,ratio,valid
E001-v2,spectral,D,d-s120-r300,spectral-grid-equal-n500-per-center,2026090601,radius,max,283.0927249986655,m,valid
E001-v2,spectral,D,d-s120-r300,spectral-grid-equal-n500-per-center,2026090601,radius,p50,97.8153167264041,m,valid
E001-v2,spectral,D,d-s120-r300,spectral-grid-equal-n500-per-center,2026090601,radius,p95,188.4225952109515,m,valid
E001-v2,spectral,D,d-s120-r300,spectral-grid-equal-n500-per-center,2026090601,radius,p99,222.65105916492053,m,valid
E001-v2,spectral,D,d-s120-r300,spectral-grid-equal-n500-per-center,2026090601,radius,violations,0.0,count,valid
E001-v2,spectral,D,d-s120-r300,spectral-grid-equal-n500-per-center,2026090601,seam300,value,0.3888766032728881,ratio,valid
E001-v2,spectral,D,d-s120-r300,spectral-grid-equal-n500-per-center,2026090602,a4,value,0.009208376952365337,ratio,valid
E001-v2,spectral,D,d-s120-r300,spectral-grid-equal-n500-per-center,2026090602,radius,max,273.2891713214553,m,valid
E001-v2,spectral,D,d-s120-r300,spectral-grid-equal-n500-per-center,2026090602,radius,p50,97.3652307258162,m,valid
E001-v2,spectral,D,d-s120-r300,spectral-grid-equal-n500-per-center,2026090602,radius,p95,187.7787686338889,m,valid
E001-v2,spectral,D,d-s120-r300,spectral-grid-equal-n500-per-center,2026090602,radius,p99,221.71908494339365,m,valid
E001-v2,spectral,D,d-s120-r300,spectral-grid-equal-n500-per-center,2026090602,radius,violations,0.0,count,valid
E001-v2,spectral,D,d-s120-r300,spectral-grid-equal-n500-per-center,2026090602,seam300,value,0.19791666666666669,ratio,valid
E001-v2,spectral,D,d-s120-r300,spectral-grid-equal-n500-per-center,2026090603,a4,value,0.0,ratio,valid
E001-v2,spectral,D,d-s120-r300,spectral-grid-equal-n500-per-center,2026090603,radius,max,271.8299050322656,m,valid
E001-v2,spectral,D,d-s120-r300,spectral-grid-equal-n500-per-center,2026090603,radius,p50,97.62029018573453,m,valid
E001-v2,spectral,D,d-s120-r300,spectral-grid-equal-n500-per-center,2026090603,radius,p95,189.96623754095862,m,valid
E001-v2,spectral,D,d-s120-r300,spectral-grid-equal-n500-per-center,2026090603,radius,p99,221.80074146218348,m,valid
E001-v2,spectral,D,d-s120-r300,spectral-grid-equal-n500-per-center,2026090603,radius,violations,0.0,count,valid
E001-v2,spectral,D,d-s120-r300,spectral-grid-equal-n500-per-center,2026090603,seam300,value,0.5780802968960864,ratio,valid
E001-v2,spectral,D,d-s120-r300,spectral-grid-equal-n500-per-center,2026090604,a4,value,0.0,ratio,valid
E001-v2,spectral,D,d-s120-r300,spectral-grid-equal-n500-per-center,2026090604,radius,max,278.3084019653318,m,valid
E001-v2,spectral,D,d-s120-r300,spectral-grid-equal-n500-per-center,2026090604,radius,p50,98.7792122141378,m,valid
E001-v2,spectral,D,d-s120-r300,spectral-grid-equal-n500-per-center,2026090604,radius,p95,189.26902624641392,m,valid
E001-v2,spectral,D,d-s120-r300,spectral-grid-equal-n500-per-center,2026090604,radius,p99,222.0513226022675,m,valid
E001-v2,spectral,D,d-s120-r300,spectral-grid-equal-n500-per-center,2026090604,radius,violations,0.0,count,valid
E001-v2,spectral,D,d-s120-r300,spectral-grid-equal-n500-per-center,2026090604,seam300,value,0.7136437908496731,ratio,valid
E001-v2,spectral,D,d-s120-r300,spectral-grid-equal-n500-per-center,2026090605,a4,value,0.0,ratio,valid
E001-v2,spectral,D,d-s120-r300,spectral-grid-equal-n500-per-center,2026090605,radius,max,278.20278853651615,m,valid
E001-v2,spectral,D,d-s120-r300,spectral-grid-equal-n500-per-center,2026090605,radius,p50,97.92429021756561,m,valid
E001-v2,spectral,D,d-s120-r300,spectral-grid-equal-n500-per-center,2026090605,radius,p95,187.67473714935366,m,valid
E001-v2,spectral,D,d-s120-r300,spectral-grid-equal-n500-per-center,2026090605,radius,p99,222.76311526423316,m,valid
E001-v2,spectral,D,d-s120-r300,spectral-grid-equal-n500-per-center,2026090605,radius,violations,0.0,count,valid
E001-v2,spectral,D,d-s120-r300,spectral-grid-equal-n500-per-center,2026090605,seam300,value,0.09610983981693363,ratio,valid
E001-v2,spectral,D,d-s120-r300,spectral-grid-imbalanced-n60500,,a4,max,0.007461595711641061,ratio,valid
E001-v2,spectral,D,d-s120-r300,spectral-grid-imbalanced-n60500,,a4,median,0.006837828091082185,ratio,valid
E001-v2,spectral,D,d-s120-r300,spectral-grid-imbalanced-n60500,,a4,min,0.0,ratio,valid
E001-v2,spectral,D,d-s120-r300,spectral-grid-imbalanced-n60500,,grid300,value,248.38600478163445,ratio,valid
E001-v2,spectral,D,d-s120-r300,spectral-grid-imbalanced-n60500,,hotspot50,cv,0.6372090326670775,ratio,valid
E001-v2,spectral,D,d-s120-r300,spectral-grid-imbalanced-n60500,,hotspot50,max,50.0,count,valid
E001-v2,spectral,D,d-s120-r300,spectral-grid-imbalanced-n60500,,hotspot50,p99,39.0,count,valid
E001-v2,spectral,D,d-s120-r300,spectral-grid-imbalanced-n60500,,neighbors10,value,2.2870016453613466,count,valid
E001-v2,spectral,D,d-s120-r300,spectral-grid-imbalanced-n60500,,proximity16,value,0.9718516643462852,ratio,valid
E001-v2,spectral,D,d-s120-r300,spectral-grid-imbalanced-n60500,,proximity24,value,0.9976458676116947,ratio,valid
E001-v2,spectral,D,d-s120-r300,spectral-grid-imbalanced-n60500,,proximity8,value,0.712618655866346,ratio,valid
E001-v2,spectral,D,d-s120-r300,spectral-grid-imbalanced-n60500,,radius,max.max,276.95609213844585,m,valid
E001-v2,spectral,D,d-s120-r300,spectral-grid-imbalanced-n60500,,radius,max.median,274.99094427446533,m,valid
E001-v2,spectral,D,d-s120-r300,spectral-grid-imbalanced-n60500,,radius,max.min,264.12782295010464,m,valid
E001-v2,spectral,D,d-s120-r300,spectral-grid-imbalanced-n60500,,radius,p50.max,99.39364455900889,m,valid
E001-v2,spectral,D,d-s120-r300,spectral-grid-imbalanced-n60500,,radius,p50.median,97.92296916455354,m,valid
E001-v2,spectral,D,d-s120-r300,spectral-grid-imbalanced-n60500,,radius,p50.min,97.52673457428968,m,valid
E001-v2,spectral,D,d-s120-r300,spectral-grid-imbalanced-n60500,,radius,p95.max,191.29096042421497,m,valid
E001-v2,spectral,D,d-s120-r300,spectral-grid-imbalanced-n60500,,radius,p95.median,189.98163397433902,m,valid
E001-v2,spectral,D,d-s120-r300,spectral-grid-imbalanced-n60500,,radius,p95.min,187.29294008559464,m,valid
E001-v2,spectral,D,d-s120-r300,spectral-grid-imbalanced-n60500,,radius,p99.max,225.2857350976366,m,valid
E001-v2,spectral,D,d-s120-r300,spectral-grid-imbalanced-n60500,,radius,p99.median,223.6957457605092,m,valid
E001-v2,spectral,D,d-s120-r300,spectral-grid-imbalanced-n60500,,radius,p99.min,221.87882778316404,m,valid
E001-v2,spectral,D,d-s120-r300,spectral-grid-imbalanced-n60500,,radius,violations.max,0.0,count,valid
E001-v2,spectral,D,d-s120-r300,spectral-grid-imbalanced-n60500,,radius,violations.median,0.0,count,valid
E001-v2,spectral,D,d-s120-r300,spectral-grid-imbalanced-n60500,,radius,violations.min,0.0,count,valid
E001-v2,spectral,D,d-s120-r300,spectral-grid-imbalanced-n60500,,samplerFailureCount,value,0.0,count,valid
E001-v2,spectral,D,d-s120-r300,spectral-grid-imbalanced-n60500,,seam300,max,0.5496005220269926,ratio,valid
E001-v2,spectral,D,d-s120-r300,spectral-grid-imbalanced-n60500,,seam300,median,0.4461722488038277,ratio,valid
E001-v2,spectral,D,d-s120-r300,spectral-grid-imbalanced-n60500,,seam300,min,0.22955465587044532,ratio,valid
E001-v2,spectral,D,d-s120-r300,spectral-grid-imbalanced-n60500,2026090601,a4,value,0.007461595711641061,ratio,valid
E001-v2,spectral,D,d-s120-r300,spectral-grid-imbalanced-n60500,2026090601,radius,max,274.99094427446533,m,valid
E001-v2,spectral,D,d-s120-r300,spectral-grid-imbalanced-n60500,2026090601,radius,p50,97.92296916455354,m,valid
E001-v2,spectral,D,d-s120-r300,spectral-grid-imbalanced-n60500,2026090601,radius,p95,190.67841298843967,m,valid
E001-v2,spectral,D,d-s120-r300,spectral-grid-imbalanced-n60500,2026090601,radius,p99,225.2857350976366,m,valid
E001-v2,spectral,D,d-s120-r300,spectral-grid-imbalanced-n60500,2026090601,radius,violations,0.0,count,valid
E001-v2,spectral,D,d-s120-r300,spectral-grid-imbalanced-n60500,2026090601,seam300,value,0.5284715284715285,ratio,valid
E001-v2,spectral,D,d-s120-r300,spectral-grid-imbalanced-n60500,2026090602,a4,value,0.006551034058504858,ratio,valid
E001-v2,spectral,D,d-s120-r300,spectral-grid-imbalanced-n60500,2026090602,radius,max,275.46676968657187,m,valid
E001-v2,spectral,D,d-s120-r300,spectral-grid-imbalanced-n60500,2026090602,radius,p50,99.39364455900889,m,valid
E001-v2,spectral,D,d-s120-r300,spectral-grid-imbalanced-n60500,2026090602,radius,p95,191.29096042421497,m,valid
E001-v2,spectral,D,d-s120-r300,spectral-grid-imbalanced-n60500,2026090602,radius,p99,224.72776824027846,m,valid
E001-v2,spectral,D,d-s120-r300,spectral-grid-imbalanced-n60500,2026090602,radius,violations,0.0,count,valid
E001-v2,spectral,D,d-s120-r300,spectral-grid-imbalanced-n60500,2026090602,seam300,value,0.4461722488038277,ratio,valid
E001-v2,spectral,D,d-s120-r300,spectral-grid-imbalanced-n60500,2026090603,a4,value,0.006837828091082185,ratio,valid
E001-v2,spectral,D,d-s120-r300,spectral-grid-imbalanced-n60500,2026090603,radius,max,272.10567795425663,m,valid
E001-v2,spectral,D,d-s120-r300,spectral-grid-imbalanced-n60500,2026090603,radius,p50,97.86299872910097,m,valid
E001-v2,spectral,D,d-s120-r300,spectral-grid-imbalanced-n60500,2026090603,radius,p95,189.98163397433902,m,valid
E001-v2,spectral,D,d-s120-r300,spectral-grid-imbalanced-n60500,2026090603,radius,p99,221.87882778316404,m,valid
E001-v2,spectral,D,d-s120-r300,spectral-grid-imbalanced-n60500,2026090603,radius,violations,0.0,count,valid
E001-v2,spectral,D,d-s120-r300,spectral-grid-imbalanced-n60500,2026090603,seam300,value,0.5496005220269926,ratio,valid
E001-v2,spectral,D,d-s120-r300,spectral-grid-imbalanced-n60500,2026090604,a4,value,0.0,ratio,valid
E001-v2,spectral,D,d-s120-r300,spectral-grid-imbalanced-n60500,2026090604,radius,max,264.12782295010464,m,valid
E001-v2,spectral,D,d-s120-r300,spectral-grid-imbalanced-n60500,2026090604,radius,p50,97.52673457428968,m,valid
E001-v2,spectral,D,d-s120-r300,spectral-grid-imbalanced-n60500,2026090604,radius,p95,187.29294008559464,m,valid
E001-v2,spectral,D,d-s120-r300,spectral-grid-imbalanced-n60500,2026090604,radius,p99,222.04895080696159,m,valid
E001-v2,spectral,D,d-s120-r300,spectral-grid-imbalanced-n60500,2026090604,radius,violations,0.0,count,valid
E001-v2,spectral,D,d-s120-r300,spectral-grid-imbalanced-n60500,2026090604,seam300,value,0.22955465587044532,ratio,valid
E001-v2,spectral,D,d-s120-r300,spectral-grid-imbalanced-n60500,2026090605,a4,value,0.007311380133358218,ratio,valid
E001-v2,spectral,D,d-s120-r300,spectral-grid-imbalanced-n60500,2026090605,radius,max,276.95609213844585,m,valid
E001-v2,spectral,D,d-s120-r300,spectral-grid-imbalanced-n60500,2026090605,radius,p50,98.44415408406753,m,valid
E001-v2,spectral,D,d-s120-r300,spectral-grid-imbalanced-n60500,2026090605,radius,p95,189.69549622786437,m,valid
E001-v2,spectral,D,d-s120-r300,spectral-grid-imbalanced-n60500,2026090605,radius,p99,223.6957457605092,m,valid
E001-v2,spectral,D,d-s120-r300,spectral-grid-imbalanced-n60500,2026090605,radius,violations,0.0,count,valid
E001-v2,spectral,D,d-s120-r300,spectral-grid-imbalanced-n60500,2026090605,seam300,value,0.24478021978021977,ratio,valid
E001-v2,tuning,A,a-square-300,tuning-grid-imbalanced-n4500,,a4,max,0.16771168099982917,ratio,valid
E001-v2,tuning,A,a-square-300,tuning-grid-imbalanced-n4500,,a4,median,0.15109884705446663,ratio,valid
E001-v2,tuning,A,a-square-300,tuning-grid-imbalanced-n4500,,a4,min,0.09586725024828967,ratio,valid
E001-v2,tuning,A,a-square-300,tuning-grid-imbalanced-n4500,,hotspot50,cv,1.270763899742548,ratio,valid
E001-v2,tuning,A,a-square-300,tuning-grid-imbalanced-n4500,,hotspot50,max,44.0,count,valid
E001-v2,tuning,A,a-square-300,tuning-grid-imbalanced-n4500,,hotspot50,p99,39.0,count,valid
E001-v2,tuning,A,a-square-300,tuning-grid-imbalanced-n4500,,neighbors10,value,2.3755555555555556,count,valid
E001-v2,tuning,A,a-square-300,tuning-grid-imbalanced-n4500,,proximity16,value,0.9717777777777777,ratio,valid
E001-v2,tuning,A,a-square-300,tuning-grid-imbalanced-n4500,,proximity24,value,0.9971111111111111,ratio,valid
E001-v2,tuning,A,a-square-300,tuning-grid-imbalanced-n4500,,proximity8,value,0.7171111111111111,ratio,valid
E001-v2,tuning,A,a-square-300,tuning-grid-imbalanced-n4500,,radius,max.max,211.25835421261056,m,valid
E001-v2,tuning,A,a-square-300,tuning-grid-imbalanced-n4500,,radius,max.median,209.91505698398782,m,valid
E001-v2,tuning,A,a-square-300,tuning-grid-imbalanced-n4500,,radius,max.min,204.5134555887056,m,valid
E001-v2,tuning,A,a-square-300,tuning-grid-imbalanced-n4500,,radius,p50.max,121.90582391986038,m,valid
E001-v2,tuning,A,a-square-300,tuning-grid-imbalanced-n4500,,radius,p50.median,117.91989169541058,m,valid
E001-v2,tuning,A,a-square-300,tuning-grid-imbalanced-n4500,,radius,p50.min,117.13158257099806,m,valid
E001-v2,tuning,A,a-square-300,tuning-grid-imbalanced-n4500,,radius,p95.max,182.4265834472267,m,valid
E001-v2,tuning,A,a-square-300,tuning-grid-imbalanced-n4500,,radius,p95.median,180.86054099531458,m,valid
E001-v2,tuning,A,a-square-300,tuning-grid-imbalanced-n4500,,radius,p95.min,177.30752176960803,m,valid
E001-v2,tuning,A,a-square-300,tuning-grid-imbalanced-n4500,,radius,p99.max,200.1158868405684,m,valid
E001-v2,tuning,A,a-square-300,tuning-grid-imbalanced-n4500,,radius,p99.median,198.01350739386925,m,valid
E001-v2,tuning,A,a-square-300,tuning-grid-imbalanced-n4500,,radius,p99.min,195.6015294253904,m,valid
E001-v2,tuning,A,a-square-300,tuning-grid-imbalanced-n4500,,radius,violations.max,0.0,count,valid
E001-v2,tuning,A,a-square-300,tuning-grid-imbalanced-n4500,,radius,violations.median,0.0,count,valid
E001-v2,tuning,A,a-square-300,tuning-grid-imbalanced-n4500,,radius,violations.min,0.0,count,valid
E001-v2,tuning,A,a-square-300,tuning-grid-imbalanced-n4500,,samplerFailureCount,value,0.0,count,valid
E001-v2,tuning,A,a-square-300,tuning-grid-imbalanced-n4500,,seam300,max,0.6255140692640693,ratio,valid
E001-v2,tuning,A,a-square-300,tuning-grid-imbalanced-n4500,,seam300,median,0.5974566292281311,ratio,valid
E001-v2,tuning,A,a-square-300,tuning-grid-imbalanced-n4500,,seam300,min,0.4969571385902031,ratio,valid
E001-v2,tuning,A,a-square-300,tuning-grid-imbalanced-n4500,2026090601,a4,value,0.1527586943048713,ratio,valid
E001-v2,tuning,A,a-square-300,tuning-grid-imbalanced-n4500,2026090601,radius,max,210.28127911842182,m,valid
E001-v2,tuning,A,a-square-300,tuning-grid-imbalanced-n4500,2026090601,radius,p50,117.13158257099806,m,valid
E001-v2,tuning,A,a-square-300,tuning-grid-imbalanced-n4500,2026090601,radius,p95,180.86054099531458,m,valid
E001-v2,tuning,A,a-square-300,tuning-grid-imbalanced-n4500,2026090601,radius,p99,200.1158868405684,m,valid
E001-v2,tuning,A,a-square-300,tuning-grid-imbalanced-n4500,2026090601,radius,violations,0.0,count,valid
E001-v2,tuning,A,a-square-300,tuning-grid-imbalanced-n4500,2026090601,seam300,value,0.6093778369545482,ratio,valid
E001-v2,tuning,A,a-square-300,tuning-grid-imbalanced-n4500,2026090602,a4,value,0.15109884705446663,ratio,valid
E001-v2,tuning,A,a-square-300,tuning-grid-imbalanced-n4500,2026090602,radius,max,204.5134555887056,m,valid
E001-v2,tuning,A,a-square-300,tuning-grid-imbalanced-n4500,2026090602,radius,p50,117.91989169541058,m,valid
E001-v2,tuning,A,a-square-300,tuning-grid-imbalanced-n4500,2026090602,radius,p95,182.4265834472267,m,valid
E001-v2,tuning,A,a-square-300,tuning-grid-imbalanced-n4500,2026090602,radius,p99,198.01350739386925,m,valid
E001-v2,tuning,A,a-square-300,tuning-grid-imbalanced-n4500,2026090602,radius,violations,0.0,count,valid
E001-v2,tuning,A,a-square-300,tuning-grid-imbalanced-n4500,2026090602,seam300,value,0.5539619366808307,ratio,valid
E001-v2,tuning,A,a-square-300,tuning-grid-imbalanced-n4500,2026090603,a4,value,0.16771168099982917,ratio,valid
E001-v2,tuning,A,a-square-300,tuning-grid-imbalanced-n4500,2026090603,radius,max,208.59636630611473,m,valid
E001-v2,tuning,A,a-square-300,tuning-grid-imbalanced-n4500,2026090603,radius,p50,121.90582391986038,m,valid
E001-v2,tuning,A,a-square-300,tuning-grid-imbalanced-n4500,2026090603,radius,p95,181.2236679101196,m,valid
E001-v2,tuning,A,a-square-300,tuning-grid-imbalanced-n4500,2026090603,radius,p99,198.66951660666743,m,valid
E001-v2,tuning,A,a-square-300,tuning-grid-imbalanced-n4500,2026090603,radius,violations,0.0,count,valid
E001-v2,tuning,A,a-square-300,tuning-grid-imbalanced-n4500,2026090603,seam300,value,0.5974566292281311,ratio,valid
E001-v2,tuning,A,a-square-300,tuning-grid-imbalanced-n4500,2026090604,a4,value,0.14542136752448986,ratio,valid
E001-v2,tuning,A,a-square-300,tuning-grid-imbalanced-n4500,2026090604,radius,max,209.91505698398782,m,valid
E001-v2,tuning,A,a-square-300,tuning-grid-imbalanced-n4500,2026090604,radius,p50,117.21083846441492,m,valid
E001-v2,tuning,A,a-square-300,tuning-grid-imbalanced-n4500,2026090604,radius,p95,179.90049512965035,m,valid
E001-v2,tuning,A,a-square-300,tuning-grid-imbalanced-n4500,2026090604,radius,p99,195.6015294253904,m,valid
E001-v2,tuning,A,a-square-300,tuning-grid-imbalanced-n4500,2026090604,radius,violations,0.0,count,valid
E001-v2,tuning,A,a-square-300,tuning-grid-imbalanced-n4500,2026090604,seam300,value,0.4969571385902031,ratio,valid
E001-v2,tuning,A,a-square-300,tuning-grid-imbalanced-n4500,2026090605,a4,value,0.09586725024828967,ratio,valid
E001-v2,tuning,A,a-square-300,tuning-grid-imbalanced-n4500,2026090605,radius,max,211.25835421261056,m,valid
E001-v2,tuning,A,a-square-300,tuning-grid-imbalanced-n4500,2026090605,radius,p50,119.33266257376913,m,valid
E001-v2,tuning,A,a-square-300,tuning-grid-imbalanced-n4500,2026090605,radius,p95,177.30752176960803,m,valid
E001-v2,tuning,A,a-square-300,tuning-grid-imbalanced-n4500,2026090605,radius,p99,196.39193296434172,m,valid
E001-v2,tuning,A,a-square-300,tuning-grid-imbalanced-n4500,2026090605,radius,violations,0.0,count,valid
E001-v2,tuning,A,a-square-300,tuning-grid-imbalanced-n4500,2026090605,seam300,value,0.6255140692640693,ratio,valid
E001-v2,tuning,A,a-square-300,tuning-single-n500,,a4,max,0.28415304468797953,ratio,valid
E001-v2,tuning,A,a-square-300,tuning-single-n500,,a4,median,0.11938903128928086,ratio,valid
E001-v2,tuning,A,a-square-300,tuning-single-n500,,a4,min,0.0,ratio,valid
E001-v2,tuning,A,a-square-300,tuning-single-n500,,hotspot50,cv,1.8381381884940013,ratio,valid
E001-v2,tuning,A,a-square-300,tuning-single-n500,,hotspot50,max,25.0,count,valid
E001-v2,tuning,A,a-square-300,tuning-single-n500,,hotspot50,p99,22.0,count,valid
E001-v2,tuning,A,a-square-300,tuning-single-n500,,neighbors10,value,1.832,count,valid
E001-v2,tuning,A,a-square-300,tuning-single-n500,,proximity16,value,0.98,ratio,valid
E001-v2,tuning,A,a-square-300,tuning-single-n500,,proximity24,value,1.0,ratio,valid
E001-v2,tuning,A,a-square-300,tuning-single-n500,,proximity8,value,0.692,ratio,valid
E001-v2,tuning,A,a-square-300,tuning-single-n500,,radius,max.max,209.19433615880035,m,valid
E001-v2,tuning,A,a-square-300,tuning-single-n500,,radius,max.median,201.88057550506863,m,valid
E001-v2,tuning,A,a-square-300,tuning-single-n500,,radius,max.min,200.0510600579011,m,valid
E001-v2,tuning,A,a-square-300,tuning-single-n500,,radius,p50.max,128.8870653998481,m,valid
E001-v2,tuning,A,a-square-300,tuning-single-n500,,radius,p50.median,122.09933047905224,m,valid
E001-v2,tuning,A,a-square-300,tuning-single-n500,,radius,p50.min,110.00246708131274,m,valid
E001-v2,tuning,A,a-square-300,tuning-single-n500,,radius,p95.max,185.3102941119824,m,valid
E001-v2,tuning,A,a-square-300,tuning-single-n500,,radius,p95.median,179.92755622368557,m,valid
E001-v2,tuning,A,a-square-300,tuning-single-n500,,radius,p95.min,173.59569421518648,m,valid
E001-v2,tuning,A,a-square-300,tuning-single-n500,,radius,p99.max,199.6112017054322,m,valid
E001-v2,tuning,A,a-square-300,tuning-single-n500,,radius,p99.median,197.32169082932623,m,valid
E001-v2,tuning,A,a-square-300,tuning-single-n500,,radius,p99.min,180.1129882957791,m,valid
E001-v2,tuning,A,a-square-300,tuning-single-n500,,radius,violations.max,0.0,count,valid
E001-v2,tuning,A,a-square-300,tuning-single-n500,,radius,violations.median,0.0,count,valid
E001-v2,tuning,A,a-square-300,tuning-single-n500,,radius,violations.min,0.0,count,valid
E001-v2,tuning,A,a-square-300,tuning-single-n500,,samplerFailureCount,value,0.0,count,valid
E001-v2,tuning,A,a-square-300,tuning-single-n500,,seam300,max,1.698611111111111,ratio,valid
E001-v2,tuning,A,a-square-300,tuning-single-n500,,seam300,median,1.6071428571428572,ratio,valid
E001-v2,tuning,A,a-square-300,tuning-single-n500,,seam300,min,1.5357142857142858,ratio,valid
E001-v2,tuning,A,a-square-300,tuning-single-n500,2026090601,a4,value,0.0,ratio,valid
E001-v2,tuning,A,a-square-300,tuning-single-n500,2026090601,radius,max,200.0510600579011,m,valid
E001-v2,tuning,A,a-square-300,tuning-single-n500,2026090601,radius,p50,128.8870653998481,m,valid
E001-v2,tuning,A,a-square-300,tuning-single-n500,2026090601,radius,p95,173.59569421518648,m,valid
E001-v2,tuning,A,a-square-300,tuning-single-n500,2026090601,radius,p99,180.1129882957791,m,valid
E001-v2,tuning,A,a-square-300,tuning-single-n500,2026090601,radius,violations,0.0,count,valid
E001-v2,tuning,A,a-square-300,tuning-single-n500,2026090601,seam300,value,1.6071428571428572,ratio,valid
E001-v2,tuning,A,a-square-300,tuning-single-n500,2026090602,a4,value,0.10561023074538399,ratio,valid
E001-v2,tuning,A,a-square-300,tuning-single-n500,2026090602,radius,max,202.7164380760232,m,valid
E001-v2,tuning,A,a-square-300,tuning-single-n500,2026090602,radius,p50,115.29545270795349,m,valid
E001-v2,tuning,A,a-square-300,tuning-single-n500,2026090602,radius,p95,185.3102941119824,m,valid
E001-v2,tuning,A,a-square-300,tuning-single-n500,2026090602,radius,p99,198.17646736145875,m,valid
E001-v2,tuning,A,a-square-300,tuning-single-n500,2026090602,radius,violations,0.0,count,valid
E001-v2,tuning,A,a-square-300,tuning-single-n500,2026090602,seam300,value,1.698611111111111,ratio,valid
E001-v2,tuning,A,a-square-300,tuning-single-n500,2026090603,a4,value,0.11938903128928086,ratio,valid
E001-v2,tuning,A,a-square-300,tuning-single-n500,2026090603,radius,max,209.19433615880035,m,valid
E001-v2,tuning,A,a-square-300,tuning-single-n500,2026090603,radius,p50,122.09933047905224,m,valid
E001-v2,tuning,A,a-square-300,tuning-single-n500,2026090603,radius,p95,180.46354246859116,m,valid
E001-v2,tuning,A,a-square-300,tuning-single-n500,2026090603,radius,p99,199.6112017054322,m,valid
E001-v2,tuning,A,a-square-300,tuning-single-n500,2026090603,radius,violations,0.0,count,valid
E001-v2,tuning,A,a-square-300,tuning-single-n500,2026090603,seam300,value,1.5869047619047618,ratio,valid
E001-v2,tuning,A,a-square-300,tuning-single-n500,2026090604,a4,value,0.28415304468797953,ratio,valid
E001-v2,tuning,A,a-square-300,tuning-single-n500,2026090604,radius,max,201.88057550506863,m,valid
E001-v2,tuning,A,a-square-300,tuning-single-n500,2026090604,radius,p50,127.11052272189309,m,valid
E001-v2,tuning,A,a-square-300,tuning-single-n500,2026090604,radius,p95,179.92755622368557,m,valid
E001-v2,tuning,A,a-square-300,tuning-single-n500,2026090604,radius,p99,197.32169082932623,m,valid
E001-v2,tuning,A,a-square-300,tuning-single-n500,2026090604,radius,violations,0.0,count,valid
E001-v2,tuning,A,a-square-300,tuning-single-n500,2026090604,seam300,value,1.6646825396825398,ratio,valid
E001-v2,tuning,A,a-square-300,tuning-single-n500,2026090605,a4,value,0.15205017119428113,ratio,valid
E001-v2,tuning,A,a-square-300,tuning-single-n500,2026090605,radius,max,201.52272043298487,m,valid
E001-v2,tuning,A,a-square-300,tuning-single-n500,2026090605,radius,p50,110.00246708131274,m,valid
E001-v2,tuning,A,a-square-300,tuning-single-n500,2026090605,radius,p95,176.63679236831317,m,valid
E001-v2,tuning,A,a-square-300,tuning-single-n500,2026090605,radius,p99,189.6282828987242,m,valid
E001-v2,tuning,A,a-square-300,tuning-single-n500,2026090605,radius,violations,0.0,count,valid
E001-v2,tuning,A,a-square-300,tuning-single-n500,2026090605,seam300,value,1.5357142857142858,ratio,valid
E001-v2,tuning,D,d-s100-r300,tuning-grid-imbalanced-n4500,,a4,max,0.025594703309820534,ratio,valid
E001-v2,tuning,D,d-s100-r300,tuning-grid-imbalanced-n4500,,a4,median,0.0,ratio,valid
E001-v2,tuning,D,d-s100-r300,tuning-grid-imbalanced-n4500,,a4,min,0.0,ratio,valid
E001-v2,tuning,D,d-s100-r300,tuning-grid-imbalanced-n4500,,hotspot50,cv,1.5125971777780831,ratio,valid
E001-v2,tuning,D,d-s100-r300,tuning-grid-imbalanced-n4500,,hotspot50,max,80.0,count,valid
E001-v2,tuning,D,d-s100-r300,tuning-grid-imbalanced-n4500,,hotspot50,p99,59.0,count,valid
E001-v2,tuning,D,d-s100-r300,tuning-grid-imbalanced-n4500,,neighbors10,value,3.2035555555555555,count,valid
E001-v2,tuning,D,d-s100-r300,tuning-grid-imbalanced-n4500,,proximity16,value,0.9577777777777777,ratio,valid
E001-v2,tuning,D,d-s100-r300,tuning-grid-imbalanced-n4500,,proximity24,value,0.9884444444444445,ratio,valid
E001-v2,tuning,D,d-s100-r300,tuning-grid-imbalanced-n4500,,proximity8,value,0.7286666666666667,ratio,valid
E001-v2,tuning,D,d-s100-r300,tuning-grid-imbalanced-n4500,,radius,max.max,260.6950340978667,m,valid
E001-v2,tuning,D,d-s100-r300,tuning-grid-imbalanced-n4500,,radius,max.median,248.66016807626067,m,valid
E001-v2,tuning,D,d-s100-r300,tuning-grid-imbalanced-n4500,,radius,max.min,230.52203798805448,m,valid
E001-v2,tuning,D,d-s100-r300,tuning-grid-imbalanced-n4500,,radius,p50.max,92.33885413160465,m,valid
E001-v2,tuning,D,d-s100-r300,tuning-grid-imbalanced-n4500,,radius,p50.median,89.66807299011711,m,valid
E001-v2,tuning,D,d-s100-r300,tuning-grid-imbalanced-n4500,,radius,p50.min,86.08814816861526,m,valid
E001-v2,tuning,D,d-s100-r300,tuning-grid-imbalanced-n4500,,radius,p95.max,178.55166427899476,m,valid
E001-v2,tuning,D,d-s100-r300,tuning-grid-imbalanced-n4500,,radius,p95.median,177.57056819146766,m,valid
E001-v2,tuning,D,d-s100-r300,tuning-grid-imbalanced-n4500,,radius,p95.min,172.5235017931509,m,valid
E001-v2,tuning,D,d-s100-r300,tuning-grid-imbalanced-n4500,,radius,p99.max,214.93320764954711,m,valid
E001-v2,tuning,D,d-s100-r300,tuning-grid-imbalanced-n4500,,radius,p99.median,210.5619360732429,m,valid
E001-v2,tuning,D,d-s100-r300,tuning-grid-imbalanced-n4500,,radius,p99.min,207.01924955271096,m,valid
E001-v2,tuning,D,d-s100-r300,tuning-grid-imbalanced-n4500,,radius,violations.max,0.0,count,valid
E001-v2,tuning,D,d-s100-r300,tuning-grid-imbalanced-n4500,,radius,violations.median,0.0,count,valid
E001-v2,tuning,D,d-s100-r300,tuning-grid-imbalanced-n4500,,radius,violations.min,0.0,count,valid
E001-v2,tuning,D,d-s100-r300,tuning-grid-imbalanced-n4500,,samplerFailureCount,value,0.0,count,valid
E001-v2,tuning,D,d-s100-r300,tuning-grid-imbalanced-n4500,,seam300,max,0.6171717171717171,ratio,valid
E001-v2,tuning,D,d-s100-r300,tuning-grid-imbalanced-n4500,,seam300,median,0.38550420168067223,ratio,valid
E001-v2,tuning,D,d-s100-r300,tuning-grid-imbalanced-n4500,,seam300,min,0.23595334685598376,ratio,valid
E001-v2,tuning,D,d-s100-r300,tuning-grid-imbalanced-n4500,2026090601,a4,value,0.0,ratio,valid
E001-v2,tuning,D,d-s100-r300,tuning-grid-imbalanced-n4500,2026090601,radius,max,248.66016807626067,m,valid
E001-v2,tuning,D,d-s100-r300,tuning-grid-imbalanced-n4500,2026090601,radius,p50,86.08814816861526,m,valid
E001-v2,tuning,D,d-s100-r300,tuning-grid-imbalanced-n4500,2026090601,radius,p95,177.57056819146766,m,valid
E001-v2,tuning,D,d-s100-r300,tuning-grid-imbalanced-n4500,2026090601,radius,p99,209.68524693337045,m,valid
E001-v2,tuning,D,d-s100-r300,tuning-grid-imbalanced-n4500,2026090601,radius,violations,0.0,count,valid
E001-v2,tuning,D,d-s100-r300,tuning-grid-imbalanced-n4500,2026090601,seam300,value,0.6171717171717171,ratio,valid
E001-v2,tuning,D,d-s100-r300,tuning-grid-imbalanced-n4500,2026090602,a4,value,0.0,ratio,valid
E001-v2,tuning,D,d-s100-r300,tuning-grid-imbalanced-n4500,2026090602,radius,max,244.27158074725745,m,valid
E001-v2,tuning,D,d-s100-r300,tuning-grid-imbalanced-n4500,2026090602,radius,p50,89.66807299011711,m,valid
E001-v2,tuning,D,d-s100-r300,tuning-grid-imbalanced-n4500,2026090602,radius,p95,178.55166427899476,m,valid
E001-v2,tuning,D,d-s100-r300,tuning-grid-imbalanced-n4500,2026090602,radius,p99,214.93320764954711,m,valid
E001-v2,tuning,D,d-s100-r300,tuning-grid-imbalanced-n4500,2026090602,radius,violations,0.0,count,valid
E001-v2,tuning,D,d-s100-r300,tuning-grid-imbalanced-n4500,2026090602,seam300,value,0.23595334685598376,ratio,valid
E001-v2,tuning,D,d-s100-r300,tuning-grid-imbalanced-n4500,2026090603,a4,value,0.0,ratio,valid
E001-v2,tuning,D,d-s100-r300,tuning-grid-imbalanced-n4500,2026090603,radius,max,230.52203798805448,m,valid
E001-v2,tuning,D,d-s100-r300,tuning-grid-imbalanced-n4500,2026090603,radius,p50,92.33885413160465,m,valid
E001-v2,tuning,D,d-s100-r300,tuning-grid-imbalanced-n4500,2026090603,radius,p95,172.5235017931509,m,valid
E001-v2,tuning,D,d-s100-r300,tuning-grid-imbalanced-n4500,2026090603,radius,p99,210.5619360732429,m,valid
E001-v2,tuning,D,d-s100-r300,tuning-grid-imbalanced-n4500,2026090603,radius,violations,0.0,count,valid
E001-v2,tuning,D,d-s100-r300,tuning-grid-imbalanced-n4500,2026090603,seam300,value,0.40119047619047615,ratio,valid
E001-v2,tuning,D,d-s100-r300,tuning-grid-imbalanced-n4500,2026090604,a4,value,0.0,ratio,valid
E001-v2,tuning,D,d-s100-r300,tuning-grid-imbalanced-n4500,2026090604,radius,max,260.6950340978667,m,valid
E001-v2,tuning,D,d-s100-r300,tuning-grid-imbalanced-n4500,2026090604,radius,p50,87.84990690775652,m,valid
E001-v2,tuning,D,d-s100-r300,tuning-grid-imbalanced-n4500,2026090604,radius,p95,173.95055632083563,m,valid
E001-v2,tuning,D,d-s100-r300,tuning-grid-imbalanced-n4500,2026090604,radius,p99,207.01924955271096,m,valid
E001-v2,tuning,D,d-s100-r300,tuning-grid-imbalanced-n4500,2026090604,radius,violations,0.0,count,valid
E001-v2,tuning,D,d-s100-r300,tuning-grid-imbalanced-n4500,2026090604,seam300,value,0.38550420168067223,ratio,valid
E001-v2,tuning,D,d-s100-r300,tuning-grid-imbalanced-n4500,2026090605,a4,value,0.025594703309820534,ratio,valid
E001-v2,tuning,D,d-s100-r300,tuning-grid-imbalanced-n4500,2026090605,radius,max,252.75942696741177,m,valid
E001-v2,tuning,D,d-s100-r300,tuning-grid-imbalanced-n4500,2026090605,radius,p50,90.14779935850656,m,valid
E001-v2,tuning,D,d-s100-r300,tuning-grid-imbalanced-n4500,2026090605,radius,p95,178.28271605939145,m,valid
E001-v2,tuning,D,d-s100-r300,tuning-grid-imbalanced-n4500,2026090605,radius,p99,210.89736814284927,m,valid
E001-v2,tuning,D,d-s100-r300,tuning-grid-imbalanced-n4500,2026090605,radius,violations,0.0,count,valid
E001-v2,tuning,D,d-s100-r300,tuning-grid-imbalanced-n4500,2026090605,seam300,value,0.3310335497835498,ratio,valid
E001-v2,tuning,D,d-s100-r300,tuning-single-n500,,a4,max,0.14781887698645563,ratio,valid
E001-v2,tuning,D,d-s100-r300,tuning-single-n500,,a4,median,0.0,ratio,valid
E001-v2,tuning,D,d-s100-r300,tuning-single-n500,,a4,min,0.0,ratio,valid
E001-v2,tuning,D,d-s100-r300,tuning-single-n500,,hotspot50,cv,1.986917210152453,ratio,valid
E001-v2,tuning,D,d-s100-r300,tuning-single-n500,,hotspot50,max,33.0,count,valid
E001-v2,tuning,D,d-s100-r300,tuning-single-n500,,hotspot50,p99,27.0,count,valid
E001-v2,tuning,D,d-s100-r300,tuning-single-n500,,neighbors10,value,2.168,count,valid
E001-v2,tuning,D,d-s100-r300,tuning-single-n500,,proximity16,value,0.922,ratio,valid
E001-v2,tuning,D,d-s100-r300,tuning-single-n500,,proximity24,value,0.966,ratio,valid
E001-v2,tuning,D,d-s100-r300,tuning-single-n500,,proximity8,value,0.674,ratio,valid
E001-v2,tuning,D,d-s100-r300,tuning-single-n500,,radius,max.max,245.9698003969161,m,valid
E001-v2,tuning,D,d-s100-r300,tuning-single-n500,,radius,max.median,218.5956484239298,m,valid
E001-v2,tuning,D,d-s100-r300,tuning-single-n500,,radius,max.min,201.99872156427952,m,valid
E001-v2,tuning,D,d-s100-r300,tuning-single-n500,,radius,p50.max,101.08823743415425,m,valid
E001-v2,tuning,D,d-s100-r300,tuning-single-n500,,radius,p50.median,86.12723858966511,m,valid
E001-v2,tuning,D,d-s100-r300,tuning-single-n500,,radius,p50.min,82.20246761632065,m,valid
E001-v2,tuning,D,d-s100-r300,tuning-single-n500,,radius,p95.max,183.2322838666266,m,valid
E001-v2,tuning,D,d-s100-r300,tuning-single-n500,,radius,p95.median,168.81111116659892,m,valid
E001-v2,tuning,D,d-s100-r300,tuning-single-n500,,radius,p95.min,165.69275332505958,m,valid
E001-v2,tuning,D,d-s100-r300,tuning-single-n500,,radius,p99.max,234.39303783590648,m,valid
E001-v2,tuning,D,d-s100-r300,tuning-single-n500,,radius,p99.median,212.40319171780158,m,valid
E001-v2,tuning,D,d-s100-r300,tuning-single-n500,,radius,p99.min,190.80406598814994,m,valid
E001-v2,tuning,D,d-s100-r300,tuning-single-n500,,radius,violations.max,0.0,count,valid
E001-v2,tuning,D,d-s100-r300,tuning-single-n500,,radius,violations.median,0.0,count,valid
E001-v2,tuning,D,d-s100-r300,tuning-single-n500,,radius,violations.min,0.0,count,valid
E001-v2,tuning,D,d-s100-r300,tuning-single-n500,,samplerFailureCount,value,0.0,count,valid
E001-v2,tuning,D,d-s100-r300,tuning-single-n500,,seam300,max,1.0,ratio,valid
E001-v2,tuning,D,d-s100-r300,tuning-single-n500,,seam300,median,0.75,ratio,valid
E001-v2,tuning,D,d-s100-r300,tuning-single-n500,,seam300,min,0.125,ratio,valid
E001-v2,tuning,D,d-s100-r300,tuning-single-n500,2026090601,a4,value,0.0,ratio,valid
E001-v2,tuning,D,d-s100-r300,tuning-single-n500,2026090601,radius,max,245.9698003969161,m,valid
E001-v2,tuning,D,d-s100-r300,tuning-single-n500,2026090601,radius,p50,101.08823743415425,m,valid
E001-v2,tuning,D,d-s100-r300,tuning-single-n500,2026090601,radius,p95,183.2322838666266,m,valid
E001-v2,tuning,D,d-s100-r300,tuning-single-n500,2026090601,radius,p99,234.39303783590648,m,valid
E001-v2,tuning,D,d-s100-r300,tuning-single-n500,2026090601,radius,violations,0.0,count,valid
E001-v2,tuning,D,d-s100-r300,tuning-single-n500,2026090601,seam300,value,0.75,ratio,valid
E001-v2,tuning,D,d-s100-r300,tuning-single-n500,2026090602,a4,value,0.0,ratio,valid
E001-v2,tuning,D,d-s100-r300,tuning-single-n500,2026090602,radius,max,218.5956484239298,m,valid
E001-v2,tuning,D,d-s100-r300,tuning-single-n500,2026090602,radius,p50,86.12723858966511,m,valid
E001-v2,tuning,D,d-s100-r300,tuning-single-n500,2026090602,radius,p95,182.3067497014674,m,valid
E001-v2,tuning,D,d-s100-r300,tuning-single-n500,2026090602,radius,p99,212.40319171780158,m,valid
E001-v2,tuning,D,d-s100-r300,tuning-single-n500,2026090602,radius,violations,0.0,count,valid
E001-v2,tuning,D,d-s100-r300,tuning-single-n500,2026090602,seam300,value,1.0,ratio,valid
E001-v2,tuning,D,d-s100-r300,tuning-single-n500,2026090603,a4,value,0.14781887698645563,ratio,valid
E001-v2,tuning,D,d-s100-r300,tuning-single-n500,2026090603,radius,max,215.01073651939274,m,valid
E001-v2,tuning,D,d-s100-r300,tuning-single-n500,2026090603,radius,p50,83.84550782101299,m,valid
E001-v2,tuning,D,d-s100-r300,tuning-single-n500,2026090603,radius,p95,166.67990467004887,m,valid
E001-v2,tuning,D,d-s100-r300,tuning-single-n500,2026090603,radius,p99,190.80406598814994,m,valid
E001-v2,tuning,D,d-s100-r300,tuning-single-n500,2026090603,radius,violations,0.0,count,valid
E001-v2,tuning,D,d-s100-r300,tuning-single-n500,2026090603,seam300,value,0.75,ratio,valid
E001-v2,tuning,D,d-s100-r300,tuning-single-n500,2026090604,a4,value,0.03844761177459979,ratio,valid
E001-v2,tuning,D,d-s100-r300,tuning-single-n500,2026090604,radius,max,232.8816108101641,m,valid
E001-v2,tuning,D,d-s100-r300,tuning-single-n500,2026090604,radius,p50,86.79564754913581,m,valid
E001-v2,tuning,D,d-s100-r300,tuning-single-n500,2026090604,radius,p95,168.81111116659892,m,valid
E001-v2,tuning,D,d-s100-r300,tuning-single-n500,2026090604,radius,p99,219.36254786040797,m,valid
E001-v2,tuning,D,d-s100-r300,tuning-single-n500,2026090604,radius,violations,0.0,count,valid
E001-v2,tuning,D,d-s100-r300,tuning-single-n500,2026090604,seam300,value,0.125,ratio,valid
E001-v2,tuning,D,d-s100-r300,tuning-single-n500,2026090605,a4,value,0.0,ratio,valid
E001-v2,tuning,D,d-s100-r300,tuning-single-n500,2026090605,radius,max,201.99872156427952,m,valid
E001-v2,tuning,D,d-s100-r300,tuning-single-n500,2026090605,radius,p50,82.20246761632065,m,valid
E001-v2,tuning,D,d-s100-r300,tuning-single-n500,2026090605,radius,p95,165.69275332505958,m,valid
E001-v2,tuning,D,d-s100-r300,tuning-single-n500,2026090605,radius,p99,191.82211144655759,m,valid
E001-v2,tuning,D,d-s100-r300,tuning-single-n500,2026090605,radius,violations,0.0,count,valid
E001-v2,tuning,D,d-s100-r300,tuning-single-n500,2026090605,seam300,value,0.4583333333333333,ratio,valid
E001-v2,tuning,D,d-s120-r300,tuning-grid-imbalanced-n4500,,a4,max,0.03384397667857084,ratio,valid
E001-v2,tuning,D,d-s120-r300,tuning-grid-imbalanced-n4500,,a4,median,0.0,ratio,valid
E001-v2,tuning,D,d-s120-r300,tuning-grid-imbalanced-n4500,,a4,min,0.0,ratio,valid
E001-v2,tuning,D,d-s120-r300,tuning-grid-imbalanced-n4500,,hotspot50,cv,1.3844058492925966,ratio,valid
E001-v2,tuning,D,d-s120-r300,tuning-grid-imbalanced-n4500,,hotspot50,max,69.0,count,valid
E001-v2,tuning,D,d-s120-r300,tuning-grid-imbalanced-n4500,,hotspot50,p99,53.0,count,valid
E001-v2,tuning,D,d-s120-r300,tuning-grid-imbalanced-n4500,,neighbors10,value,2.828888888888889,count,valid
E001-v2,tuning,D,d-s120-r300,tuning-grid-imbalanced-n4500,,proximity16,value,0.9526666666666667,ratio,valid
E001-v2,tuning,D,d-s120-r300,tuning-grid-imbalanced-n4500,,proximity24,value,0.9853333333333333,ratio,valid
E001-v2,tuning,D,d-s120-r300,tuning-grid-imbalanced-n4500,,proximity8,value,0.7126666666666667,ratio,valid
E001-v2,tuning,D,d-s120-r300,tuning-grid-imbalanced-n4500,,radius,max.max,260.6950340978667,m,valid
E001-v2,tuning,D,d-s120-r300,tuning-grid-imbalanced-n4500,,radius,max.median,258.056295668152,m,valid
E001-v2,tuning,D,d-s120-r300,tuning-grid-imbalanced-n4500,,radius,max.min,244.27158074725745,m,valid
E001-v2,tuning,D,d-s120-r300,tuning-grid-imbalanced-n4500,,radius,p50.max,99.11423033130355,m,valid
E001-v2,tuning,D,d-s120-r300,tuning-grid-imbalanced-n4500,,radius,p50.median,97.99974769652093,m,valid
E001-v2,tuning,D,d-s120-r300,tuning-grid-imbalanced-n4500,,radius,p50.min,93.1766442305568,m,valid
E001-v2,tuning,D,d-s120-r300,tuning-grid-imbalanced-n4500,,radius,p95.max,193.53427351743454,m,valid
E001-v2,tuning,D,d-s120-r300,tuning-grid-imbalanced-n4500,,radius,p95.median,190.13005921080247,m,valid
E001-v2,tuning,D,d-s120-r300,tuning-grid-imbalanced-n4500,,radius,p95.min,186.49686452419192,m,valid
E001-v2,tuning,D,d-s120-r300,tuning-grid-imbalanced-n4500,,radius,p99.max,236.79585724731297,m,valid
E001-v2,tuning,D,d-s120-r300,tuning-grid-imbalanced-n4500,,radius,p99.median,223.2363732711289,m,valid
E001-v2,tuning,D,d-s120-r300,tuning-grid-imbalanced-n4500,,radius,p99.min,215.58477357130505,m,valid
E001-v2,tuning,D,d-s120-r300,tuning-grid-imbalanced-n4500,,radius,violations.max,0.0,count,valid
E001-v2,tuning,D,d-s120-r300,tuning-grid-imbalanced-n4500,,radius,violations.median,0.0,count,valid
E001-v2,tuning,D,d-s120-r300,tuning-grid-imbalanced-n4500,,radius,violations.min,0.0,count,valid
E001-v2,tuning,D,d-s120-r300,tuning-grid-imbalanced-n4500,,samplerFailureCount,value,0.0,count,valid
E001-v2,tuning,D,d-s120-r300,tuning-grid-imbalanced-n4500,,seam300,max,0.5624917188075083,ratio,valid
E001-v2,tuning,D,d-s120-r300,tuning-grid-imbalanced-n4500,,seam300,median,0.26949643493761144,ratio,valid
E001-v2,tuning,D,d-s120-r300,tuning-grid-imbalanced-n4500,,seam300,min,0.26234917043740574,ratio,valid
E001-v2,tuning,D,d-s120-r300,tuning-grid-imbalanced-n4500,2026090601,a4,value,0.0,ratio,valid
E001-v2,tuning,D,d-s120-r300,tuning-grid-imbalanced-n4500,2026090601,radius,max,259.3102832231075,m,valid
E001-v2,tuning,D,d-s120-r300,tuning-grid-imbalanced-n4500,2026090601,radius,p50,93.1766442305568,m,valid
E001-v2,tuning,D,d-s120-r300,tuning-grid-imbalanced-n4500,2026090601,radius,p95,190.2577029830298,m,valid
E001-v2,tuning,D,d-s120-r300,tuning-grid-imbalanced-n4500,2026090601,radius,p99,236.79585724731297,m,valid
E001-v2,tuning,D,d-s120-r300,tuning-grid-imbalanced-n4500,2026090601,radius,violations,0.0,count,valid
E001-v2,tuning,D,d-s120-r300,tuning-grid-imbalanced-n4500,2026090601,seam300,value,0.5624917188075083,ratio,valid
E001-v2,tuning,D,d-s120-r300,tuning-grid-imbalanced-n4500,2026090602,a4,value,0.0,ratio,valid
E001-v2,tuning,D,d-s120-r300,tuning-grid-imbalanced-n4500,2026090602,radius,max,244.27158074725745,m,valid
E001-v2,tuning,D,d-s120-r300,tuning-grid-imbalanced-n4500,2026090602,radius,p50,99.11423033130355,m,valid
E001-v2,tuning,D,d-s120-r300,tuning-grid-imbalanced-n4500,2026090602,radius,p95,193.53427351743454,m,valid
E001-v2,tuning,D,d-s120-r300,tuning-grid-imbalanced-n4500,2026090602,radius,p99,221.15193977778222,m,valid
E001-v2,tuning,D,d-s120-r300,tuning-grid-imbalanced-n4500,2026090602,radius,violations,0.0,count,valid
E001-v2,tuning,D,d-s120-r300,tuning-grid-imbalanced-n4500,2026090602,seam300,value,0.26949643493761144,ratio,valid
E001-v2,tuning,D,d-s120-r300,tuning-grid-imbalanced-n4500,2026090603,a4,value,0.03384397667857084,ratio,valid
E001-v2,tuning,D,d-s120-r300,tuning-grid-imbalanced-n4500,2026090603,radius,max,258.056295668152,m,valid
E001-v2,tuning,D,d-s120-r300,tuning-grid-imbalanced-n4500,2026090603,radius,p50,98.47748150346199,m,valid
E001-v2,tuning,D,d-s120-r300,tuning-grid-imbalanced-n4500,2026090603,radius,p95,186.49686452419192,m,valid
E001-v2,tuning,D,d-s120-r300,tuning-grid-imbalanced-n4500,2026090603,radius,p99,225.89007535510947,m,valid
E001-v2,tuning,D,d-s120-r300,tuning-grid-imbalanced-n4500,2026090603,radius,violations,0.0,count,valid
E001-v2,tuning,D,d-s120-r300,tuning-grid-imbalanced-n4500,2026090603,seam300,value,0.2681818181818182,ratio,valid
E001-v2,tuning,D,d-s120-r300,tuning-grid-imbalanced-n4500,2026090604,a4,value,0.0,ratio,valid
E001-v2,tuning,D,d-s120-r300,tuning-grid-imbalanced-n4500,2026090604,radius,max,260.6950340978667,m,valid
E001-v2,tuning,D,d-s120-r300,tuning-grid-imbalanced-n4500,2026090604,radius,p50,97.99974769652093,m,valid
E001-v2,tuning,D,d-s120-r300,tuning-grid-imbalanced-n4500,2026090604,radius,p95,190.13005921080247,m,valid
E001-v2,tuning,D,d-s120-r300,tuning-grid-imbalanced-n4500,2026090604,radius,p99,223.2363732711289,m,valid
E001-v2,tuning,D,d-s120-r300,tuning-grid-imbalanced-n4500,2026090604,radius,violations,0.0,count,valid
E001-v2,tuning,D,d-s120-r300,tuning-grid-imbalanced-n4500,2026090604,seam300,value,0.5260648148148148,ratio,valid
E001-v2,tuning,D,d-s120-r300,tuning-grid-imbalanced-n4500,2026090605,a4,value,0.0,ratio,valid
E001-v2,tuning,D,d-s120-r300,tuning-grid-imbalanced-n4500,2026090605,radius,max,252.75942696741177,m,valid
E001-v2,tuning,D,d-s120-r300,tuning-grid-imbalanced-n4500,2026090605,radius,p50,96.71017773526903,m,valid
E001-v2,tuning,D,d-s120-r300,tuning-grid-imbalanced-n4500,2026090605,radius,p95,186.71153326343494,m,valid
E001-v2,tuning,D,d-s120-r300,tuning-grid-imbalanced-n4500,2026090605,radius,p99,215.58477357130505,m,valid
E001-v2,tuning,D,d-s120-r300,tuning-grid-imbalanced-n4500,2026090605,radius,violations,0.0,count,valid
E001-v2,tuning,D,d-s120-r300,tuning-grid-imbalanced-n4500,2026090605,seam300,value,0.26234917043740574,ratio,valid
E001-v2,tuning,D,d-s120-r300,tuning-single-n500,,a4,max,0.17955832797545693,ratio,valid
E001-v2,tuning,D,d-s120-r300,tuning-single-n500,,a4,median,0.08492189186343714,ratio,valid
E001-v2,tuning,D,d-s120-r300,tuning-single-n500,,a4,min,0.036613681181203096,ratio,valid
E001-v2,tuning,D,d-s120-r300,tuning-single-n500,,hotspot50,cv,1.8227188483142445,ratio,valid
E001-v2,tuning,D,d-s120-r300,tuning-single-n500,,hotspot50,max,27.0,count,valid
E001-v2,tuning,D,d-s120-r300,tuning-single-n500,,hotspot50,p99,27.0,count,valid
E001-v2,tuning,D,d-s120-r300,tuning-single-n500,,neighbors10,value,1.864,count,valid
E001-v2,tuning,D,d-s120-r300,tuning-single-n500,,proximity16,value,0.904,ratio,valid
E001-v2,tuning,D,d-s120-r300,tuning-single-n500,,proximity24,value,0.968,ratio,valid
E001-v2,tuning,D,d-s120-r300,tuning-single-n500,,proximity8,value,0.63,ratio,valid
E001-v2,tuning,D,d-s120-r300,tuning-single-n500,,radius,max.max,245.9698003969161,m,valid
E001-v2,tuning,D,d-s120-r300,tuning-single-n500,,radius,max.median,238.23494327121574,m,valid
E001-v2,tuning,D,d-s120-r300,tuning-single-n500,,radius,max.min,214.8905565124306,m,valid
E001-v2,tuning,D,d-s120-r300,tuning-single-n500,,radius,p50.max,101.90803322161709,m,valid
E001-v2,tuning,D,d-s120-r300,tuning-single-n500,,radius,p50.median,93.85849131097558,m,valid
E001-v2,tuning,D,d-s120-r300,tuning-single-n500,,radius,p50.min,91.83779775656515,m,valid
E001-v2,tuning,D,d-s120-r300,tuning-single-n500,,radius,p95.max,200.22862722031195,m,valid
E001-v2,tuning,D,d-s120-r300,tuning-single-n500,,radius,p95.median,193.32608953338692,m,valid
E001-v2,tuning,D,d-s120-r300,tuning-single-n500,,radius,p95.min,181.54841757936677,m,valid
E001-v2,tuning,D,d-s120-r300,tuning-single-n500,,radius,p99.max,234.39303783590648,m,valid
E001-v2,tuning,D,d-s120-r300,tuning-single-n500,,radius,p99.median,226.56651716302218,m,valid
E001-v2,tuning,D,d-s120-r300,tuning-single-n500,,radius,p99.min,212.8158773092968,m,valid
E001-v2,tuning,D,d-s120-r300,tuning-single-n500,,radius,violations.max,0.0,count,valid
E001-v2,tuning,D,d-s120-r300,tuning-single-n500,,radius,violations.median,0.0,count,valid
E001-v2,tuning,D,d-s120-r300,tuning-single-n500,,radius,violations.min,0.0,count,valid
E001-v2,tuning,D,d-s120-r300,tuning-single-n500,,samplerFailureCount,value,0.0,count,valid
E001-v2,tuning,D,d-s120-r300,tuning-single-n500,,seam300,max,0.9166666666666666,ratio,valid
E001-v2,tuning,D,d-s120-r300,tuning-single-n500,,seam300,median,0.625,ratio,valid
E001-v2,tuning,D,d-s120-r300,tuning-single-n500,,seam300,min,0.25,ratio,valid
E001-v2,tuning,D,d-s120-r300,tuning-single-n500,2026090601,a4,value,0.06401129398915628,ratio,valid
E001-v2,tuning,D,d-s120-r300,tuning-single-n500,2026090601,radius,max,245.9698003969161,m,valid
E001-v2,tuning,D,d-s120-r300,tuning-single-n500,2026090601,radius,p50,101.90803322161709,m,valid
E001-v2,tuning,D,d-s120-r300,tuning-single-n500,2026090601,radius,p95,198.23898384078825,m,valid
E001-v2,tuning,D,d-s120-r300,tuning-single-n500,2026090601,radius,p99,234.39303783590648,m,valid
E001-v2,tuning,D,d-s120-r300,tuning-single-n500,2026090601,radius,violations,0.0,count,valid
E001-v2,tuning,D,d-s120-r300,tuning-single-n500,2026090601,seam300,value,0.6666666666666666,ratio,valid
E001-v2,tuning,D,d-s120-r300,tuning-single-n500,2026090602,a4,value,0.036613681181203096,ratio,valid
E001-v2,tuning,D,d-s120-r300,tuning-single-n500,2026090602,radius,max,225.19461230184413,m,valid
E001-v2,tuning,D,d-s120-r300,tuning-single-n500,2026090602,radius,p50,93.85849131097558,m,valid
E001-v2,tuning,D,d-s120-r300,tuning-single-n500,2026090602,radius,p95,193.32608953338692,m,valid
E001-v2,tuning,D,d-s120-r300,tuning-single-n500,2026090602,radius,p99,218.5956484239298,m,valid
E001-v2,tuning,D,d-s120-r300,tuning-single-n500,2026090602,radius,violations,0.0,count,valid
E001-v2,tuning,D,d-s120-r300,tuning-single-n500,2026090602,seam300,value,0.9166666666666666,ratio,valid
E001-v2,tuning,D,d-s120-r300,tuning-single-n500,2026090603,a4,value,0.17955832797545693,ratio,valid
E001-v2,tuning,D,d-s120-r300,tuning-single-n500,2026090603,radius,max,238.23494327121574,m,valid
E001-v2,tuning,D,d-s120-r300,tuning-single-n500,2026090603,radius,p50,94.80033341650284,m,valid
E001-v2,tuning,D,d-s120-r300,tuning-single-n500,2026090603,radius,p95,187.550046259564,m,valid
E001-v2,tuning,D,d-s120-r300,tuning-single-n500,2026090603,radius,p99,226.56651716302218,m,valid
E001-v2,tuning,D,d-s120-r300,tuning-single-n500,2026090603,radius,violations,0.0,count,valid
E001-v2,tuning,D,d-s120-r300,tuning-single-n500,2026090603,seam300,value,0.625,ratio,valid
E001-v2,tuning,D,d-s120-r300,tuning-single-n500,2026090604,a4,value,0.0978288540940174,ratio,valid
E001-v2,tuning,D,d-s120-r300,tuning-single-n500,2026090604,radius,max,245.76918905368075,m,valid
E001-v2,tuning,D,d-s120-r300,tuning-single-n500,2026090604,radius,p50,91.83779775656515,m,valid
E001-v2,tuning,D,d-s120-r300,tuning-single-n500,2026090604,radius,p95,200.22862722031195,m,valid
E001-v2,tuning,D,d-s120-r300,tuning-single-n500,2026090604,radius,p99,232.8816108101641,m,valid
E001-v2,tuning,D,d-s120-r300,tuning-single-n500,2026090604,radius,violations,0.0,count,valid
E001-v2,tuning,D,d-s120-r300,tuning-single-n500,2026090604,seam300,value,0.25,ratio,valid
E001-v2,tuning,D,d-s120-r300,tuning-single-n500,2026090605,a4,value,0.08492189186343714,ratio,valid
E001-v2,tuning,D,d-s120-r300,tuning-single-n500,2026090605,radius,max,214.8905565124306,m,valid
E001-v2,tuning,D,d-s120-r300,tuning-single-n500,2026090605,radius,p50,92.58373951754623,m,valid
E001-v2,tuning,D,d-s120-r300,tuning-single-n500,2026090605,radius,p95,181.54841757936677,m,valid
E001-v2,tuning,D,d-s120-r300,tuning-single-n500,2026090605,radius,p99,212.8158773092968,m,valid
E001-v2,tuning,D,d-s120-r300,tuning-single-n500,2026090605,radius,violations,0.0,count,valid
E001-v2,tuning,D,d-s120-r300,tuning-single-n500,2026090605,seam300,value,0.375,ratio,valid
E001-v2,tuning,E,e-s120-gradient-p1-b040-rejection128,tuning-grid-imbalanced-n4500,,a4,max,0.024800745131636937,ratio,valid
E001-v2,tuning,E,e-s120-gradient-p1-b040-rejection128,tuning-grid-imbalanced-n4500,,a4,median,0.0,ratio,valid
E001-v2,tuning,E,e-s120-gradient-p1-b040-rejection128,tuning-grid-imbalanced-n4500,,a4,min,0.0,ratio,valid
E001-v2,tuning,E,e-s120-gradient-p1-b040-rejection128,tuning-grid-imbalanced-n4500,,hotspot50,cv,1.3643720574356217,ratio,valid
E001-v2,tuning,E,e-s120-gradient-p1-b040-rejection128,tuning-grid-imbalanced-n4500,,hotspot50,max,69.0,count,valid
E001-v2,tuning,E,e-s120-gradient-p1-b040-rejection128,tuning-grid-imbalanced-n4500,,hotspot50,p99,51.0,count,valid
E001-v2,tuning,E,e-s120-gradient-p1-b040-rejection128,tuning-grid-imbalanced-n4500,,neighbors10,value,2.7528888888888887,count,valid
E001-v2,tuning,E,e-s120-gradient-p1-b040-rejection128,tuning-grid-imbalanced-n4500,,proximity16,value,0.9502222222222222,ratio,valid
E001-v2,tuning,E,e-s120-gradient-p1-b040-rejection128,tuning-grid-imbalanced-n4500,,proximity24,value,0.9837777777777778,ratio,valid
E001-v2,tuning,E,e-s120-gradient-p1-b040-rejection128,tuning-grid-imbalanced-n4500,,proximity8,value,0.7111111111111111,ratio,valid
E001-v2,tuning,E,e-s120-gradient-p1-b040-rejection128,tuning-grid-imbalanced-n4500,,radius,max.max,259.3102832231075,m,valid
E001-v2,tuning,E,e-s120-gradient-p1-b040-rejection128,tuning-grid-imbalanced-n4500,,radius,max.median,252.75942696741177,m,valid
E001-v2,tuning,E,e-s120-gradient-p1-b040-rejection128,tuning-grid-imbalanced-n4500,,radius,max.min,244.27158074725745,m,valid
E001-v2,tuning,E,e-s120-gradient-p1-b040-rejection128,tuning-grid-imbalanced-n4500,,radius,p50.max,99.91894535918622,m,valid
E001-v2,tuning,E,e-s120-gradient-p1-b040-rejection128,tuning-grid-imbalanced-n4500,,radius,p50.median,98.60602373325416,m,valid
E001-v2,tuning,E,e-s120-gradient-p1-b040-rejection128,tuning-grid-imbalanced-n4500,,radius,p50.min,95.27648845729986,m,valid
E001-v2,tuning,E,e-s120-gradient-p1-b040-rejection128,tuning-grid-imbalanced-n4500,,radius,p95.max,192.80490512917595,m,valid
E001-v2,tuning,E,e-s120-gradient-p1-b040-rejection128,tuning-grid-imbalanced-n4500,,radius,p95.median,190.59432282634899,m,valid
E001-v2,tuning,E,e-s120-gradient-p1-b040-rejection128,tuning-grid-imbalanced-n4500,,radius,p95.min,187.28757513935915,m,valid
E001-v2,tuning,E,e-s120-gradient-p1-b040-rejection128,tuning-grid-imbalanced-n4500,,radius,p99.max,227.89034761750716,m,valid
E001-v2,tuning,E,e-s120-gradient-p1-b040-rejection128,tuning-grid-imbalanced-n4500,,radius,p99.median,222.71961415067662,m,valid
E001-v2,tuning,E,e-s120-gradient-p1-b040-rejection128,tuning-grid-imbalanced-n4500,,radius,p99.min,220.7949847732568,m,valid
E001-v2,tuning,E,e-s120-gradient-p1-b040-rejection128,tuning-grid-imbalanced-n4500,,radius,violations.max,0.0,count,valid
E001-v2,tuning,E,e-s120-gradient-p1-b040-rejection128,tuning-grid-imbalanced-n4500,,radius,violations.median,0.0,count,valid
E001-v2,tuning,E,e-s120-gradient-p1-b040-rejection128,tuning-grid-imbalanced-n4500,,radius,violations.min,0.0,count,valid
E001-v2,tuning,E,e-s120-gradient-p1-b040-rejection128,tuning-grid-imbalanced-n4500,,samplerFailureCount,value,0.0,count,valid
E001-v2,tuning,E,e-s120-gradient-p1-b040-rejection128,tuning-grid-imbalanced-n4500,,seam300,max,0.49482142857142863,ratio,valid
E001-v2,tuning,E,e-s120-gradient-p1-b040-rejection128,tuning-grid-imbalanced-n4500,,seam300,median,0.36684782608695654,ratio,valid
E001-v2,tuning,E,e-s120-gradient-p1-b040-rejection128,tuning-grid-imbalanced-n4500,,seam300,min,0.0882034632034632,ratio,valid
E001-v2,tuning,E,e-s120-gradient-p1-b040-rejection128,tuning-grid-imbalanced-n4500,2026090601,a4,value,0.012183067906603296,ratio,valid
E001-v2,tuning,E,e-s120-gradient-p1-b040-rejection128,tuning-grid-imbalanced-n4500,2026090601,radius,max,259.3102832231075,m,valid
E001-v2,tuning,E,e-s120-gradient-p1-b040-rejection128,tuning-grid-imbalanced-n4500,2026090601,radius,p50,95.27648845729986,m,valid
E001-v2,tuning,E,e-s120-gradient-p1-b040-rejection128,tuning-grid-imbalanced-n4500,2026090601,radius,p95,191.08904605731658,m,valid
E001-v2,tuning,E,e-s120-gradient-p1-b040-rejection128,tuning-grid-imbalanced-n4500,2026090601,radius,p99,227.89034761750716,m,valid
E001-v2,tuning,E,e-s120-gradient-p1-b040-rejection128,tuning-grid-imbalanced-n4500,2026090601,radius,violations,0.0,count,valid
E001-v2,tuning,E,e-s120-gradient-p1-b040-rejection128,tuning-grid-imbalanced-n4500,2026090601,seam300,value,0.36684782608695654,ratio,valid
E001-v2,tuning,E,e-s120-gradient-p1-b040-rejection128,tuning-grid-imbalanced-n4500,2026090602,a4,value,0.0,ratio,valid
E001-v2,tuning,E,e-s120-gradient-p1-b040-rejection128,tuning-grid-imbalanced-n4500,2026090602,radius,max,244.27158074725745,m,valid
E001-v2,tuning,E,e-s120-gradient-p1-b040-rejection128,tuning-grid-imbalanced-n4500,2026090602,radius,p50,99.91894535918622,m,valid
E001-v2,tuning,E,e-s120-gradient-p1-b040-rejection128,tuning-grid-imbalanced-n4500,2026090602,radius,p95,192.80490512917595,m,valid
E001-v2,tuning,E,e-s120-gradient-p1-b040-rejection128,tuning-grid-imbalanced-n4500,2026090602,radius,p99,223.44074307744322,m,valid
E001-v2,tuning,E,e-s120-gradient-p1-b040-rejection128,tuning-grid-imbalanced-n4500,2026090602,radius,violations,0.0,count,valid
E001-v2,tuning,E,e-s120-gradient-p1-b040-rejection128,tuning-grid-imbalanced-n4500,2026090602,seam300,value,0.3069053708439897,ratio,valid
E001-v2,tuning,E,e-s120-gradient-p1-b040-rejection128,tuning-grid-imbalanced-n4500,2026090603,a4,value,0.024800745131636937,ratio,valid
E001-v2,tuning,E,e-s120-gradient-p1-b040-rejection128,tuning-grid-imbalanced-n4500,2026090603,radius,max,258.056295668152,m,valid
E001-v2,tuning,E,e-s120-gradient-p1-b040-rejection128,tuning-grid-imbalanced-n4500,2026090603,radius,p50,97.47705470516887,m,valid
E001-v2,tuning,E,e-s120-gradient-p1-b040-rejection128,tuning-grid-imbalanced-n4500,2026090603,radius,p95,187.55753803170577,m,valid
E001-v2,tuning,E,e-s120-gradient-p1-b040-rejection128,tuning-grid-imbalanced-n4500,2026090603,radius,p99,222.71961415067662,m,valid
E001-v2,tuning,E,e-s120-gradient-p1-b040-rejection128,tuning-grid-imbalanced-n4500,2026090603,radius,violations,0.0,count,valid
E001-v2,tuning,E,e-s120-gradient-p1-b040-rejection128,tuning-grid-imbalanced-n4500,2026090603,seam300,value,0.3831935608251398,ratio,valid
E001-v2,tuning,E,e-s120-gradient-p1-b040-rejection128,tuning-grid-imbalanced-n4500,2026090604,a4,value,0.0,ratio,valid
E001-v2,tuning,E,e-s120-gradient-p1-b040-rejection128,tuning-grid-imbalanced-n4500,2026090604,radius,max,247.06723364809753,m,valid
E001-v2,tuning,E,e-s120-gradient-p1-b040-rejection128,tuning-grid-imbalanced-n4500,2026090604,radius,p50,98.60602373325416,m,valid
E001-v2,tuning,E,e-s120-gradient-p1-b040-rejection128,tuning-grid-imbalanced-n4500,2026090604,radius,p95,187.28757513935915,m,valid
E001-v2,tuning,E,e-s120-gradient-p1-b040-rejection128,tuning-grid-imbalanced-n4500,2026090604,radius,p99,220.7949847732568,m,valid
E001-v2,tuning,E,e-s120-gradient-p1-b040-rejection128,tuning-grid-imbalanced-n4500,2026090604,radius,violations,0.0,count,valid
E001-v2,tuning,E,e-s120-gradient-p1-b040-rejection128,tuning-grid-imbalanced-n4500,2026090604,seam300,value,0.49482142857142863,ratio,valid
E001-v2,tuning,E,e-s120-gradient-p1-b040-rejection128,tuning-grid-imbalanced-n4500,2026090605,a4,value,0.0,ratio,valid
E001-v2,tuning,E,e-s120-gradient-p1-b040-rejection128,tuning-grid-imbalanced-n4500,2026090605,radius,max,252.75942696741177,m,valid
E001-v2,tuning,E,e-s120-gradient-p1-b040-rejection128,tuning-grid-imbalanced-n4500,2026090605,radius,p50,99.31535788612342,m,valid
E001-v2,tuning,E,e-s120-gradient-p1-b040-rejection128,tuning-grid-imbalanced-n4500,2026090605,radius,p95,190.59432282634899,m,valid
E001-v2,tuning,E,e-s120-gradient-p1-b040-rejection128,tuning-grid-imbalanced-n4500,2026090605,radius,p99,221.04804345395232,m,valid
E001-v2,tuning,E,e-s120-gradient-p1-b040-rejection128,tuning-grid-imbalanced-n4500,2026090605,radius,violations,0.0,count,valid
E001-v2,tuning,E,e-s120-gradient-p1-b040-rejection128,tuning-grid-imbalanced-n4500,2026090605,seam300,value,0.0882034632034632,ratio,valid
E001-v2,tuning,E,e-s120-gradient-p1-b040-rejection128,tuning-single-n500,,a4,max,0.07720332957720165,ratio,valid
E001-v2,tuning,E,e-s120-gradient-p1-b040-rejection128,tuning-single-n500,,a4,median,0.05031353499758689,ratio,valid
E001-v2,tuning,E,e-s120-gradient-p1-b040-rejection128,tuning-single-n500,,a4,min,0.0,ratio,valid
E001-v2,tuning,E,e-s120-gradient-p1-b040-rejection128,tuning-single-n500,,hotspot50,cv,1.9064354172119247,ratio,valid
E001-v2,tuning,E,e-s120-gradient-p1-b040-rejection128,tuning-single-n500,,hotspot50,max,32.0,count,valid
E001-v2,tuning,E,e-s120-gradient-p1-b040-rejection128,tuning-single-n500,,hotspot50,p99,28.0,count,valid
E001-v2,tuning,E,e-s120-gradient-p1-b040-rejection128,tuning-single-n500,,neighbors10,value,1.88,count,valid
E001-v2,tuning,E,e-s120-gradient-p1-b040-rejection128,tuning-single-n500,,proximity16,value,0.906,ratio,valid
E001-v2,tuning,E,e-s120-gradient-p1-b040-rejection128,tuning-single-n500,,proximity24,value,0.962,ratio,valid
E001-v2,tuning,E,e-s120-gradient-p1-b040-rejection128,tuning-single-n500,,proximity8,value,0.654,ratio,valid
E001-v2,tuning,E,e-s120-gradient-p1-b040-rejection128,tuning-single-n500,,radialKs,max,0.09000000000000008,ratio,valid
E001-v2,tuning,E,e-s120-gradient-p1-b040-rejection128,tuning-single-n500,,radialKs,median,0.06000000000000001,ratio,valid
E001-v2,tuning,E,e-s120-gradient-p1-b040-rejection128,tuning-single-n500,,radialKs,min,0.05999999999999994,ratio,valid
E001-v2,tuning,E,e-s120-gradient-p1-b040-rejection128,tuning-single-n500,,radius,max.max,264.38477759912854,m,valid
E001-v2,tuning,E,e-s120-gradient-p1-b040-rejection128,tuning-single-n500,,radius,max.median,238.23494327121574,m,valid
E001-v2,tuning,E,e-s120-gradient-p1-b040-rejection128,tuning-single-n500,,radius,max.min,212.8158773092968,m,valid
E001-v2,tuning,E,e-s120-gradient-p1-b040-rejection128,tuning-single-n500,,radius,p50.max,104.97063497757958,m,valid
E001-v2,tuning,E,e-s120-gradient-p1-b040-rejection128,tuning-single-n500,,radius,p50.median,92.77447548854633,m,valid
E001-v2,tuning,E,e-s120-gradient-p1-b040-rejection128,tuning-single-n500,,radius,p50.min,86.79564754913581,m,valid
E001-v2,tuning,E,e-s120-gradient-p1-b040-rejection128,tuning-single-n500,,radius,p95.max,207.4092427342861,m,valid
E001-v2,tuning,E,e-s120-gradient-p1-b040-rejection128,tuning-single-n500,,radius,p95.median,188.62070175715172,m,valid
E001-v2,tuning,E,e-s120-gradient-p1-b040-rejection128,tuning-single-n500,,radius,p95.min,178.94223866625987,m,valid
E001-v2,tuning,E,e-s120-gradient-p1-b040-rejection128,tuning-single-n500,,radius,p99.max,245.9698003969161,m,valid
E001-v2,tuning,E,e-s120-gradient-p1-b040-rejection128,tuning-single-n500,,radius,p99.median,226.56651716302218,m,valid
E001-v2,tuning,E,e-s120-gradient-p1-b040-rejection128,tuning-single-n500,,radius,p99.min,199.31537015770854,m,valid
E001-v2,tuning,E,e-s120-gradient-p1-b040-rejection128,tuning-single-n500,,radius,violations.max,0.0,count,valid
E001-v2,tuning,E,e-s120-gradient-p1-b040-rejection128,tuning-single-n500,,radius,violations.median,0.0,count,valid
E001-v2,tuning,E,e-s120-gradient-p1-b040-rejection128,tuning-single-n500,,radius,violations.min,0.0,count,valid
E001-v2,tuning,E,e-s120-gradient-p1-b040-rejection128,tuning-single-n500,,samplerFailureCount,value,0.0,count,valid
E001-v2,tuning,E,e-s120-gradient-p1-b040-rejection128,tuning-single-n500,,seam300,max,0.9166666666666665,ratio,valid
E001-v2,tuning,E,e-s120-gradient-p1-b040-rejection128,tuning-single-n500,,seam300,median,0.7083333333333333,ratio,valid
E001-v2,tuning,E,e-s120-gradient-p1-b040-rejection128,tuning-single-n500,,seam300,min,0.5,ratio,valid
E001-v2,tuning,E,e-s120-gradient-p1-b040-rejection128,tuning-single-n500,2026090601,a4,value,0.0,ratio,valid
E001-v2,tuning,E,e-s120-gradient-p1-b040-rejection128,tuning-single-n500,2026090601,radialKs,value,0.06000000000000001,ratio,valid
E001-v2,tuning,E,e-s120-gradient-p1-b040-rejection128,tuning-single-n500,2026090601,radius,max,264.38477759912854,m,valid
E001-v2,tuning,E,e-s120-gradient-p1-b040-rejection128,tuning-single-n500,2026090601,radius,p50,104.97063497757958,m,valid
E001-v2,tuning,E,e-s120-gradient-p1-b040-rejection128,tuning-single-n500,2026090601,radius,p95,203.5353627588223,m,valid
E001-v2,tuning,E,e-s120-gradient-p1-b040-rejection128,tuning-single-n500,2026090601,radius,p99,245.9698003969161,m,valid
E001-v2,tuning,E,e-s120-gradient-p1-b040-rejection128,tuning-single-n500,2026090601,radius,violations,0.0,count,valid
E001-v2,tuning,E,e-s120-gradient-p1-b040-rejection128,tuning-single-n500,2026090601,seam300,value,0.7916666666666666,ratio,valid
E001-v2,tuning,E,e-s120-gradient-p1-b040-rejection128,tuning-single-n500,2026090602,a4,value,0.0,ratio,valid
E001-v2,tuning,E,e-s120-gradient-p1-b040-rejection128,tuning-single-n500,2026090602,radialKs,value,0.060000000000000005,ratio,valid
E001-v2,tuning,E,e-s120-gradient-p1-b040-rejection128,tuning-single-n500,2026090602,radius,max,225.19461230184413,m,valid
E001-v2,tuning,E,e-s120-gradient-p1-b040-rejection128,tuning-single-n500,2026090602,radius,p50,96.13682220712995,m,valid
E001-v2,tuning,E,e-s120-gradient-p1-b040-rejection128,tuning-single-n500,2026090602,radius,p95,207.4092427342861,m,valid
E001-v2,tuning,E,e-s120-gradient-p1-b040-rejection128,tuning-single-n500,2026090602,radius,p99,219.53699942768847,m,valid
E001-v2,tuning,E,e-s120-gradient-p1-b040-rejection128,tuning-single-n500,2026090602,radius,violations,0.0,count,valid
E001-v2,tuning,E,e-s120-gradient-p1-b040-rejection128,tuning-single-n500,2026090602,seam300,value,0.575,ratio,valid
E001-v2,tuning,E,e-s120-gradient-p1-b040-rejection128,tuning-single-n500,2026090603,a4,value,0.05031353499758689,ratio,valid
E001-v2,tuning,E,e-s120-gradient-p1-b040-rejection128,tuning-single-n500,2026090603,radialKs,value,0.05999999999999994,ratio,valid
E001-v2,tuning,E,e-s120-gradient-p1-b040-rejection128,tuning-single-n500,2026090603,radius,max,238.23494327121574,m,valid
E001-v2,tuning,E,e-s120-gradient-p1-b040-rejection128,tuning-single-n500,2026090603,radius,p50,92.77447548854633,m,valid
E001-v2,tuning,E,e-s120-gradient-p1-b040-rejection128,tuning-single-n500,2026090603,radius,p95,188.62070175715172,m,valid
E001-v2,tuning,E,e-s120-gradient-p1-b040-rejection128,tuning-single-n500,2026090603,radius,p99,226.56651716302218,m,valid
E001-v2,tuning,E,e-s120-gradient-p1-b040-rejection128,tuning-single-n500,2026090603,radius,violations,0.0,count,valid
E001-v2,tuning,E,e-s120-gradient-p1-b040-rejection128,tuning-single-n500,2026090603,seam300,value,0.7083333333333333,ratio,valid
E001-v2,tuning,E,e-s120-gradient-p1-b040-rejection128,tuning-single-n500,2026090604,a4,value,0.07720332957720165,ratio,valid
E001-v2,tuning,E,e-s120-gradient-p1-b040-rejection128,tuning-single-n500,2026090604,radialKs,value,0.09000000000000008,ratio,valid
E001-v2,tuning,E,e-s120-gradient-p1-b040-rejection128,tuning-single-n500,2026090604,radius,max,244.22736603681926,m,valid
E001-v2,tuning,E,e-s120-gradient-p1-b040-rejection128,tuning-single-n500,2026090604,radius,p50,86.79564754913581,m,valid
E001-v2,tuning,E,e-s120-gradient-p1-b040-rejection128,tuning-single-n500,2026090604,radius,p95,178.94223866625987,m,valid
E001-v2,tuning,E,e-s120-gradient-p1-b040-rejection128,tuning-single-n500,2026090604,radius,p99,232.8816108101641,m,valid
E001-v2,tuning,E,e-s120-gradient-p1-b040-rejection128,tuning-single-n500,2026090604,radius,violations,0.0,count,valid
E001-v2,tuning,E,e-s120-gradient-p1-b040-rejection128,tuning-single-n500,2026090604,seam300,value,0.9166666666666665,ratio,valid
E001-v2,tuning,E,e-s120-gradient-p1-b040-rejection128,tuning-single-n500,2026090605,a4,value,0.06479627710002207,ratio,valid
E001-v2,tuning,E,e-s120-gradient-p1-b040-rejection128,tuning-single-n500,2026090605,radialKs,value,0.07000000000000006,ratio,valid
E001-v2,tuning,E,e-s120-gradient-p1-b040-rejection128,tuning-single-n500,2026090605,radius,max,212.8158773092968,m,valid
E001-v2,tuning,E,e-s120-gradient-p1-b040-rejection128,tuning-single-n500,2026090605,radius,p50,88.33991797645734,m,valid
E001-v2,tuning,E,e-s120-gradient-p1-b040-rejection128,tuning-single-n500,2026090605,radius,p95,180.56416029603267,m,valid
E001-v2,tuning,E,e-s120-gradient-p1-b040-rejection128,tuning-single-n500,2026090605,radius,p99,199.31537015770854,m,valid
E001-v2,tuning,E,e-s120-gradient-p1-b040-rejection128,tuning-single-n500,2026090605,radius,violations,0.0,count,valid
E001-v2,tuning,E,e-s120-gradient-p1-b040-rejection128,tuning-single-n500,2026090605,seam300,value,0.5,ratio,valid
E001-v2,tuning,E,e-s120-gradient-p1-b040-sir16,tuning-grid-imbalanced-n4500,,a4,max,0.02047250229805383,ratio,valid
E001-v2,tuning,E,e-s120-gradient-p1-b040-sir16,tuning-grid-imbalanced-n4500,,a4,median,0.0,ratio,valid
E001-v2,tuning,E,e-s120-gradient-p1-b040-sir16,tuning-grid-imbalanced-n4500,,a4,min,0.0,ratio,valid
E001-v2,tuning,E,e-s120-gradient-p1-b040-sir16,tuning-grid-imbalanced-n4500,,hotspot50,cv,1.3730381559802982,ratio,valid
E001-v2,tuning,E,e-s120-gradient-p1-b040-sir16,tuning-grid-imbalanced-n4500,,hotspot50,max,69.0,count,valid
E001-v2,tuning,E,e-s120-gradient-p1-b040-sir16,tuning-grid-imbalanced-n4500,,hotspot50,p99,50.0,count,valid
E001-v2,tuning,E,e-s120-gradient-p1-b040-sir16,tuning-grid-imbalanced-n4500,,neighbors10,value,2.7613333333333334,count,valid
E001-v2,tuning,E,e-s120-gradient-p1-b040-sir16,tuning-grid-imbalanced-n4500,,proximity16,value,0.9531111111111111,ratio,valid
E001-v2,tuning,E,e-s120-gradient-p1-b040-sir16,tuning-grid-imbalanced-n4500,,proximity24,value,0.9866666666666667,ratio,valid
E001-v2,tuning,E,e-s120-gradient-p1-b040-sir16,tuning-grid-imbalanced-n4500,,proximity8,value,0.7188888888888889,ratio,valid
E001-v2,tuning,E,e-s120-gradient-p1-b040-sir16,tuning-grid-imbalanced-n4500,,radius,max.max,260.6950340978667,m,valid
E001-v2,tuning,E,e-s120-gradient-p1-b040-sir16,tuning-grid-imbalanced-n4500,,radius,max.median,247.52346658635568,m,valid
E001-v2,tuning,E,e-s120-gradient-p1-b040-sir16,tuning-grid-imbalanced-n4500,,radius,max.min,239.14085004569603,m,valid
E001-v2,tuning,E,e-s120-gradient-p1-b040-sir16,tuning-grid-imbalanced-n4500,,radius,p50.max,98.80305958107132,m,valid
E001-v2,tuning,E,e-s120-gradient-p1-b040-sir16,tuning-grid-imbalanced-n4500,,radius,p50.median,97.23491557433705,m,valid
E001-v2,tuning,E,e-s120-gradient-p1-b040-sir16,tuning-grid-imbalanced-n4500,,radius,p50.min,94.37471368887589,m,valid
E001-v2,tuning,E,e-s120-gradient-p1-b040-sir16,tuning-grid-imbalanced-n4500,,radius,p95.max,192.76797988805066,m,valid
E001-v2,tuning,E,e-s120-gradient-p1-b040-sir16,tuning-grid-imbalanced-n4500,,radius,p95.median,189.5091292103474,m,valid
E001-v2,tuning,E,e-s120-gradient-p1-b040-sir16,tuning-grid-imbalanced-n4500,,radius,p95.min,188.30112634413842,m,valid
E001-v2,tuning,E,e-s120-gradient-p1-b040-sir16,tuning-grid-imbalanced-n4500,,radius,p99.max,231.0728425974724,m,valid
E001-v2,tuning,E,e-s120-gradient-p1-b040-sir16,tuning-grid-imbalanced-n4500,,radius,p99.median,220.30548091949737,m,valid
E001-v2,tuning,E,e-s120-gradient-p1-b040-sir16,tuning-grid-imbalanced-n4500,,radius,p99.min,216.99899557585988,m,valid
E001-v2,tuning,E,e-s120-gradient-p1-b040-sir16,tuning-grid-imbalanced-n4500,,radius,violations.max,0.0,count,valid
E001-v2,tuning,E,e-s120-gradient-p1-b040-sir16,tuning-grid-imbalanced-n4500,,radius,violations.median,0.0,count,valid
E001-v2,tuning,E,e-s120-gradient-p1-b040-sir16,tuning-grid-imbalanced-n4500,,radius,violations.min,0.0,count,valid
E001-v2,tuning,E,e-s120-gradient-p1-b040-sir16,tuning-grid-imbalanced-n4500,,samplerFailureCount,value,0.0,count,valid
E001-v2,tuning,E,e-s120-gradient-p1-b040-sir16,tuning-grid-imbalanced-n4500,,seam300,max,0.7493872549019608,ratio,valid
E001-v2,tuning,E,e-s120-gradient-p1-b040-sir16,tuning-grid-imbalanced-n4500,,seam300,median,0.41025641025641024,ratio,valid
E001-v2,tuning,E,e-s120-gradient-p1-b040-sir16,tuning-grid-imbalanced-n4500,,seam300,min,0.22023809523809523,ratio,valid
E001-v2,tuning,E,e-s120-gradient-p1-b040-sir16,tuning-grid-imbalanced-n4500,2026090601,a4,value,0.0,ratio,valid
E001-v2,tuning,E,e-s120-gradient-p1-b040-sir16,tuning-grid-imbalanced-n4500,2026090601,radius,max,260.40206622840856,m,valid
E001-v2,tuning,E,e-s120-gradient-p1-b040-sir16,tuning-grid-imbalanced-n4500,2026090601,radius,p50,94.37471368887589,m,valid
E001-v2,tuning,E,e-s120-gradient-p1-b040-sir16,tuning-grid-imbalanced-n4500,2026090601,radius,p95,192.76797988805066,m,valid
E001-v2,tuning,E,e-s120-gradient-p1-b040-sir16,tuning-grid-imbalanced-n4500,2026090601,radius,p99,231.0728425974724,m,valid
E001-v2,tuning,E,e-s120-gradient-p1-b040-sir16,tuning-grid-imbalanced-n4500,2026090601,radius,violations,0.0,count,valid
E001-v2,tuning,E,e-s120-gradient-p1-b040-sir16,tuning-grid-imbalanced-n4500,2026090601,seam300,value,0.41025641025641024,ratio,valid
E001-v2,tuning,E,e-s120-gradient-p1-b040-sir16,tuning-grid-imbalanced-n4500,2026090602,a4,value,0.0,ratio,valid
E001-v2,tuning,E,e-s120-gradient-p1-b040-sir16,tuning-grid-imbalanced-n4500,2026090602,radius,max,247.52346658635568,m,valid
E001-v2,tuning,E,e-s120-gradient-p1-b040-sir16,tuning-grid-imbalanced-n4500,2026090602,radius,p50,97.23491557433705,m,valid
E001-v2,tuning,E,e-s120-gradient-p1-b040-sir16,tuning-grid-imbalanced-n4500,2026090602,radius,p95,189.5091292103474,m,valid
E001-v2,tuning,E,e-s120-gradient-p1-b040-sir16,tuning-grid-imbalanced-n4500,2026090602,radius,p99,216.99899557585988,m,valid
E001-v2,tuning,E,e-s120-gradient-p1-b040-sir16,tuning-grid-imbalanced-n4500,2026090602,radius,violations,0.0,count,valid
E001-v2,tuning,E,e-s120-gradient-p1-b040-sir16,tuning-grid-imbalanced-n4500,2026090602,seam300,value,0.7493872549019608,ratio,valid
E001-v2,tuning,E,e-s120-gradient-p1-b040-sir16,tuning-grid-imbalanced-n4500,2026090603,a4,value,0.02047250229805383,ratio,valid
E001-v2,tuning,E,e-s120-gradient-p1-b040-sir16,tuning-grid-imbalanced-n4500,2026090603,radius,max,239.14085004569603,m,valid
E001-v2,tuning,E,e-s120-gradient-p1-b040-sir16,tuning-grid-imbalanced-n4500,2026090603,radius,p50,98.19083700390578,m,valid
E001-v2,tuning,E,e-s120-gradient-p1-b040-sir16,tuning-grid-imbalanced-n4500,2026090603,radius,p95,191.6933722972034,m,valid
E001-v2,tuning,E,e-s120-gradient-p1-b040-sir16,tuning-grid-imbalanced-n4500,2026090603,radius,p99,219.3590706210696,m,valid
E001-v2,tuning,E,e-s120-gradient-p1-b040-sir16,tuning-grid-imbalanced-n4500,2026090603,radius,violations,0.0,count,valid
E001-v2,tuning,E,e-s120-gradient-p1-b040-sir16,tuning-grid-imbalanced-n4500,2026090603,seam300,value,0.4929246192404087,ratio,valid
E001-v2,tuning,E,e-s120-gradient-p1-b040-sir16,tuning-grid-imbalanced-n4500,2026090604,a4,value,0.0,ratio,valid
E001-v2,tuning,E,e-s120-gradient-p1-b040-sir16,tuning-grid-imbalanced-n4500,2026090604,radius,max,260.6950340978667,m,valid
E001-v2,tuning,E,e-s120-gradient-p1-b040-sir16,tuning-grid-imbalanced-n4500,2026090604,radius,p50,96.63237661891473,m,valid
E001-v2,tuning,E,e-s120-gradient-p1-b040-sir16,tuning-grid-imbalanced-n4500,2026090604,radius,p95,188.30112634413842,m,valid
E001-v2,tuning,E,e-s120-gradient-p1-b040-sir16,tuning-grid-imbalanced-n4500,2026090604,radius,p99,224.33042454329748,m,valid
E001-v2,tuning,E,e-s120-gradient-p1-b040-sir16,tuning-grid-imbalanced-n4500,2026090604,radius,violations,0.0,count,valid
E001-v2,tuning,E,e-s120-gradient-p1-b040-sir16,tuning-grid-imbalanced-n4500,2026090604,seam300,value,0.3646686159844055,ratio,valid
E001-v2,tuning,E,e-s120-gradient-p1-b040-sir16,tuning-grid-imbalanced-n4500,2026090605,a4,value,0.0,ratio,valid
E001-v2,tuning,E,e-s120-gradient-p1-b040-sir16,tuning-grid-imbalanced-n4500,2026090605,radius,max,244.5268507516374,m,valid
E001-v2,tuning,E,e-s120-gradient-p1-b040-sir16,tuning-grid-imbalanced-n4500,2026090605,radius,p50,98.80305958107132,m,valid
E001-v2,tuning,E,e-s120-gradient-p1-b040-sir16,tuning-grid-imbalanced-n4500,2026090605,radius,p95,189.04450910675527,m,valid
E001-v2,tuning,E,e-s120-gradient-p1-b040-sir16,tuning-grid-imbalanced-n4500,2026090605,radius,p99,220.30548091949737,m,valid
E001-v2,tuning,E,e-s120-gradient-p1-b040-sir16,tuning-grid-imbalanced-n4500,2026090605,radius,violations,0.0,count,valid
E001-v2,tuning,E,e-s120-gradient-p1-b040-sir16,tuning-grid-imbalanced-n4500,2026090605,seam300,value,0.22023809523809523,ratio,valid
E001-v2,tuning,E,e-s120-gradient-p1-b040-sir16,tuning-single-n500,,a4,max,0.0,ratio,valid
E001-v2,tuning,E,e-s120-gradient-p1-b040-sir16,tuning-single-n500,,a4,median,0.0,ratio,valid
E001-v2,tuning,E,e-s120-gradient-p1-b040-sir16,tuning-single-n500,,a4,min,0.0,ratio,valid
E001-v2,tuning,E,e-s120-gradient-p1-b040-sir16,tuning-single-n500,,hotspot50,cv,1.8280831490936098,ratio,valid
E001-v2,tuning,E,e-s120-gradient-p1-b040-sir16,tuning-single-n500,,hotspot50,max,29.0,count,valid
E001-v2,tuning,E,e-s120-gradient-p1-b040-sir16,tuning-single-n500,,hotspot50,p99,26.0,count,valid
E001-v2,tuning,E,e-s120-gradient-p1-b040-sir16,tuning-single-n500,,neighbors10,value,1.88,count,valid
E001-v2,tuning,E,e-s120-gradient-p1-b040-sir16,tuning-single-n500,,proximity16,value,0.916,ratio,valid
E001-v2,tuning,E,e-s120-gradient-p1-b040-sir16,tuning-single-n500,,proximity24,value,0.954,ratio,valid
E001-v2,tuning,E,e-s120-gradient-p1-b040-sir16,tuning-single-n500,,proximity8,value,0.646,ratio,valid
E001-v2,tuning,E,e-s120-gradient-p1-b040-sir16,tuning-single-n500,,radialKs,max,0.15999999999999998,ratio,valid
E001-v2,tuning,E,e-s120-gradient-p1-b040-sir16,tuning-single-n500,,radialKs,median,0.09000000000000008,ratio,valid
E001-v2,tuning,E,e-s120-gradient-p1-b040-sir16,tuning-single-n500,,radialKs,min,0.06999999999999995,ratio,valid
E001-v2,tuning,E,e-s120-gradient-p1-b040-sir16,tuning-single-n500,,radius,max.max,247.39011235907736,m,valid
E001-v2,tuning,E,e-s120-gradient-p1-b040-sir16,tuning-single-n500,,radius,max.median,233.09654236074596,m,valid
E001-v2,tuning,E,e-s120-gradient-p1-b040-sir16,tuning-single-n500,,radius,max.min,218.38416879174773,m,valid
E001-v2,tuning,E,e-s120-gradient-p1-b040-sir16,tuning-single-n500,,radius,p50.max,110.22572028925201,m,valid
E001-v2,tuning,E,e-s120-gradient-p1-b040-sir16,tuning-single-n500,,radius,p50.median,92.7649327574125,m,valid
E001-v2,tuning,E,e-s120-gradient-p1-b040-sir16,tuning-single-n500,,radius,p50.min,90.22669125912847,m,valid
E001-v2,tuning,E,e-s120-gradient-p1-b040-sir16,tuning-single-n500,,radius,p95.max,196.47906193917717,m,valid
E001-v2,tuning,E,e-s120-gradient-p1-b040-sir16,tuning-single-n500,,radius,p95.median,185.97688456908233,m,valid
E001-v2,tuning,E,e-s120-gradient-p1-b040-sir16,tuning-single-n500,,radius,p95.min,177.672314934344,m,valid
E001-v2,tuning,E,e-s120-gradient-p1-b040-sir16,tuning-single-n500,,radius,p99.max,219.36254786040797,m,valid
E001-v2,tuning,E,e-s120-gradient-p1-b040-sir16,tuning-single-n500,,radius,p99.median,206.1484834889502,m,valid
E001-v2,tuning,E,e-s120-gradient-p1-b040-sir16,tuning-single-n500,,radius,p99.min,194.70052355916567,m,valid
E001-v2,tuning,E,e-s120-gradient-p1-b040-sir16,tuning-single-n500,,radius,violations.max,0.0,count,valid
E001-v2,tuning,E,e-s120-gradient-p1-b040-sir16,tuning-single-n500,,radius,violations.median,0.0,count,valid
E001-v2,tuning,E,e-s120-gradient-p1-b040-sir16,tuning-single-n500,,radius,violations.min,0.0,count,valid
E001-v2,tuning,E,e-s120-gradient-p1-b040-sir16,tuning-single-n500,,samplerFailureCount,value,0.0,count,valid
E001-v2,tuning,E,e-s120-gradient-p1-b040-sir16,tuning-single-n500,,seam300,max,1.1666666666666665,ratio,valid
E001-v2,tuning,E,e-s120-gradient-p1-b040-sir16,tuning-single-n500,,seam300,median,0.775,ratio,valid
E001-v2,tuning,E,e-s120-gradient-p1-b040-sir16,tuning-single-n500,,seam300,min,0.375,ratio,valid
E001-v2,tuning,E,e-s120-gradient-p1-b040-sir16,tuning-single-n500,2026090601,a4,value,0.0,ratio,valid
E001-v2,tuning,E,e-s120-gradient-p1-b040-sir16,tuning-single-n500,2026090601,radialKs,value,0.15999999999999998,ratio,valid
E001-v2,tuning,E,e-s120-gradient-p1-b040-sir16,tuning-single-n500,2026090601,radius,max,228.4353096608731,m,valid
E001-v2,tuning,E,e-s120-gradient-p1-b040-sir16,tuning-single-n500,2026090601,radius,p50,91.68016354440503,m,valid
E001-v2,tuning,E,e-s120-gradient-p1-b040-sir16,tuning-single-n500,2026090601,radius,p95,196.47906193917717,m,valid
E001-v2,tuning,E,e-s120-gradient-p1-b040-sir16,tuning-single-n500,2026090601,radius,p99,203.72780584614486,m,valid
E001-v2,tuning,E,e-s120-gradient-p1-b040-sir16,tuning-single-n500,2026090601,radius,violations,0.0,count,valid
E001-v2,tuning,E,e-s120-gradient-p1-b040-sir16,tuning-single-n500,2026090601,seam300,value,0.7416666666666667,ratio,valid
E001-v2,tuning,E,e-s120-gradient-p1-b040-sir16,tuning-single-n500,2026090602,a4,value,0.0,ratio,valid
E001-v2,tuning,E,e-s120-gradient-p1-b040-sir16,tuning-single-n500,2026090602,radialKs,value,0.09000000000000008,ratio,valid
E001-v2,tuning,E,e-s120-gradient-p1-b040-sir16,tuning-single-n500,2026090602,radius,max,247.39011235907736,m,valid
E001-v2,tuning,E,e-s120-gradient-p1-b040-sir16,tuning-single-n500,2026090602,radius,p50,103.15337008214551,m,valid
E001-v2,tuning,E,e-s120-gradient-p1-b040-sir16,tuning-single-n500,2026090602,radius,p95,196.40409126035618,m,valid
E001-v2,tuning,E,e-s120-gradient-p1-b040-sir16,tuning-single-n500,2026090602,radius,p99,206.1484834889502,m,valid
E001-v2,tuning,E,e-s120-gradient-p1-b040-sir16,tuning-single-n500,2026090602,radius,violations,0.0,count,valid
E001-v2,tuning,E,e-s120-gradient-p1-b040-sir16,tuning-single-n500,2026090602,seam300,value,0.375,ratio,valid
E001-v2,tuning,E,e-s120-gradient-p1-b040-sir16,tuning-single-n500,2026090603,a4,value,0.0,ratio,valid
E001-v2,tuning,E,e-s120-gradient-p1-b040-sir16,tuning-single-n500,2026090603,radialKs,value,0.15999999999999998,ratio,valid
E001-v2,tuning,E,e-s120-gradient-p1-b040-sir16,tuning-single-n500,2026090603,radius,max,218.38416879174773,m,valid
E001-v2,tuning,E,e-s120-gradient-p1-b040-sir16,tuning-single-n500,2026090603,radius,p50,110.22572028925201,m,valid
E001-v2,tuning,E,e-s120-gradient-p1-b040-sir16,tuning-single-n500,2026090603,radius,p95,185.97688456908233,m,valid
E001-v2,tuning,E,e-s120-gradient-p1-b040-sir16,tuning-single-n500,2026090603,radius,p99,210.7353247265832,m,valid
E001-v2,tuning,E,e-s120-gradient-p1-b040-sir16,tuning-single-n500,2026090603,radius,violations,0.0,count,valid
E001-v2,tuning,E,e-s120-gradient-p1-b040-sir16,tuning-single-n500,2026090603,seam300,value,1.1666666666666665,ratio,valid
E001-v2,tuning,E,e-s120-gradient-p1-b040-sir16,tuning-single-n500,2026090604,a4,value,0.0,ratio,valid
E001-v2,tuning,E,e-s120-gradient-p1-b040-sir16,tuning-single-n500,2026090604,radialKs,value,0.06999999999999995,ratio,valid
E001-v2,tuning,E,e-s120-gradient-p1-b040-sir16,tuning-single-n500,2026090604,radius,max,233.09654236074596,m,valid
E001-v2,tuning,E,e-s120-gradient-p1-b040-sir16,tuning-single-n500,2026090604,radius,p50,92.7649327574125,m,valid
E001-v2,tuning,E,e-s120-gradient-p1-b040-sir16,tuning-single-n500,2026090604,radius,p95,185.1865698776466,m,valid
E001-v2,tuning,E,e-s120-gradient-p1-b040-sir16,tuning-single-n500,2026090604,radius,p99,219.36254786040797,m,valid
E001-v2,tuning,E,e-s120-gradient-p1-b040-sir16,tuning-single-n500,2026090604,radius,violations,0.0,count,valid
E001-v2,tuning,E,e-s120-gradient-p1-b040-sir16,tuning-single-n500,2026090604,seam300,value,0.775,ratio,valid
E001-v2,tuning,E,e-s120-gradient-p1-b040-sir16,tuning-single-n500,2026090605,a4,value,0.0,ratio,valid
E001-v2,tuning,E,e-s120-gradient-p1-b040-sir16,tuning-single-n500,2026090605,radialKs,value,0.07,ratio,valid
E001-v2,tuning,E,e-s120-gradient-p1-b040-sir16,tuning-single-n500,2026090605,radius,max,233.6280045284237,m,valid
E001-v2,tuning,E,e-s120-gradient-p1-b040-sir16,tuning-single-n500,2026090605,radius,p50,90.22669125912847,m,valid
E001-v2,tuning,E,e-s120-gradient-p1-b040-sir16,tuning-single-n500,2026090605,radius,p95,177.672314934344,m,valid
E001-v2,tuning,E,e-s120-gradient-p1-b040-sir16,tuning-single-n500,2026090605,radius,p99,194.70052355916567,m,valid
E001-v2,tuning,E,e-s120-gradient-p1-b040-sir16,tuning-single-n500,2026090605,radius,violations,0.0,count,valid
E001-v2,tuning,E,e-s120-gradient-p1-b040-sir16,tuning-single-n500,2026090605,seam300,value,0.825,ratio,valid
E001-v2,tuning,E,e-s120-gradient-p1-b040-sir32,tuning-grid-imbalanced-n4500,,a4,max,0.04472384561031578,ratio,valid
E001-v2,tuning,E,e-s120-gradient-p1-b040-sir32,tuning-grid-imbalanced-n4500,,a4,median,0.02061984200821563,ratio,valid
E001-v2,tuning,E,e-s120-gradient-p1-b040-sir32,tuning-grid-imbalanced-n4500,,a4,min,0.0,ratio,valid
E001-v2,tuning,E,e-s120-gradient-p1-b040-sir32,tuning-grid-imbalanced-n4500,,hotspot50,cv,1.3824525710168545,ratio,valid
E001-v2,tuning,E,e-s120-gradient-p1-b040-sir32,tuning-grid-imbalanced-n4500,,hotspot50,max,71.0,count,valid
E001-v2,tuning,E,e-s120-gradient-p1-b040-sir32,tuning-grid-imbalanced-n4500,,hotspot50,p99,50.0,count,valid
E001-v2,tuning,E,e-s120-gradient-p1-b040-sir32,tuning-grid-imbalanced-n4500,,neighbors10,value,2.7342222222222223,count,valid
E001-v2,tuning,E,e-s120-gradient-p1-b040-sir32,tuning-grid-imbalanced-n4500,,proximity16,value,0.9513333333333334,ratio,valid
E001-v2,tuning,E,e-s120-gradient-p1-b040-sir32,tuning-grid-imbalanced-n4500,,proximity24,value,0.9857777777777778,ratio,valid
E001-v2,tuning,E,e-s120-gradient-p1-b040-sir32,tuning-grid-imbalanced-n4500,,proximity8,value,0.7231111111111111,ratio,valid
E001-v2,tuning,E,e-s120-gradient-p1-b040-sir32,tuning-grid-imbalanced-n4500,,radius,max.max,277.50610464130597,m,valid
E001-v2,tuning,E,e-s120-gradient-p1-b040-sir32,tuning-grid-imbalanced-n4500,,radius,max.median,260.41267294419583,m,valid
E001-v2,tuning,E,e-s120-gradient-p1-b040-sir32,tuning-grid-imbalanced-n4500,,radius,max.min,246.16410078003327,m,valid
E001-v2,tuning,E,e-s120-gradient-p1-b040-sir32,tuning-grid-imbalanced-n4500,,radius,p50.max,102.01682956897385,m,valid
E001-v2,tuning,E,e-s120-gradient-p1-b040-sir32,tuning-grid-imbalanced-n4500,,radius,p50.median,97.63594181325891,m,valid
E001-v2,tuning,E,e-s120-gradient-p1-b040-sir32,tuning-grid-imbalanced-n4500,,radius,p50.min,95.07763187063755,m,valid
E001-v2,tuning,E,e-s120-gradient-p1-b040-sir32,tuning-grid-imbalanced-n4500,,radius,p95.max,187.76042790364065,m,valid
E001-v2,tuning,E,e-s120-gradient-p1-b040-sir32,tuning-grid-imbalanced-n4500,,radius,p95.median,187.16461180738233,m,valid
E001-v2,tuning,E,e-s120-gradient-p1-b040-sir32,tuning-grid-imbalanced-n4500,,radius,p95.min,180.90164716339487,m,valid
E001-v2,tuning,E,e-s120-gradient-p1-b040-sir32,tuning-grid-imbalanced-n4500,,radius,p99.max,228.24223074255397,m,valid
E001-v2,tuning,E,e-s120-gradient-p1-b040-sir32,tuning-grid-imbalanced-n4500,,radius,p99.median,216.16096253591195,m,valid
E001-v2,tuning,E,e-s120-gradient-p1-b040-sir32,tuning-grid-imbalanced-n4500,,radius,p99.min,211.56616845441278,m,valid
E001-v2,tuning,E,e-s120-gradient-p1-b040-sir32,tuning-grid-imbalanced-n4500,,radius,violations.max,0.0,count,valid
E001-v2,tuning,E,e-s120-gradient-p1-b040-sir32,tuning-grid-imbalanced-n4500,,radius,violations.median,0.0,count,valid
E001-v2,tuning,E,e-s120-gradient-p1-b040-sir32,tuning-grid-imbalanced-n4500,,radius,violations.min,0.0,count,valid
E001-v2,tuning,E,e-s120-gradient-p1-b040-sir32,tuning-grid-imbalanced-n4500,,samplerFailureCount,value,0.0,count,valid
E001-v2,tuning,E,e-s120-gradient-p1-b040-sir32,tuning-grid-imbalanced-n4500,,seam300,max,0.5276499815973501,ratio,valid
E001-v2,tuning,E,e-s120-gradient-p1-b040-sir32,tuning-grid-imbalanced-n4500,,seam300,median,0.17906162464985992,ratio,valid
E001-v2,tuning,E,e-s120-gradient-p1-b040-sir32,tuning-grid-imbalanced-n4500,,seam300,min,0.1253494623655914,ratio,valid
E001-v2,tuning,E,e-s120-gradient-p1-b040-sir32,tuning-grid-imbalanced-n4500,2026090601,a4,value,0.0,ratio,valid
E001-v2,tuning,E,e-s120-gradient-p1-b040-sir32,tuning-grid-imbalanced-n4500,2026090601,radius,max,277.50610464130597,m,valid
E001-v2,tuning,E,e-s120-gradient-p1-b040-sir32,tuning-grid-imbalanced-n4500,2026090601,radius,p50,102.01682956897385,m,valid
E001-v2,tuning,E,e-s120-gradient-p1-b040-sir32,tuning-grid-imbalanced-n4500,2026090601,radius,p95,187.16461180738233,m,valid
E001-v2,tuning,E,e-s120-gradient-p1-b040-sir32,tuning-grid-imbalanced-n4500,2026090601,radius,p99,221.0652241040053,m,valid
E001-v2,tuning,E,e-s120-gradient-p1-b040-sir32,tuning-grid-imbalanced-n4500,2026090601,radius,violations,0.0,count,valid
E001-v2,tuning,E,e-s120-gradient-p1-b040-sir32,tuning-grid-imbalanced-n4500,2026090601,seam300,value,0.1253494623655914,ratio,valid
E001-v2,tuning,E,e-s120-gradient-p1-b040-sir32,tuning-grid-imbalanced-n4500,2026090602,a4,value,0.04472384561031578,ratio,valid
E001-v2,tuning,E,e-s120-gradient-p1-b040-sir32,tuning-grid-imbalanced-n4500,2026090602,radius,max,251.66511030733753,m,valid
E001-v2,tuning,E,e-s120-gradient-p1-b040-sir32,tuning-grid-imbalanced-n4500,2026090602,radius,p50,95.07763187063755,m,valid
E001-v2,tuning,E,e-s120-gradient-p1-b040-sir32,tuning-grid-imbalanced-n4500,2026090602,radius,p95,180.90164716339487,m,valid
E001-v2,tuning,E,e-s120-gradient-p1-b040-sir32,tuning-grid-imbalanced-n4500,2026090602,radius,p99,211.56616845441278,m,valid
E001-v2,tuning,E,e-s120-gradient-p1-b040-sir32,tuning-grid-imbalanced-n4500,2026090602,radius,violations,0.0,count,valid
E001-v2,tuning,E,e-s120-gradient-p1-b040-sir32,tuning-grid-imbalanced-n4500,2026090602,seam300,value,0.5276499815973501,ratio,valid
E001-v2,tuning,E,e-s120-gradient-p1-b040-sir32,tuning-grid-imbalanced-n4500,2026090603,a4,value,0.02061984200821563,ratio,valid
E001-v2,tuning,E,e-s120-gradient-p1-b040-sir32,tuning-grid-imbalanced-n4500,2026090603,radius,max,246.16410078003327,m,valid
E001-v2,tuning,E,e-s120-gradient-p1-b040-sir32,tuning-grid-imbalanced-n4500,2026090603,radius,p50,97.63594181325891,m,valid
E001-v2,tuning,E,e-s120-gradient-p1-b040-sir32,tuning-grid-imbalanced-n4500,2026090603,radius,p95,187.63919591615175,m,valid
E001-v2,tuning,E,e-s120-gradient-p1-b040-sir32,tuning-grid-imbalanced-n4500,2026090603,radius,p99,228.24223074255397,m,valid
E001-v2,tuning,E,e-s120-gradient-p1-b040-sir32,tuning-grid-imbalanced-n4500,2026090603,radius,violations,0.0,count,valid
E001-v2,tuning,E,e-s120-gradient-p1-b040-sir32,tuning-grid-imbalanced-n4500,2026090603,seam300,value,0.17906162464985992,ratio,valid
E001-v2,tuning,E,e-s120-gradient-p1-b040-sir32,tuning-grid-imbalanced-n4500,2026090604,a4,value,0.04227939742625136,ratio,valid
E001-v2,tuning,E,e-s120-gradient-p1-b040-sir32,tuning-grid-imbalanced-n4500,2026090604,radius,max,260.41267294419583,m,valid
E001-v2,tuning,E,e-s120-gradient-p1-b040-sir32,tuning-grid-imbalanced-n4500,2026090604,radius,p50,98.08808086394744,m,valid
E001-v2,tuning,E,e-s120-gradient-p1-b040-sir32,tuning-grid-imbalanced-n4500,2026090604,radius,p95,187.76042790364065,m,valid
E001-v2,tuning,E,e-s120-gradient-p1-b040-sir32,tuning-grid-imbalanced-n4500,2026090604,radius,p99,216.16096253591195,m,valid
E001-v2,tuning,E,e-s120-gradient-p1-b040-sir32,tuning-grid-imbalanced-n4500,2026090604,radius,violations,0.0,count,valid
E001-v2,tuning,E,e-s120-gradient-p1-b040-sir32,tuning-grid-imbalanced-n4500,2026090604,seam300,value,0.1626190476190476,ratio,valid
E001-v2,tuning,E,e-s120-gradient-p1-b040-sir32,tuning-grid-imbalanced-n4500,2026090605,a4,value,0.0,ratio,valid
E001-v2,tuning,E,e-s120-gradient-p1-b040-sir32,tuning-grid-imbalanced-n4500,2026090605,radius,max,263.442388063703,m,valid
E001-v2,tuning,E,e-s120-gradient-p1-b040-sir32,tuning-grid-imbalanced-n4500,2026090605,radius,p50,97.38389557711923,m,valid
E001-v2,tuning,E,e-s120-gradient-p1-b040-sir32,tuning-grid-imbalanced-n4500,2026090605,radius,p95,186.09263536551157,m,valid
E001-v2,tuning,E,e-s120-gradient-p1-b040-sir32,tuning-grid-imbalanced-n4500,2026090605,radius,p99,212.87441846896309,m,valid
E001-v2,tuning,E,e-s120-gradient-p1-b040-sir32,tuning-grid-imbalanced-n4500,2026090605,radius,violations,0.0,count,valid
E001-v2,tuning,E,e-s120-gradient-p1-b040-sir32,tuning-grid-imbalanced-n4500,2026090605,seam300,value,0.36164529914529914,ratio,valid
E001-v2,tuning,E,e-s120-gradient-p1-b040-sir32,tuning-single-n500,,a4,max,0.13363935133238214,ratio,valid
E001-v2,tuning,E,e-s120-gradient-p1-b040-sir32,tuning-single-n500,,a4,median,0.0,ratio,valid
E001-v2,tuning,E,e-s120-gradient-p1-b040-sir32,tuning-single-n500,,a4,min,0.0,ratio,valid
E001-v2,tuning,E,e-s120-gradient-p1-b040-sir32,tuning-single-n500,,hotspot50,cv,1.8290281572463583,ratio,valid
E001-v2,tuning,E,e-s120-gradient-p1-b040-sir32,tuning-single-n500,,hotspot50,max,29.0,count,valid
E001-v2,tuning,E,e-s120-gradient-p1-b040-sir32,tuning-single-n500,,hotspot50,p99,25.0,count,valid
E001-v2,tuning,E,e-s120-gradient-p1-b040-sir32,tuning-single-n500,,neighbors10,value,1.872,count,valid
E001-v2,tuning,E,e-s120-gradient-p1-b040-sir32,tuning-single-n500,,proximity16,value,0.924,ratio,valid
E001-v2,tuning,E,e-s120-gradient-p1-b040-sir32,tuning-single-n500,,proximity24,value,0.97,ratio,valid
E001-v2,tuning,E,e-s120-gradient-p1-b040-sir32,tuning-single-n500,,proximity8,value,0.67,ratio,valid
E001-v2,tuning,E,e-s120-gradient-p1-b040-sir32,tuning-single-n500,,radialKs,max,0.12000000000000005,ratio,valid
E001-v2,tuning,E,e-s120-gradient-p1-b040-sir32,tuning-single-n500,,radialKs,median,0.10999999999999999,ratio,valid
E001-v2,tuning,E,e-s120-gradient-p1-b040-sir32,tuning-single-n500,,radialKs,min,0.07000000000000006,ratio,valid
E001-v2,tuning,E,e-s120-gradient-p1-b040-sir32,tuning-single-n500,,radius,max.max,240.5227483034383,m,valid
E001-v2,tuning,E,e-s120-gradient-p1-b040-sir32,tuning-single-n500,,radius,max.median,231.28586068857805,m,valid
E001-v2,tuning,E,e-s120-gradient-p1-b040-sir32,tuning-single-n500,,radius,max.min,227.65572751511888,m,valid
E001-v2,tuning,E,e-s120-gradient-p1-b040-sir32,tuning-single-n500,,radius,p50.max,105.34314368201453,m,valid
E001-v2,tuning,E,e-s120-gradient-p1-b040-sir32,tuning-single-n500,,radius,p50.median,95.27826745071489,m,valid
E001-v2,tuning,E,e-s120-gradient-p1-b040-sir32,tuning-single-n500,,radius,p50.min,88.19115809233155,m,valid
E001-v2,tuning,E,e-s120-gradient-p1-b040-sir32,tuning-single-n500,,radius,p95.max,186.80876279287523,m,valid
E001-v2,tuning,E,e-s120-gradient-p1-b040-sir32,tuning-single-n500,,radius,p95.median,176.34316923505253,m,valid
E001-v2,tuning,E,e-s120-gradient-p1-b040-sir32,tuning-single-n500,,radius,p95.min,167.2026865075324,m,valid
E001-v2,tuning,E,e-s120-gradient-p1-b040-sir32,tuning-single-n500,,radius,p99.max,220.9960184443913,m,valid
E001-v2,tuning,E,e-s120-gradient-p1-b040-sir32,tuning-single-n500,,radius,p99.median,204.48883389037718,m,valid
E001-v2,tuning,E,e-s120-gradient-p1-b040-sir32,tuning-single-n500,,radius,p99.min,189.67392365157707,m,valid
E001-v2,tuning,E,e-s120-gradient-p1-b040-sir32,tuning-single-n500,,radius,violations.max,0.0,count,valid
E001-v2,tuning,E,e-s120-gradient-p1-b040-sir32,tuning-single-n500,,radius,violations.median,0.0,count,valid
E001-v2,tuning,E,e-s120-gradient-p1-b040-sir32,tuning-single-n500,,radius,violations.min,0.0,count,valid
E001-v2,tuning,E,e-s120-gradient-p1-b040-sir32,tuning-single-n500,,samplerFailureCount,value,0.0,count,valid
E001-v2,tuning,E,e-s120-gradient-p1-b040-sir32,tuning-single-n500,,seam300,max,0.825,ratio,valid
E001-v2,tuning,E,e-s120-gradient-p1-b040-sir32,tuning-single-n500,,seam300,median,0.775,ratio,valid
E001-v2,tuning,E,e-s120-gradient-p1-b040-sir32,tuning-single-n500,,seam300,min,0.3333333333333333,ratio,valid
E001-v2,tuning,E,e-s120-gradient-p1-b040-sir32,tuning-single-n500,2026090601,a4,value,0.0,ratio,valid
E001-v2,tuning,E,e-s120-gradient-p1-b040-sir32,tuning-single-n500,2026090601,radialKs,value,0.12000000000000005,ratio,valid
E001-v2,tuning,E,e-s120-gradient-p1-b040-sir32,tuning-single-n500,2026090601,radius,max,237.5394568143986,m,valid
E001-v2,tuning,E,e-s120-gradient-p1-b040-sir32,tuning-single-n500,2026090601,radius,p50,93.50950527631394,m,valid
E001-v2,tuning,E,e-s120-gradient-p1-b040-sir32,tuning-single-n500,2026090601,radius,p95,186.80876279287523,m,valid
E001-v2,tuning,E,e-s120-gradient-p1-b040-sir32,tuning-single-n500,2026090601,radius,p99,204.48883389037718,m,valid
E001-v2,tuning,E,e-s120-gradient-p1-b040-sir32,tuning-single-n500,2026090601,radius,violations,0.0,count,valid
E001-v2,tuning,E,e-s120-gradient-p1-b040-sir32,tuning-single-n500,2026090601,seam300,value,0.3333333333333333,ratio,valid
E001-v2,tuning,E,e-s120-gradient-p1-b040-sir32,tuning-single-n500,2026090602,a4,value,0.1278400452004101,ratio,valid
E001-v2,tuning,E,e-s120-gradient-p1-b040-sir32,tuning-single-n500,2026090602,radialKs,value,0.07000000000000006,ratio,valid
E001-v2,tuning,E,e-s120-gradient-p1-b040-sir32,tuning-single-n500,2026090602,radius,max,231.28586068857805,m,valid
E001-v2,tuning,E,e-s120-gradient-p1-b040-sir32,tuning-single-n500,2026090602,radius,p50,103.57154921240989,m,valid
E001-v2,tuning,E,e-s120-gradient-p1-b040-sir32,tuning-single-n500,2026090602,radius,p95,176.34316923505253,m,valid
E001-v2,tuning,E,e-s120-gradient-p1-b040-sir32,tuning-single-n500,2026090602,radius,p99,220.9960184443913,m,valid
E001-v2,tuning,E,e-s120-gradient-p1-b040-sir32,tuning-single-n500,2026090602,radius,violations,0.0,count,valid
E001-v2,tuning,E,e-s120-gradient-p1-b040-sir32,tuning-single-n500,2026090602,seam300,value,0.825,ratio,valid
E001-v2,tuning,E,e-s120-gradient-p1-b040-sir32,tuning-single-n500,2026090603,a4,value,0.13363935133238214,ratio,valid
E001-v2,tuning,E,e-s120-gradient-p1-b040-sir32,tuning-single-n500,2026090603,radialKs,value,0.10999999999999999,ratio,valid
E001-v2,tuning,E,e-s120-gradient-p1-b040-sir32,tuning-single-n500,2026090603,radius,max,227.65572751511888,m,valid
E001-v2,tuning,E,e-s120-gradient-p1-b040-sir32,tuning-single-n500,2026090603,radius,p50,105.34314368201453,m,valid
E001-v2,tuning,E,e-s120-gradient-p1-b040-sir32,tuning-single-n500,2026090603,radius,p95,178.6668823486838,m,valid
E001-v2,tuning,E,e-s120-gradient-p1-b040-sir32,tuning-single-n500,2026090603,radius,p99,189.67392365157707,m,valid
E001-v2,tuning,E,e-s120-gradient-p1-b040-sir32,tuning-single-n500,2026090603,radius,violations,0.0,count,valid
E001-v2,tuning,E,e-s120-gradient-p1-b040-sir32,tuning-single-n500,2026090603,seam300,value,0.775,ratio,valid
E001-v2,tuning,E,e-s120-gradient-p1-b040-sir32,tuning-single-n500,2026090604,a4,value,0.0,ratio,valid
E001-v2,tuning,E,e-s120-gradient-p1-b040-sir32,tuning-single-n500,2026090604,radialKs,value,0.09000000000000002,ratio,valid
E001-v2,tuning,E,e-s120-gradient-p1-b040-sir32,tuning-single-n500,2026090604,radius,max,240.5227483034383,m,valid
E001-v2,tuning,E,e-s120-gradient-p1-b040-sir32,tuning-single-n500,2026090604,radius,p50,95.27826745071489,m,valid
E001-v2,tuning,E,e-s120-gradient-p1-b040-sir32,tuning-single-n500,2026090604,radius,p95,167.2026865075324,m,valid
E001-v2,tuning,E,e-s120-gradient-p1-b040-sir32,tuning-single-n500,2026090604,radius,p99,198.22442148967957,m,valid
E001-v2,tuning,E,e-s120-gradient-p1-b040-sir32,tuning-single-n500,2026090604,radius,violations,0.0,count,valid
E001-v2,tuning,E,e-s120-gradient-p1-b040-sir32,tuning-single-n500,2026090604,seam300,value,0.825,ratio,valid
E001-v2,tuning,E,e-s120-gradient-p1-b040-sir32,tuning-single-n500,2026090605,a4,value,0.0,ratio,valid
E001-v2,tuning,E,e-s120-gradient-p1-b040-sir32,tuning-single-n500,2026090605,radialKs,value,0.12,ratio,valid
E001-v2,tuning,E,e-s120-gradient-p1-b040-sir32,tuning-single-n500,2026090605,radius,max,228.23088269563536,m,valid
E001-v2,tuning,E,e-s120-gradient-p1-b040-sir32,tuning-single-n500,2026090605,radius,p50,88.19115809233155,m,valid
E001-v2,tuning,E,e-s120-gradient-p1-b040-sir32,tuning-single-n500,2026090605,radius,p95,174.3593744980429,m,valid
E001-v2,tuning,E,e-s120-gradient-p1-b040-sir32,tuning-single-n500,2026090605,radius,p99,218.67538942516137,m,valid
E001-v2,tuning,E,e-s120-gradient-p1-b040-sir32,tuning-single-n500,2026090605,radius,violations,0.0,count,valid
E001-v2,tuning,E,e-s120-gradient-p1-b040-sir32,tuning-single-n500,2026090605,seam300,value,0.726190476190476,ratio,valid
E001-v2,tuning,E,e-s120-gradient-p1-b070-rejection128,tuning-grid-imbalanced-n4500,,a4,max,0.023369886716925404,ratio,valid
E001-v2,tuning,E,e-s120-gradient-p1-b070-rejection128,tuning-grid-imbalanced-n4500,,a4,median,0.0,ratio,valid
E001-v2,tuning,E,e-s120-gradient-p1-b070-rejection128,tuning-grid-imbalanced-n4500,,a4,min,0.0,ratio,valid
E001-v2,tuning,E,e-s120-gradient-p1-b070-rejection128,tuning-grid-imbalanced-n4500,,hotspot50,cv,1.3902492182658797,ratio,valid
E001-v2,tuning,E,e-s120-gradient-p1-b070-rejection128,tuning-grid-imbalanced-n4500,,hotspot50,max,67.0,count,valid
E001-v2,tuning,E,e-s120-gradient-p1-b070-rejection128,tuning-grid-imbalanced-n4500,,hotspot50,p99,53.0,count,valid
E001-v2,tuning,E,e-s120-gradient-p1-b070-rejection128,tuning-grid-imbalanced-n4500,,neighbors10,value,2.808,count,valid
E001-v2,tuning,E,e-s120-gradient-p1-b070-rejection128,tuning-grid-imbalanced-n4500,,proximity16,value,0.9457777777777778,ratio,valid
E001-v2,tuning,E,e-s120-gradient-p1-b070-rejection128,tuning-grid-imbalanced-n4500,,proximity24,value,0.984,ratio,valid
E001-v2,tuning,E,e-s120-gradient-p1-b070-rejection128,tuning-grid-imbalanced-n4500,,proximity8,value,0.7166666666666667,ratio,valid
E001-v2,tuning,E,e-s120-gradient-p1-b070-rejection128,tuning-grid-imbalanced-n4500,,radius,max.max,258.056295668152,m,valid
E001-v2,tuning,E,e-s120-gradient-p1-b070-rejection128,tuning-grid-imbalanced-n4500,,radius,max.median,250.90877098549203,m,valid
E001-v2,tuning,E,e-s120-gradient-p1-b070-rejection128,tuning-grid-imbalanced-n4500,,radius,max.min,244.27158074725745,m,valid
E001-v2,tuning,E,e-s120-gradient-p1-b070-rejection128,tuning-grid-imbalanced-n4500,,radius,p50.max,99.35732243622516,m,valid
E001-v2,tuning,E,e-s120-gradient-p1-b070-rejection128,tuning-grid-imbalanced-n4500,,radius,p50.median,98.21722791732142,m,valid
E001-v2,tuning,E,e-s120-gradient-p1-b070-rejection128,tuning-grid-imbalanced-n4500,,radius,p50.min,92.49543850742187,m,valid
E001-v2,tuning,E,e-s120-gradient-p1-b070-rejection128,tuning-grid-imbalanced-n4500,,radius,p95.max,191.08904605731658,m,valid
E001-v2,tuning,E,e-s120-gradient-p1-b070-rejection128,tuning-grid-imbalanced-n4500,,radius,p95.median,188.15993182553464,m,valid
E001-v2,tuning,E,e-s120-gradient-p1-b070-rejection128,tuning-grid-imbalanced-n4500,,radius,p95.min,185.93536691006,m,valid
E001-v2,tuning,E,e-s120-gradient-p1-b070-rejection128,tuning-grid-imbalanced-n4500,,radius,p99.max,229.78719550841694,m,valid
E001-v2,tuning,E,e-s120-gradient-p1-b070-rejection128,tuning-grid-imbalanced-n4500,,radius,p99.median,223.44074307744322,m,valid
E001-v2,tuning,E,e-s120-gradient-p1-b070-rejection128,tuning-grid-imbalanced-n4500,,radius,p99.min,221.04804345395232,m,valid
E001-v2,tuning,E,e-s120-gradient-p1-b070-rejection128,tuning-grid-imbalanced-n4500,,radius,violations.max,0.0,count,valid
E001-v2,tuning,E,e-s120-gradient-p1-b070-rejection128,tuning-grid-imbalanced-n4500,,radius,violations.median,0.0,count,valid
E001-v2,tuning,E,e-s120-gradient-p1-b070-rejection128,tuning-grid-imbalanced-n4500,,radius,violations.min,0.0,count,valid
E001-v2,tuning,E,e-s120-gradient-p1-b070-rejection128,tuning-grid-imbalanced-n4500,,samplerFailureCount,value,0.0,count,valid
E001-v2,tuning,E,e-s120-gradient-p1-b070-rejection128,tuning-grid-imbalanced-n4500,,seam300,max,0.6848868778280544,ratio,valid
E001-v2,tuning,E,e-s120-gradient-p1-b070-rejection128,tuning-grid-imbalanced-n4500,,seam300,median,0.3150594574507618,ratio,valid
E001-v2,tuning,E,e-s120-gradient-p1-b070-rejection128,tuning-grid-imbalanced-n4500,,seam300,min,0.1547342995169082,ratio,valid
E001-v2,tuning,E,e-s120-gradient-p1-b070-rejection128,tuning-grid-imbalanced-n4500,2026090601,a4,value,0.0,ratio,valid
E001-v2,tuning,E,e-s120-gradient-p1-b070-rejection128,tuning-grid-imbalanced-n4500,2026090601,radius,max,248.66016807626067,m,valid
E001-v2,tuning,E,e-s120-gradient-p1-b070-rejection128,tuning-grid-imbalanced-n4500,2026090601,radius,p50,92.49543850742187,m,valid
E001-v2,tuning,E,e-s120-gradient-p1-b070-rejection128,tuning-grid-imbalanced-n4500,2026090601,radius,p95,191.08904605731658,m,valid
E001-v2,tuning,E,e-s120-gradient-p1-b070-rejection128,tuning-grid-imbalanced-n4500,2026090601,radius,p99,227.83961154505934,m,valid
E001-v2,tuning,E,e-s120-gradient-p1-b070-rejection128,tuning-grid-imbalanced-n4500,2026090601,radius,violations,0.0,count,valid
E001-v2,tuning,E,e-s120-gradient-p1-b070-rejection128,tuning-grid-imbalanced-n4500,2026090601,seam300,value,0.20681818181818182,ratio,valid
E001-v2,tuning,E,e-s120-gradient-p1-b070-rejection128,tuning-grid-imbalanced-n4500,2026090602,a4,value,0.023369886716925404,ratio,valid
E001-v2,tuning,E,e-s120-gradient-p1-b070-rejection128,tuning-grid-imbalanced-n4500,2026090602,radius,max,244.27158074725745,m,valid
E001-v2,tuning,E,e-s120-gradient-p1-b070-rejection128,tuning-grid-imbalanced-n4500,2026090602,radius,p50,98.21722791732142,m,valid
E001-v2,tuning,E,e-s120-gradient-p1-b070-rejection128,tuning-grid-imbalanced-n4500,2026090602,radius,p95,188.58283854968937,m,valid
E001-v2,tuning,E,e-s120-gradient-p1-b070-rejection128,tuning-grid-imbalanced-n4500,2026090602,radius,p99,223.44074307744322,m,valid
E001-v2,tuning,E,e-s120-gradient-p1-b070-rejection128,tuning-grid-imbalanced-n4500,2026090602,radius,violations,0.0,count,valid
E001-v2,tuning,E,e-s120-gradient-p1-b070-rejection128,tuning-grid-imbalanced-n4500,2026090602,seam300,value,0.3150594574507618,ratio,valid
E001-v2,tuning,E,e-s120-gradient-p1-b070-rejection128,tuning-grid-imbalanced-n4500,2026090603,a4,value,0.0,ratio,valid
E001-v2,tuning,E,e-s120-gradient-p1-b070-rejection128,tuning-grid-imbalanced-n4500,2026090603,radius,max,258.056295668152,m,valid
E001-v2,tuning,E,e-s120-gradient-p1-b070-rejection128,tuning-grid-imbalanced-n4500,2026090603,radius,p50,99.35732243622516,m,valid
E001-v2,tuning,E,e-s120-gradient-p1-b070-rejection128,tuning-grid-imbalanced-n4500,2026090603,radius,p95,187.939597627514,m,valid
E001-v2,tuning,E,e-s120-gradient-p1-b070-rejection128,tuning-grid-imbalanced-n4500,2026090603,radius,p99,222.71961415067662,m,valid
E001-v2,tuning,E,e-s120-gradient-p1-b070-rejection128,tuning-grid-imbalanced-n4500,2026090603,radius,violations,0.0,count,valid
E001-v2,tuning,E,e-s120-gradient-p1-b070-rejection128,tuning-grid-imbalanced-n4500,2026090603,seam300,value,0.328777533740769,ratio,valid
E001-v2,tuning,E,e-s120-gradient-p1-b070-rejection128,tuning-grid-imbalanced-n4500,2026090604,a4,value,0.0,ratio,valid
E001-v2,tuning,E,e-s120-gradient-p1-b070-rejection128,tuning-grid-imbalanced-n4500,2026090604,radius,max,250.90877098549203,m,valid
E001-v2,tuning,E,e-s120-gradient-p1-b070-rejection128,tuning-grid-imbalanced-n4500,2026090604,radius,p50,98.58686358180958,m,valid
E001-v2,tuning,E,e-s120-gradient-p1-b070-rejection128,tuning-grid-imbalanced-n4500,2026090604,radius,p95,185.93536691006,m,valid
E001-v2,tuning,E,e-s120-gradient-p1-b070-rejection128,tuning-grid-imbalanced-n4500,2026090604,radius,p99,229.78719550841694,m,valid
E001-v2,tuning,E,e-s120-gradient-p1-b070-rejection128,tuning-grid-imbalanced-n4500,2026090604,radius,violations,0.0,count,valid
E001-v2,tuning,E,e-s120-gradient-p1-b070-rejection128,tuning-grid-imbalanced-n4500,2026090604,seam300,value,0.6848868778280544,ratio,valid
E001-v2,tuning,E,e-s120-gradient-p1-b070-rejection128,tuning-grid-imbalanced-n4500,2026090605,a4,value,0.0,ratio,valid
E001-v2,tuning,E,e-s120-gradient-p1-b070-rejection128,tuning-grid-imbalanced-n4500,2026090605,radius,max,252.75942696741177,m,valid
E001-v2,tuning,E,e-s120-gradient-p1-b070-rejection128,tuning-grid-imbalanced-n4500,2026090605,radius,p50,96.80049546247321,m,valid
E001-v2,tuning,E,e-s120-gradient-p1-b070-rejection128,tuning-grid-imbalanced-n4500,2026090605,radius,p95,188.15993182553464,m,valid
E001-v2,tuning,E,e-s120-gradient-p1-b070-rejection128,tuning-grid-imbalanced-n4500,2026090605,radius,p99,221.04804345395232,m,valid
E001-v2,tuning,E,e-s120-gradient-p1-b070-rejection128,tuning-grid-imbalanced-n4500,2026090605,radius,violations,0.0,count,valid
E001-v2,tuning,E,e-s120-gradient-p1-b070-rejection128,tuning-grid-imbalanced-n4500,2026090605,seam300,value,0.1547342995169082,ratio,valid
E001-v2,tuning,E,e-s120-gradient-p1-b070-rejection128,tuning-single-n500,,a4,max,0.11970663954461151,ratio,valid
E001-v2,tuning,E,e-s120-gradient-p1-b070-rejection128,tuning-single-n500,,a4,median,0.031134284365423388,ratio,valid
E001-v2,tuning,E,e-s120-gradient-p1-b070-rejection128,tuning-single-n500,,a4,min,0.0,ratio,valid
E001-v2,tuning,E,e-s120-gradient-p1-b070-rejection128,tuning-single-n500,,hotspot50,cv,1.8759786779172107,ratio,valid
E001-v2,tuning,E,e-s120-gradient-p1-b070-rejection128,tuning-single-n500,,hotspot50,max,31.0,count,valid
E001-v2,tuning,E,e-s120-gradient-p1-b070-rejection128,tuning-single-n500,,hotspot50,p99,29.0,count,valid
E001-v2,tuning,E,e-s120-gradient-p1-b070-rejection128,tuning-single-n500,,neighbors10,value,1.876,count,valid
E001-v2,tuning,E,e-s120-gradient-p1-b070-rejection128,tuning-single-n500,,proximity16,value,0.904,ratio,valid
E001-v2,tuning,E,e-s120-gradient-p1-b070-rejection128,tuning-single-n500,,proximity24,value,0.958,ratio,valid
E001-v2,tuning,E,e-s120-gradient-p1-b070-rejection128,tuning-single-n500,,proximity8,value,0.636,ratio,valid
E001-v2,tuning,E,e-s120-gradient-p1-b070-rejection128,tuning-single-n500,,radialKs,max,0.09000000000000008,ratio,valid
E001-v2,tuning,E,e-s120-gradient-p1-b070-rejection128,tuning-single-n500,,radialKs,median,0.08999999999999997,ratio,valid
E001-v2,tuning,E,e-s120-gradient-p1-b070-rejection128,tuning-single-n500,,radialKs,min,0.06999999999999995,ratio,valid
E001-v2,tuning,E,e-s120-gradient-p1-b070-rejection128,tuning-single-n500,,radius,max.max,264.38477759912854,m,valid
E001-v2,tuning,E,e-s120-gradient-p1-b070-rejection128,tuning-single-n500,,radius,max.median,238.23494327121574,m,valid
E001-v2,tuning,E,e-s120-gradient-p1-b070-rejection128,tuning-single-n500,,radius,max.min,199.31537015770854,m,valid
E001-v2,tuning,E,e-s120-gradient-p1-b070-rejection128,tuning-single-n500,,radius,p50.max,109.26083947653413,m,valid
E001-v2,tuning,E,e-s120-gradient-p1-b070-rejection128,tuning-single-n500,,radius,p50.median,98.30664211842901,m,valid
E001-v2,tuning,E,e-s120-gradient-p1-b070-rejection128,tuning-single-n500,,radius,p50.min,88.66007492325413,m,valid
E001-v2,tuning,E,e-s120-gradient-p1-b070-rejection128,tuning-single-n500,,radius,p95.max,207.4092427342861,m,valid
E001-v2,tuning,E,e-s120-gradient-p1-b070-rejection128,tuning-single-n500,,radius,p95.median,188.62070175715172,m,valid
E001-v2,tuning,E,e-s120-gradient-p1-b070-rejection128,tuning-single-n500,,radius,p95.min,173.03128808863778,m,valid
E001-v2,tuning,E,e-s120-gradient-p1-b070-rejection128,tuning-single-n500,,radius,p99.max,245.9698003969161,m,valid
E001-v2,tuning,E,e-s120-gradient-p1-b070-rejection128,tuning-single-n500,,radius,p99.median,226.56651716302218,m,valid
E001-v2,tuning,E,e-s120-gradient-p1-b070-rejection128,tuning-single-n500,,radius,p99.min,199.00372354763806,m,valid
E001-v2,tuning,E,e-s120-gradient-p1-b070-rejection128,tuning-single-n500,,radius,violations.max,0.0,count,valid
E001-v2,tuning,E,e-s120-gradient-p1-b070-rejection128,tuning-single-n500,,radius,violations.median,0.0,count,valid
E001-v2,tuning,E,e-s120-gradient-p1-b070-rejection128,tuning-single-n500,,radius,violations.min,0.0,count,valid
E001-v2,tuning,E,e-s120-gradient-p1-b070-rejection128,tuning-single-n500,,samplerFailureCount,value,0.0,count,valid
E001-v2,tuning,E,e-s120-gradient-p1-b070-rejection128,tuning-single-n500,,seam300,max,1.1166666666666667,ratio,valid
E001-v2,tuning,E,e-s120-gradient-p1-b070-rejection128,tuning-single-n500,,seam300,median,0.9083333333333333,ratio,valid
E001-v2,tuning,E,e-s120-gradient-p1-b070-rejection128,tuning-single-n500,,seam300,min,0.45,ratio,valid
E001-v2,tuning,E,e-s120-gradient-p1-b070-rejection128,tuning-single-n500,2026090601,a4,value,0.11970663954461151,ratio,valid
E001-v2,tuning,E,e-s120-gradient-p1-b070-rejection128,tuning-single-n500,2026090601,radialKs,value,0.09000000000000008,ratio,valid
E001-v2,tuning,E,e-s120-gradient-p1-b070-rejection128,tuning-single-n500,2026090601,radius,max,264.38477759912854,m,valid
E001-v2,tuning,E,e-s120-gradient-p1-b070-rejection128,tuning-single-n500,2026090601,radius,p50,101.05580567666554,m,valid
E001-v2,tuning,E,e-s120-gradient-p1-b070-rejection128,tuning-single-n500,2026090601,radius,p95,203.46272129503188,m,valid
E001-v2,tuning,E,e-s120-gradient-p1-b070-rejection128,tuning-single-n500,2026090601,radius,p99,245.9698003969161,m,valid
E001-v2,tuning,E,e-s120-gradient-p1-b070-rejection128,tuning-single-n500,2026090601,radius,violations,0.0,count,valid
E001-v2,tuning,E,e-s120-gradient-p1-b070-rejection128,tuning-single-n500,2026090601,seam300,value,0.9583333333333333,ratio,valid
E001-v2,tuning,E,e-s120-gradient-p1-b070-rejection128,tuning-single-n500,2026090602,a4,value,0.06516232688422997,ratio,valid
E001-v2,tuning,E,e-s120-gradient-p1-b070-rejection128,tuning-single-n500,2026090602,radialKs,value,0.08999999999999997,ratio,valid
E001-v2,tuning,E,e-s120-gradient-p1-b070-rejection128,tuning-single-n500,2026090602,radius,max,225.19461230184413,m,valid
E001-v2,tuning,E,e-s120-gradient-p1-b070-rejection128,tuning-single-n500,2026090602,radius,p50,109.26083947653413,m,valid
E001-v2,tuning,E,e-s120-gradient-p1-b070-rejection128,tuning-single-n500,2026090602,radius,p95,207.4092427342861,m,valid
E001-v2,tuning,E,e-s120-gradient-p1-b070-rejection128,tuning-single-n500,2026090602,radius,p99,219.53699942768847,m,valid
E001-v2,tuning,E,e-s120-gradient-p1-b070-rejection128,tuning-single-n500,2026090602,radius,violations,0.0,count,valid
E001-v2,tuning,E,e-s120-gradient-p1-b070-rejection128,tuning-single-n500,2026090602,seam300,value,0.45,ratio,valid
E001-v2,tuning,E,e-s120-gradient-p1-b070-rejection128,tuning-single-n500,2026090603,a4,value,0.0,ratio,valid
E001-v2,tuning,E,e-s120-gradient-p1-b070-rejection128,tuning-single-n500,2026090603,radialKs,value,0.06999999999999995,ratio,valid
E001-v2,tuning,E,e-s120-gradient-p1-b070-rejection128,tuning-single-n500,2026090603,radius,max,238.23494327121574,m,valid
E001-v2,tuning,E,e-s120-gradient-p1-b070-rejection128,tuning-single-n500,2026090603,radius,p50,94.80033341650284,m,valid
E001-v2,tuning,E,e-s120-gradient-p1-b070-rejection128,tuning-single-n500,2026090603,radius,p95,188.62070175715172,m,valid
E001-v2,tuning,E,e-s120-gradient-p1-b070-rejection128,tuning-single-n500,2026090603,radius,p99,226.56651716302218,m,valid
E001-v2,tuning,E,e-s120-gradient-p1-b070-rejection128,tuning-single-n500,2026090603,radius,violations,0.0,count,valid
E001-v2,tuning,E,e-s120-gradient-p1-b070-rejection128,tuning-single-n500,2026090603,seam300,value,0.9083333333333333,ratio,valid
E001-v2,tuning,E,e-s120-gradient-p1-b070-rejection128,tuning-single-n500,2026090604,a4,value,0.031134284365423388,ratio,valid
E001-v2,tuning,E,e-s120-gradient-p1-b070-rejection128,tuning-single-n500,2026090604,radialKs,value,0.09000000000000008,ratio,valid
E001-v2,tuning,E,e-s120-gradient-p1-b070-rejection128,tuning-single-n500,2026090604,radius,max,244.22736603681926,m,valid
E001-v2,tuning,E,e-s120-gradient-p1-b070-rejection128,tuning-single-n500,2026090604,radius,p50,88.66007492325413,m,valid
E001-v2,tuning,E,e-s120-gradient-p1-b070-rejection128,tuning-single-n500,2026090604,radius,p95,173.03128808863778,m,valid
E001-v2,tuning,E,e-s120-gradient-p1-b070-rejection128,tuning-single-n500,2026090604,radius,p99,232.8816108101641,m,valid
E001-v2,tuning,E,e-s120-gradient-p1-b070-rejection128,tuning-single-n500,2026090604,radius,violations,0.0,count,valid
E001-v2,tuning,E,e-s120-gradient-p1-b070-rejection128,tuning-single-n500,2026090604,seam300,value,1.1166666666666667,ratio,valid
E001-v2,tuning,E,e-s120-gradient-p1-b070-rejection128,tuning-single-n500,2026090605,a4,value,0.0,ratio,valid
E001-v2,tuning,E,e-s120-gradient-p1-b070-rejection128,tuning-single-n500,2026090605,radialKs,value,0.08000000000000002,ratio,valid
E001-v2,tuning,E,e-s120-gradient-p1-b070-rejection128,tuning-single-n500,2026090605,radius,max,199.31537015770854,m,valid
E001-v2,tuning,E,e-s120-gradient-p1-b070-rejection128,tuning-single-n500,2026090605,radius,p50,98.30664211842901,m,valid
E001-v2,tuning,E,e-s120-gradient-p1-b070-rejection128,tuning-single-n500,2026090605,radius,p95,180.56416029603267,m,valid
E001-v2,tuning,E,e-s120-gradient-p1-b070-rejection128,tuning-single-n500,2026090605,radius,p99,199.00372354763806,m,valid
E001-v2,tuning,E,e-s120-gradient-p1-b070-rejection128,tuning-single-n500,2026090605,radius,violations,0.0,count,valid
E001-v2,tuning,E,e-s120-gradient-p1-b070-rejection128,tuning-single-n500,2026090605,seam300,value,0.5928571428571429,ratio,valid
E001-v2,tuning,E,e-s120-gradient-p1-b070-sir16,tuning-grid-imbalanced-n4500,,a4,max,0.021986917633219905,ratio,valid
E001-v2,tuning,E,e-s120-gradient-p1-b070-sir16,tuning-grid-imbalanced-n4500,,a4,median,0.0,ratio,valid
E001-v2,tuning,E,e-s120-gradient-p1-b070-sir16,tuning-grid-imbalanced-n4500,,a4,min,0.0,ratio,valid
E001-v2,tuning,E,e-s120-gradient-p1-b070-sir16,tuning-grid-imbalanced-n4500,,hotspot50,cv,1.380743760925007,ratio,valid
E001-v2,tuning,E,e-s120-gradient-p1-b070-sir16,tuning-grid-imbalanced-n4500,,hotspot50,max,68.0,count,valid
E001-v2,tuning,E,e-s120-gradient-p1-b070-sir16,tuning-grid-imbalanced-n4500,,hotspot50,p99,51.0,count,valid
E001-v2,tuning,E,e-s120-gradient-p1-b070-sir16,tuning-grid-imbalanced-n4500,,neighbors10,value,2.7822222222222224,count,valid
E001-v2,tuning,E,e-s120-gradient-p1-b070-sir16,tuning-grid-imbalanced-n4500,,proximity16,value,0.9531111111111111,ratio,valid
E001-v2,tuning,E,e-s120-gradient-p1-b070-sir16,tuning-grid-imbalanced-n4500,,proximity24,value,0.9875555555555555,ratio,valid
E001-v2,tuning,E,e-s120-gradient-p1-b070-sir16,tuning-grid-imbalanced-n4500,,proximity8,value,0.7215555555555555,ratio,valid
E001-v2,tuning,E,e-s120-gradient-p1-b070-sir16,tuning-grid-imbalanced-n4500,,radius,max.max,260.6950340978667,m,valid
E001-v2,tuning,E,e-s120-gradient-p1-b070-sir16,tuning-grid-imbalanced-n4500,,radius,max.median,247.52346658635568,m,valid
E001-v2,tuning,E,e-s120-gradient-p1-b070-sir16,tuning-grid-imbalanced-n4500,,radius,max.min,239.14085004569603,m,valid
E001-v2,tuning,E,e-s120-gradient-p1-b070-sir16,tuning-grid-imbalanced-n4500,,radius,p50.max,98.88617184144881,m,valid
E001-v2,tuning,E,e-s120-gradient-p1-b070-sir16,tuning-grid-imbalanced-n4500,,radius,p50.median,97.032209507094,m,valid
E001-v2,tuning,E,e-s120-gradient-p1-b070-sir16,tuning-grid-imbalanced-n4500,,radius,p50.min,94.14031403962517,m,valid
E001-v2,tuning,E,e-s120-gradient-p1-b070-sir16,tuning-grid-imbalanced-n4500,,radius,p95.max,192.71654178768458,m,valid
E001-v2,tuning,E,e-s120-gradient-p1-b070-sir16,tuning-grid-imbalanced-n4500,,radius,p95.median,189.5091292103474,m,valid
E001-v2,tuning,E,e-s120-gradient-p1-b070-sir16,tuning-grid-imbalanced-n4500,,radius,p95.min,186.54353120528302,m,valid
E001-v2,tuning,E,e-s120-gradient-p1-b070-sir16,tuning-grid-imbalanced-n4500,,radius,p99.max,231.0728425974724,m,valid
E001-v2,tuning,E,e-s120-gradient-p1-b070-sir16,tuning-grid-imbalanced-n4500,,radius,p99.median,220.30548091949737,m,valid
E001-v2,tuning,E,e-s120-gradient-p1-b070-sir16,tuning-grid-imbalanced-n4500,,radius,p99.min,216.40462367819475,m,valid
E001-v2,tuning,E,e-s120-gradient-p1-b070-sir16,tuning-grid-imbalanced-n4500,,radius,violations.max,0.0,count,valid
E001-v2,tuning,E,e-s120-gradient-p1-b070-sir16,tuning-grid-imbalanced-n4500,,radius,violations.median,0.0,count,valid
E001-v2,tuning,E,e-s120-gradient-p1-b070-sir16,tuning-grid-imbalanced-n4500,,radius,violations.min,0.0,count,valid
E001-v2,tuning,E,e-s120-gradient-p1-b070-sir16,tuning-grid-imbalanced-n4500,,samplerFailureCount,value,0.0,count,valid
E001-v2,tuning,E,e-s120-gradient-p1-b070-sir16,tuning-grid-imbalanced-n4500,,seam300,max,0.640359477124183,ratio,valid
E001-v2,tuning,E,e-s120-gradient-p1-b070-sir16,tuning-grid-imbalanced-n4500,,seam300,median,0.43404183535762486,ratio,valid
E001-v2,tuning,E,e-s120-gradient-p1-b070-sir16,tuning-grid-imbalanced-n4500,,seam300,min,0.25451649958228906,ratio,valid
E001-v2,tuning,E,e-s120-gradient-p1-b070-sir16,tuning-grid-imbalanced-n4500,2026090601,a4,value,0.014024467819747933,ratio,valid
E001-v2,tuning,E,e-s120-gradient-p1-b070-sir16,tuning-grid-imbalanced-n4500,2026090601,radius,max,260.40206622840856,m,valid
E001-v2,tuning,E,e-s120-gradient-p1-b070-sir16,tuning-grid-imbalanced-n4500,2026090601,radius,p50,94.14031403962517,m,valid
E001-v2,tuning,E,e-s120-gradient-p1-b070-sir16,tuning-grid-imbalanced-n4500,2026090601,radius,p95,192.71654178768458,m,valid
E001-v2,tuning,E,e-s120-gradient-p1-b070-sir16,tuning-grid-imbalanced-n4500,2026090601,radius,p99,231.0728425974724,m,valid
E001-v2,tuning,E,e-s120-gradient-p1-b070-sir16,tuning-grid-imbalanced-n4500,2026090601,radius,violations,0.0,count,valid
E001-v2,tuning,E,e-s120-gradient-p1-b070-sir16,tuning-grid-imbalanced-n4500,2026090601,seam300,value,0.28431372549019607,ratio,valid
E001-v2,tuning,E,e-s120-gradient-p1-b070-sir16,tuning-grid-imbalanced-n4500,2026090602,a4,value,0.0,ratio,valid
E001-v2,tuning,E,e-s120-gradient-p1-b070-sir16,tuning-grid-imbalanced-n4500,2026090602,radius,max,247.52346658635568,m,valid
E001-v2,tuning,E,e-s120-gradient-p1-b070-sir16,tuning-grid-imbalanced-n4500,2026090602,radius,p50,97.032209507094,m,valid
E001-v2,tuning,E,e-s120-gradient-p1-b070-sir16,tuning-grid-imbalanced-n4500,2026090602,radius,p95,189.5091292103474,m,valid
E001-v2,tuning,E,e-s120-gradient-p1-b070-sir16,tuning-grid-imbalanced-n4500,2026090602,radius,p99,216.40462367819475,m,valid
E001-v2,tuning,E,e-s120-gradient-p1-b070-sir16,tuning-grid-imbalanced-n4500,2026090602,radius,violations,0.0,count,valid
E001-v2,tuning,E,e-s120-gradient-p1-b070-sir16,tuning-grid-imbalanced-n4500,2026090602,seam300,value,0.640359477124183,ratio,valid
E001-v2,tuning,E,e-s120-gradient-p1-b070-sir16,tuning-grid-imbalanced-n4500,2026090603,a4,value,0.021986917633219905,ratio,valid
E001-v2,tuning,E,e-s120-gradient-p1-b070-sir16,tuning-grid-imbalanced-n4500,2026090603,radius,max,239.14085004569603,m,valid
E001-v2,tuning,E,e-s120-gradient-p1-b070-sir16,tuning-grid-imbalanced-n4500,2026090603,radius,p50,98.88617184144881,m,valid
E001-v2,tuning,E,e-s120-gradient-p1-b070-sir16,tuning-grid-imbalanced-n4500,2026090603,radius,p95,191.95209675106088,m,valid
E001-v2,tuning,E,e-s120-gradient-p1-b070-sir16,tuning-grid-imbalanced-n4500,2026090603,radius,p99,219.3590706210696,m,valid
E001-v2,tuning,E,e-s120-gradient-p1-b070-sir16,tuning-grid-imbalanced-n4500,2026090603,radius,violations,0.0,count,valid
E001-v2,tuning,E,e-s120-gradient-p1-b070-sir16,tuning-grid-imbalanced-n4500,2026090603,seam300,value,0.44743589743589746,ratio,valid
E001-v2,tuning,E,e-s120-gradient-p1-b070-sir16,tuning-grid-imbalanced-n4500,2026090604,a4,value,0.0,ratio,valid
E001-v2,tuning,E,e-s120-gradient-p1-b070-sir16,tuning-grid-imbalanced-n4500,2026090604,radius,max,260.6950340978667,m,valid
E001-v2,tuning,E,e-s120-gradient-p1-b070-sir16,tuning-grid-imbalanced-n4500,2026090604,radius,p50,95.44632733204236,m,valid
E001-v2,tuning,E,e-s120-gradient-p1-b070-sir16,tuning-grid-imbalanced-n4500,2026090604,radius,p95,186.54353120528302,m,valid
E001-v2,tuning,E,e-s120-gradient-p1-b070-sir16,tuning-grid-imbalanced-n4500,2026090604,radius,p99,220.51463007064805,m,valid
E001-v2,tuning,E,e-s120-gradient-p1-b070-sir16,tuning-grid-imbalanced-n4500,2026090604,radius,violations,0.0,count,valid
E001-v2,tuning,E,e-s120-gradient-p1-b070-sir16,tuning-grid-imbalanced-n4500,2026090604,seam300,value,0.43404183535762486,ratio,valid
E001-v2,tuning,E,e-s120-gradient-p1-b070-sir16,tuning-grid-imbalanced-n4500,2026090605,a4,value,0.0,ratio,valid
E001-v2,tuning,E,e-s120-gradient-p1-b070-sir16,tuning-grid-imbalanced-n4500,2026090605,radius,max,244.5268507516374,m,valid
E001-v2,tuning,E,e-s120-gradient-p1-b070-sir16,tuning-grid-imbalanced-n4500,2026090605,radius,p50,98.66213945737955,m,valid
E001-v2,tuning,E,e-s120-gradient-p1-b070-sir16,tuning-grid-imbalanced-n4500,2026090605,radius,p95,189.04450910675527,m,valid
E001-v2,tuning,E,e-s120-gradient-p1-b070-sir16,tuning-grid-imbalanced-n4500,2026090605,radius,p99,220.30548091949737,m,valid
E001-v2,tuning,E,e-s120-gradient-p1-b070-sir16,tuning-grid-imbalanced-n4500,2026090605,radius,violations,0.0,count,valid
E001-v2,tuning,E,e-s120-gradient-p1-b070-sir16,tuning-grid-imbalanced-n4500,2026090605,seam300,value,0.25451649958228906,ratio,valid
E001-v2,tuning,E,e-s120-gradient-p1-b070-sir16,tuning-single-n500,,a4,max,0.0,ratio,valid
E001-v2,tuning,E,e-s120-gradient-p1-b070-sir16,tuning-single-n500,,a4,median,0.0,ratio,valid
E001-v2,tuning,E,e-s120-gradient-p1-b070-sir16,tuning-single-n500,,a4,min,0.0,ratio,valid
E001-v2,tuning,E,e-s120-gradient-p1-b070-sir16,tuning-single-n500,,hotspot50,cv,1.8599440851810598,ratio,valid
E001-v2,tuning,E,e-s120-gradient-p1-b070-sir16,tuning-single-n500,,hotspot50,max,28.0,count,valid
E001-v2,tuning,E,e-s120-gradient-p1-b070-sir16,tuning-single-n500,,hotspot50,p99,28.0,count,valid
E001-v2,tuning,E,e-s120-gradient-p1-b070-sir16,tuning-single-n500,,neighbors10,value,1.828,count,valid
E001-v2,tuning,E,e-s120-gradient-p1-b070-sir16,tuning-single-n500,,proximity16,value,0.92,ratio,valid
E001-v2,tuning,E,e-s120-gradient-p1-b070-sir16,tuning-single-n500,,proximity24,value,0.956,ratio,valid
E001-v2,tuning,E,e-s120-gradient-p1-b070-sir16,tuning-single-n500,,proximity8,value,0.644,ratio,valid
E001-v2,tuning,E,e-s120-gradient-p1-b070-sir16,tuning-single-n500,,radialKs,max,0.14999999999999997,ratio,valid
E001-v2,tuning,E,e-s120-gradient-p1-b070-sir16,tuning-single-n500,,radialKs,median,0.10999999999999999,ratio,valid
E001-v2,tuning,E,e-s120-gradient-p1-b070-sir16,tuning-single-n500,,radialKs,min,0.06999999999999995,ratio,valid
E001-v2,tuning,E,e-s120-gradient-p1-b070-sir16,tuning-single-n500,,radius,max.max,247.39011235907736,m,valid
E001-v2,tuning,E,e-s120-gradient-p1-b070-sir16,tuning-single-n500,,radius,max.median,233.6280045284237,m,valid
E001-v2,tuning,E,e-s120-gradient-p1-b070-sir16,tuning-single-n500,,radius,max.min,218.38416879174773,m,valid
E001-v2,tuning,E,e-s120-gradient-p1-b070-sir16,tuning-single-n500,,radius,p50.max,107.68085359736322,m,valid
E001-v2,tuning,E,e-s120-gradient-p1-b070-sir16,tuning-single-n500,,radius,p50.median,94.41099450755911,m,valid
E001-v2,tuning,E,e-s120-gradient-p1-b070-sir16,tuning-single-n500,,radius,p50.min,89.19736028632437,m,valid
E001-v2,tuning,E,e-s120-gradient-p1-b070-sir16,tuning-single-n500,,radius,p95.max,196.47906193917717,m,valid
E001-v2,tuning,E,e-s120-gradient-p1-b070-sir16,tuning-single-n500,,radius,p95.median,193.964723194151,m,valid
E001-v2,tuning,E,e-s120-gradient-p1-b070-sir16,tuning-single-n500,,radius,p95.min,183.56606697465295,m,valid
E001-v2,tuning,E,e-s120-gradient-p1-b070-sir16,tuning-single-n500,,radius,p99.max,233.09654236074596,m,valid
E001-v2,tuning,E,e-s120-gradient-p1-b070-sir16,tuning-single-n500,,radius,p99.median,206.1484834889502,m,valid
E001-v2,tuning,E,e-s120-gradient-p1-b070-sir16,tuning-single-n500,,radius,p99.min,194.70052355916567,m,valid
E001-v2,tuning,E,e-s120-gradient-p1-b070-sir16,tuning-single-n500,,radius,violations.max,0.0,count,valid
E001-v2,tuning,E,e-s120-gradient-p1-b070-sir16,tuning-single-n500,,radius,violations.median,0.0,count,valid
E001-v2,tuning,E,e-s120-gradient-p1-b070-sir16,tuning-single-n500,,radius,violations.min,0.0,count,valid
E001-v2,tuning,E,e-s120-gradient-p1-b070-sir16,tuning-single-n500,,samplerFailureCount,value,0.0,count,valid
E001-v2,tuning,E,e-s120-gradient-p1-b070-sir16,tuning-single-n500,,seam300,max,1.1166666666666665,ratio,valid
E001-v2,tuning,E,e-s120-gradient-p1-b070-sir16,tuning-single-n500,,seam300,median,0.825,ratio,valid
E001-v2,tuning,E,e-s120-gradient-p1-b070-sir16,tuning-single-n500,,seam300,min,0.6583333333333333,ratio,valid
E001-v2,tuning,E,e-s120-gradient-p1-b070-sir16,tuning-single-n500,2026090601,a4,value,0.0,ratio,valid
E001-v2,tuning,E,e-s120-gradient-p1-b070-sir16,tuning-single-n500,2026090601,radialKs,value,0.14999999999999997,ratio,valid
E001-v2,tuning,E,e-s120-gradient-p1-b070-sir16,tuning-single-n500,2026090601,radius,max,228.4353096608731,m,valid
E001-v2,tuning,E,e-s120-gradient-p1-b070-sir16,tuning-single-n500,2026090601,radius,p50,91.86000583028225,m,valid
E001-v2,tuning,E,e-s120-gradient-p1-b070-sir16,tuning-single-n500,2026090601,radius,p95,196.47906193917717,m,valid
E001-v2,tuning,E,e-s120-gradient-p1-b070-sir16,tuning-single-n500,2026090601,radius,p99,203.72780584614486,m,valid
E001-v2,tuning,E,e-s120-gradient-p1-b070-sir16,tuning-single-n500,2026090601,radius,violations,0.0,count,valid
E001-v2,tuning,E,e-s120-gradient-p1-b070-sir16,tuning-single-n500,2026090601,seam300,value,0.6583333333333333,ratio,valid
E001-v2,tuning,E,e-s120-gradient-p1-b070-sir16,tuning-single-n500,2026090602,a4,value,0.0,ratio,valid
E001-v2,tuning,E,e-s120-gradient-p1-b070-sir16,tuning-single-n500,2026090602,radialKs,value,0.10999999999999999,ratio,valid
E001-v2,tuning,E,e-s120-gradient-p1-b070-sir16,tuning-single-n500,2026090602,radius,max,247.39011235907736,m,valid
E001-v2,tuning,E,e-s120-gradient-p1-b070-sir16,tuning-single-n500,2026090602,radius,p50,103.85292948896601,m,valid
E001-v2,tuning,E,e-s120-gradient-p1-b070-sir16,tuning-single-n500,2026090602,radius,p95,196.40409126035618,m,valid
E001-v2,tuning,E,e-s120-gradient-p1-b070-sir16,tuning-single-n500,2026090602,radius,p99,206.1484834889502,m,valid
E001-v2,tuning,E,e-s120-gradient-p1-b070-sir16,tuning-single-n500,2026090602,radius,violations,0.0,count,valid
E001-v2,tuning,E,e-s120-gradient-p1-b070-sir16,tuning-single-n500,2026090602,seam300,value,0.8333333333333333,ratio,valid
E001-v2,tuning,E,e-s120-gradient-p1-b070-sir16,tuning-single-n500,2026090603,a4,value,0.0,ratio,valid
E001-v2,tuning,E,e-s120-gradient-p1-b070-sir16,tuning-single-n500,2026090603,radialKs,value,0.14,ratio,valid
E001-v2,tuning,E,e-s120-gradient-p1-b070-sir16,tuning-single-n500,2026090603,radius,max,218.38416879174773,m,valid
E001-v2,tuning,E,e-s120-gradient-p1-b070-sir16,tuning-single-n500,2026090603,radius,p50,107.68085359736322,m,valid
E001-v2,tuning,E,e-s120-gradient-p1-b070-sir16,tuning-single-n500,2026090603,radius,p95,185.97688456908233,m,valid
E001-v2,tuning,E,e-s120-gradient-p1-b070-sir16,tuning-single-n500,2026090603,radius,p99,210.7353247265832,m,valid
E001-v2,tuning,E,e-s120-gradient-p1-b070-sir16,tuning-single-n500,2026090603,radius,violations,0.0,count,valid
E001-v2,tuning,E,e-s120-gradient-p1-b070-sir16,tuning-single-n500,2026090603,seam300,value,1.1166666666666665,ratio,valid
E001-v2,tuning,E,e-s120-gradient-p1-b070-sir16,tuning-single-n500,2026090604,a4,value,0.0,ratio,valid
E001-v2,tuning,E,e-s120-gradient-p1-b070-sir16,tuning-single-n500,2026090604,radialKs,value,0.06999999999999995,ratio,valid
E001-v2,tuning,E,e-s120-gradient-p1-b070-sir16,tuning-single-n500,2026090604,radius,max,240.60988135132362,m,valid
E001-v2,tuning,E,e-s120-gradient-p1-b070-sir16,tuning-single-n500,2026090604,radius,p50,94.41099450755911,m,valid
E001-v2,tuning,E,e-s120-gradient-p1-b070-sir16,tuning-single-n500,2026090604,radius,p95,193.964723194151,m,valid
E001-v2,tuning,E,e-s120-gradient-p1-b070-sir16,tuning-single-n500,2026090604,radius,p99,233.09654236074596,m,valid
E001-v2,tuning,E,e-s120-gradient-p1-b070-sir16,tuning-single-n500,2026090604,radius,violations,0.0,count,valid
E001-v2,tuning,E,e-s120-gradient-p1-b070-sir16,tuning-single-n500,2026090604,seam300,value,0.7250000000000001,ratio,valid
E001-v2,tuning,E,e-s120-gradient-p1-b070-sir16,tuning-single-n500,2026090605,a4,value,0.0,ratio,valid
E001-v2,tuning,E,e-s120-gradient-p1-b070-sir16,tuning-single-n500,2026090605,radialKs,value,0.08,ratio,valid
E001-v2,tuning,E,e-s120-gradient-p1-b070-sir16,tuning-single-n500,2026090605,radius,max,233.6280045284237,m,valid
E001-v2,tuning,E,e-s120-gradient-p1-b070-sir16,tuning-single-n500,2026090605,radius,p50,89.19736028632437,m,valid
E001-v2,tuning,E,e-s120-gradient-p1-b070-sir16,tuning-single-n500,2026090605,radius,p95,183.56606697465295,m,valid
E001-v2,tuning,E,e-s120-gradient-p1-b070-sir16,tuning-single-n500,2026090605,radius,p99,194.70052355916567,m,valid
E001-v2,tuning,E,e-s120-gradient-p1-b070-sir16,tuning-single-n500,2026090605,radius,violations,0.0,count,valid
E001-v2,tuning,E,e-s120-gradient-p1-b070-sir16,tuning-single-n500,2026090605,seam300,value,0.825,ratio,valid
E001-v2,tuning,E,e-s120-gradient-p1-b070-sir32,tuning-grid-imbalanced-n4500,,a4,max,0.06534391919427834,ratio,valid
E001-v2,tuning,E,e-s120-gradient-p1-b070-sir32,tuning-grid-imbalanced-n4500,,a4,median,0.0,ratio,valid
E001-v2,tuning,E,e-s120-gradient-p1-b070-sir32,tuning-grid-imbalanced-n4500,,a4,min,0.0,ratio,valid
E001-v2,tuning,E,e-s120-gradient-p1-b070-sir32,tuning-grid-imbalanced-n4500,,hotspot50,cv,1.3819586744102652,ratio,valid
E001-v2,tuning,E,e-s120-gradient-p1-b070-sir32,tuning-grid-imbalanced-n4500,,hotspot50,max,73.0,count,valid
E001-v2,tuning,E,e-s120-gradient-p1-b070-sir32,tuning-grid-imbalanced-n4500,,hotspot50,p99,51.0,count,valid
E001-v2,tuning,E,e-s120-gradient-p1-b070-sir32,tuning-grid-imbalanced-n4500,,neighbors10,value,2.7573333333333334,count,valid
E001-v2,tuning,E,e-s120-gradient-p1-b070-sir32,tuning-grid-imbalanced-n4500,,proximity16,value,0.9526666666666667,ratio,valid
E001-v2,tuning,E,e-s120-gradient-p1-b070-sir32,tuning-grid-imbalanced-n4500,,proximity24,value,0.9862222222222222,ratio,valid
E001-v2,tuning,E,e-s120-gradient-p1-b070-sir32,tuning-grid-imbalanced-n4500,,proximity8,value,0.7262222222222222,ratio,valid
E001-v2,tuning,E,e-s120-gradient-p1-b070-sir32,tuning-grid-imbalanced-n4500,,radius,max.max,277.50610464130597,m,valid
E001-v2,tuning,E,e-s120-gradient-p1-b070-sir32,tuning-grid-imbalanced-n4500,,radius,max.median,260.41267294419583,m,valid
E001-v2,tuning,E,e-s120-gradient-p1-b070-sir32,tuning-grid-imbalanced-n4500,,radius,max.min,246.16410078003327,m,valid
E001-v2,tuning,E,e-s120-gradient-p1-b070-sir32,tuning-grid-imbalanced-n4500,,radius,p50.max,101.85304108542822,m,valid
E001-v2,tuning,E,e-s120-gradient-p1-b070-sir32,tuning-grid-imbalanced-n4500,,radius,p50.median,97.67191315835763,m,valid
E001-v2,tuning,E,e-s120-gradient-p1-b070-sir32,tuning-grid-imbalanced-n4500,,radius,p50.min,94.90157112733061,m,valid
E001-v2,tuning,E,e-s120-gradient-p1-b070-sir32,tuning-grid-imbalanced-n4500,,radius,p95.max,188.73419215540258,m,valid
E001-v2,tuning,E,e-s120-gradient-p1-b070-sir32,tuning-grid-imbalanced-n4500,,radius,p95.median,187.77678745815587,m,valid
E001-v2,tuning,E,e-s120-gradient-p1-b070-sir32,tuning-grid-imbalanced-n4500,,radius,p95.min,180.3801936780032,m,valid
E001-v2,tuning,E,e-s120-gradient-p1-b070-sir32,tuning-grid-imbalanced-n4500,,radius,p99.max,226.7843329988585,m,valid
E001-v2,tuning,E,e-s120-gradient-p1-b070-sir32,tuning-grid-imbalanced-n4500,,radius,p99.median,219.26164256298375,m,valid
E001-v2,tuning,E,e-s120-gradient-p1-b070-sir32,tuning-grid-imbalanced-n4500,,radius,p99.min,211.40726391739747,m,valid
E001-v2,tuning,E,e-s120-gradient-p1-b070-sir32,tuning-grid-imbalanced-n4500,,radius,violations.max,0.0,count,valid
E001-v2,tuning,E,e-s120-gradient-p1-b070-sir32,tuning-grid-imbalanced-n4500,,radius,violations.median,0.0,count,valid
E001-v2,tuning,E,e-s120-gradient-p1-b070-sir32,tuning-grid-imbalanced-n4500,,radius,violations.min,0.0,count,valid
E001-v2,tuning,E,e-s120-gradient-p1-b070-sir32,tuning-grid-imbalanced-n4500,,samplerFailureCount,value,0.0,count,valid
E001-v2,tuning,E,e-s120-gradient-p1-b070-sir32,tuning-grid-imbalanced-n4500,,seam300,max,0.46671826625387,ratio,valid
E001-v2,tuning,E,e-s120-gradient-p1-b070-sir32,tuning-grid-imbalanced-n4500,,seam300,median,0.18318713450292395,ratio,valid
E001-v2,tuning,E,e-s120-gradient-p1-b070-sir32,tuning-grid-imbalanced-n4500,,seam300,min,0.16145833333333334,ratio,valid
E001-v2,tuning,E,e-s120-gradient-p1-b070-sir32,tuning-grid-imbalanced-n4500,2026090601,a4,value,0.0,ratio,valid
E001-v2,tuning,E,e-s120-gradient-p1-b070-sir32,tuning-grid-imbalanced-n4500,2026090601,radius,max,277.50610464130597,m,valid
E001-v2,tuning,E,e-s120-gradient-p1-b070-sir32,tuning-grid-imbalanced-n4500,2026090601,radius,p50,101.85304108542822,m,valid
E001-v2,tuning,E,e-s120-gradient-p1-b070-sir32,tuning-grid-imbalanced-n4500,2026090601,radius,p95,187.77678745815587,m,valid
E001-v2,tuning,E,e-s120-gradient-p1-b070-sir32,tuning-grid-imbalanced-n4500,2026090601,radius,p99,217.35873969493073,m,valid
E001-v2,tuning,E,e-s120-gradient-p1-b070-sir32,tuning-grid-imbalanced-n4500,2026090601,radius,violations,0.0,count,valid
E001-v2,tuning,E,e-s120-gradient-p1-b070-sir32,tuning-grid-imbalanced-n4500,2026090601,seam300,value,0.16145833333333334,ratio,valid
E001-v2,tuning,E,e-s120-gradient-p1-b070-sir32,tuning-grid-imbalanced-n4500,2026090602,a4,value,0.06534391919427834,ratio,valid
E001-v2,tuning,E,e-s120-gradient-p1-b070-sir32,tuning-grid-imbalanced-n4500,2026090602,radius,max,251.66511030733753,m,valid
E001-v2,tuning,E,e-s120-gradient-p1-b070-sir32,tuning-grid-imbalanced-n4500,2026090602,radius,p50,94.90157112733061,m,valid
E001-v2,tuning,E,e-s120-gradient-p1-b070-sir32,tuning-grid-imbalanced-n4500,2026090602,radius,p95,180.3801936780032,m,valid
E001-v2,tuning,E,e-s120-gradient-p1-b070-sir32,tuning-grid-imbalanced-n4500,2026090602,radius,p99,211.40726391739747,m,valid
E001-v2,tuning,E,e-s120-gradient-p1-b070-sir32,tuning-grid-imbalanced-n4500,2026090602,radius,violations,0.0,count,valid
E001-v2,tuning,E,e-s120-gradient-p1-b070-sir32,tuning-grid-imbalanced-n4500,2026090602,seam300,value,0.46671826625387,ratio,valid
E001-v2,tuning,E,e-s120-gradient-p1-b070-sir32,tuning-grid-imbalanced-n4500,2026090603,a4,value,0.0,ratio,valid
E001-v2,tuning,E,e-s120-gradient-p1-b070-sir32,tuning-grid-imbalanced-n4500,2026090603,radius,max,246.16410078003327,m,valid
E001-v2,tuning,E,e-s120-gradient-p1-b070-sir32,tuning-grid-imbalanced-n4500,2026090603,radius,p50,97.21080688056995,m,valid
E001-v2,tuning,E,e-s120-gradient-p1-b070-sir32,tuning-grid-imbalanced-n4500,2026090603,radius,p95,186.73007243753761,m,valid
E001-v2,tuning,E,e-s120-gradient-p1-b070-sir32,tuning-grid-imbalanced-n4500,2026090603,radius,p99,226.7843329988585,m,valid
E001-v2,tuning,E,e-s120-gradient-p1-b070-sir32,tuning-grid-imbalanced-n4500,2026090603,radius,violations,0.0,count,valid
E001-v2,tuning,E,e-s120-gradient-p1-b070-sir32,tuning-grid-imbalanced-n4500,2026090603,seam300,value,0.18318713450292395,ratio,valid
E001-v2,tuning,E,e-s120-gradient-p1-b070-sir32,tuning-grid-imbalanced-n4500,2026090604,a4,value,0.04103524546872092,ratio,valid
E001-v2,tuning,E,e-s120-gradient-p1-b070-sir32,tuning-grid-imbalanced-n4500,2026090604,radius,max,260.41267294419583,m,valid
E001-v2,tuning,E,e-s120-gradient-p1-b070-sir32,tuning-grid-imbalanced-n4500,2026090604,radius,p50,97.67191315835763,m,valid
E001-v2,tuning,E,e-s120-gradient-p1-b070-sir32,tuning-grid-imbalanced-n4500,2026090604,radius,p95,188.73419215540258,m,valid
E001-v2,tuning,E,e-s120-gradient-p1-b070-sir32,tuning-grid-imbalanced-n4500,2026090604,radius,p99,221.29909919465956,m,valid
E001-v2,tuning,E,e-s120-gradient-p1-b070-sir32,tuning-grid-imbalanced-n4500,2026090604,radius,violations,0.0,count,valid
E001-v2,tuning,E,e-s120-gradient-p1-b070-sir32,tuning-grid-imbalanced-n4500,2026090604,seam300,value,0.18025062656641605,ratio,valid
E001-v2,tuning,E,e-s120-gradient-p1-b070-sir32,tuning-grid-imbalanced-n4500,2026090605,a4,value,0.0,ratio,valid
E001-v2,tuning,E,e-s120-gradient-p1-b070-sir32,tuning-grid-imbalanced-n4500,2026090605,radius,max,263.442388063703,m,valid
E001-v2,tuning,E,e-s120-gradient-p1-b070-sir32,tuning-grid-imbalanced-n4500,2026090605,radius,p50,98.58640945070798,m,valid
E001-v2,tuning,E,e-s120-gradient-p1-b070-sir32,tuning-grid-imbalanced-n4500,2026090605,radius,p95,188.05691347908044,m,valid
E001-v2,tuning,E,e-s120-gradient-p1-b070-sir32,tuning-grid-imbalanced-n4500,2026090605,radius,p99,219.26164256298375,m,valid
E001-v2,tuning,E,e-s120-gradient-p1-b070-sir32,tuning-grid-imbalanced-n4500,2026090605,radius,violations,0.0,count,valid
E001-v2,tuning,E,e-s120-gradient-p1-b070-sir32,tuning-grid-imbalanced-n4500,2026090605,seam300,value,0.42028985507246375,ratio,valid
E001-v2,tuning,E,e-s120-gradient-p1-b070-sir32,tuning-single-n500,,a4,max,0.11002522246169275,ratio,valid
E001-v2,tuning,E,e-s120-gradient-p1-b070-sir32,tuning-single-n500,,a4,median,0.0,ratio,valid
E001-v2,tuning,E,e-s120-gradient-p1-b070-sir32,tuning-single-n500,,a4,min,0.0,ratio,valid
E001-v2,tuning,E,e-s120-gradient-p1-b070-sir32,tuning-single-n500,,hotspot50,cv,1.8125782741719065,ratio,valid
E001-v2,tuning,E,e-s120-gradient-p1-b070-sir32,tuning-single-n500,,hotspot50,max,31.0,count,valid
E001-v2,tuning,E,e-s120-gradient-p1-b070-sir32,tuning-single-n500,,hotspot50,p99,24.0,count,valid
E001-v2,tuning,E,e-s120-gradient-p1-b070-sir32,tuning-single-n500,,neighbors10,value,1.872,count,valid
E001-v2,tuning,E,e-s120-gradient-p1-b070-sir32,tuning-single-n500,,proximity16,value,0.922,ratio,valid
E001-v2,tuning,E,e-s120-gradient-p1-b070-sir32,tuning-single-n500,,proximity24,value,0.972,ratio,valid
E001-v2,tuning,E,e-s120-gradient-p1-b070-sir32,tuning-single-n500,,proximity8,value,0.652,ratio,valid
E001-v2,tuning,E,e-s120-gradient-p1-b070-sir32,tuning-single-n500,,radialKs,max,0.13000000000000006,ratio,valid
E001-v2,tuning,E,e-s120-gradient-p1-b070-sir32,tuning-single-n500,,radialKs,median,0.09000000000000002,ratio,valid
E001-v2,tuning,E,e-s120-gradient-p1-b070-sir32,tuning-single-n500,,radialKs,min,0.08000000000000007,ratio,valid
E001-v2,tuning,E,e-s120-gradient-p1-b070-sir32,tuning-single-n500,,radius,max.max,240.5227483034383,m,valid
E001-v2,tuning,E,e-s120-gradient-p1-b070-sir32,tuning-single-n500,,radius,max.median,231.28586068857805,m,valid
E001-v2,tuning,E,e-s120-gradient-p1-b070-sir32,tuning-single-n500,,radius,max.min,227.65572751511888,m,valid
E001-v2,tuning,E,e-s120-gradient-p1-b070-sir32,tuning-single-n500,,radius,p50.max,106.91444992790106,m,valid
E001-v2,tuning,E,e-s120-gradient-p1-b070-sir32,tuning-single-n500,,radius,p50.median,98.08902616347767,m,valid
E001-v2,tuning,E,e-s120-gradient-p1-b070-sir32,tuning-single-n500,,radius,p50.min,92.08245161748412,m,valid
E001-v2,tuning,E,e-s120-gradient-p1-b070-sir32,tuning-single-n500,,radius,p95.max,188.47348614757487,m,valid
E001-v2,tuning,E,e-s120-gradient-p1-b070-sir32,tuning-single-n500,,radius,p95.median,178.6668823486838,m,valid
E001-v2,tuning,E,e-s120-gradient-p1-b070-sir32,tuning-single-n500,,radius,p95.min,167.2026865075324,m,valid
E001-v2,tuning,E,e-s120-gradient-p1-b070-sir32,tuning-single-n500,,radius,p99.max,220.9960184443913,m,valid
E001-v2,tuning,E,e-s120-gradient-p1-b070-sir32,tuning-single-n500,,radius,p99.median,204.48883389037718,m,valid
E001-v2,tuning,E,e-s120-gradient-p1-b070-sir32,tuning-single-n500,,radius,p99.min,189.67392365157707,m,valid
E001-v2,tuning,E,e-s120-gradient-p1-b070-sir32,tuning-single-n500,,radius,violations.max,0.0,count,valid
E001-v2,tuning,E,e-s120-gradient-p1-b070-sir32,tuning-single-n500,,radius,violations.median,0.0,count,valid
E001-v2,tuning,E,e-s120-gradient-p1-b070-sir32,tuning-single-n500,,radius,violations.min,0.0,count,valid
E001-v2,tuning,E,e-s120-gradient-p1-b070-sir32,tuning-single-n500,,samplerFailureCount,value,0.0,count,valid
E001-v2,tuning,E,e-s120-gradient-p1-b070-sir32,tuning-single-n500,,seam300,max,0.9750000000000001,ratio,valid
E001-v2,tuning,E,e-s120-gradient-p1-b070-sir32,tuning-single-n500,,seam300,median,0.775,ratio,valid
E001-v2,tuning,E,e-s120-gradient-p1-b070-sir32,tuning-single-n500,,seam300,min,0.4583333333333333,ratio,valid
E001-v2,tuning,E,e-s120-gradient-p1-b070-sir32,tuning-single-n500,2026090601,a4,value,0.0,ratio,valid
E001-v2,tuning,E,e-s120-gradient-p1-b070-sir32,tuning-single-n500,2026090601,radialKs,value,0.13000000000000006,ratio,valid
E001-v2,tuning,E,e-s120-gradient-p1-b070-sir32,tuning-single-n500,2026090601,radius,max,237.5394568143986,m,valid
E001-v2,tuning,E,e-s120-gradient-p1-b070-sir32,tuning-single-n500,2026090601,radius,p50,92.61907314098244,m,valid
E001-v2,tuning,E,e-s120-gradient-p1-b070-sir32,tuning-single-n500,2026090601,radius,p95,188.47348614757487,m,valid
E001-v2,tuning,E,e-s120-gradient-p1-b070-sir32,tuning-single-n500,2026090601,radius,p99,204.48883389037718,m,valid
E001-v2,tuning,E,e-s120-gradient-p1-b070-sir32,tuning-single-n500,2026090601,radius,violations,0.0,count,valid
E001-v2,tuning,E,e-s120-gradient-p1-b070-sir32,tuning-single-n500,2026090601,seam300,value,0.4583333333333333,ratio,valid
E001-v2,tuning,E,e-s120-gradient-p1-b070-sir32,tuning-single-n500,2026090602,a4,value,0.0,ratio,valid
E001-v2,tuning,E,e-s120-gradient-p1-b070-sir32,tuning-single-n500,2026090602,radialKs,value,0.08000000000000007,ratio,valid
E001-v2,tuning,E,e-s120-gradient-p1-b070-sir32,tuning-single-n500,2026090602,radius,max,231.28586068857805,m,valid
E001-v2,tuning,E,e-s120-gradient-p1-b070-sir32,tuning-single-n500,2026090602,radius,p50,103.59994749916649,m,valid
E001-v2,tuning,E,e-s120-gradient-p1-b070-sir32,tuning-single-n500,2026090602,radius,p95,176.34316923505253,m,valid
E001-v2,tuning,E,e-s120-gradient-p1-b070-sir32,tuning-single-n500,2026090602,radius,p99,220.9960184443913,m,valid
E001-v2,tuning,E,e-s120-gradient-p1-b070-sir32,tuning-single-n500,2026090602,radius,violations,0.0,count,valid
E001-v2,tuning,E,e-s120-gradient-p1-b070-sir32,tuning-single-n500,2026090602,seam300,value,0.9750000000000001,ratio,valid
E001-v2,tuning,E,e-s120-gradient-p1-b070-sir32,tuning-single-n500,2026090603,a4,value,0.11002522246169275,ratio,valid
E001-v2,tuning,E,e-s120-gradient-p1-b070-sir32,tuning-single-n500,2026090603,radialKs,value,0.12,ratio,valid
E001-v2,tuning,E,e-s120-gradient-p1-b070-sir32,tuning-single-n500,2026090603,radius,max,227.65572751511888,m,valid
E001-v2,tuning,E,e-s120-gradient-p1-b070-sir32,tuning-single-n500,2026090603,radius,p50,106.91444992790106,m,valid
E001-v2,tuning,E,e-s120-gradient-p1-b070-sir32,tuning-single-n500,2026090603,radius,p95,178.6668823486838,m,valid
E001-v2,tuning,E,e-s120-gradient-p1-b070-sir32,tuning-single-n500,2026090603,radius,p99,189.67392365157707,m,valid
E001-v2,tuning,E,e-s120-gradient-p1-b070-sir32,tuning-single-n500,2026090603,radius,violations,0.0,count,valid
E001-v2,tuning,E,e-s120-gradient-p1-b070-sir32,tuning-single-n500,2026090603,seam300,value,0.775,ratio,valid
E001-v2,tuning,E,e-s120-gradient-p1-b070-sir32,tuning-single-n500,2026090604,a4,value,0.0,ratio,valid
E001-v2,tuning,E,e-s120-gradient-p1-b070-sir32,tuning-single-n500,2026090604,radialKs,value,0.09000000000000002,ratio,valid
E001-v2,tuning,E,e-s120-gradient-p1-b070-sir32,tuning-single-n500,2026090604,radius,max,240.5227483034383,m,valid
E001-v2,tuning,E,e-s120-gradient-p1-b070-sir32,tuning-single-n500,2026090604,radius,p50,98.08902616347767,m,valid
E001-v2,tuning,E,e-s120-gradient-p1-b070-sir32,tuning-single-n500,2026090604,radius,p95,167.2026865075324,m,valid
E001-v2,tuning,E,e-s120-gradient-p1-b070-sir32,tuning-single-n500,2026090604,radius,p99,198.22442148967957,m,valid
E001-v2,tuning,E,e-s120-gradient-p1-b070-sir32,tuning-single-n500,2026090604,radius,violations,0.0,count,valid
E001-v2,tuning,E,e-s120-gradient-p1-b070-sir32,tuning-single-n500,2026090604,seam300,value,0.7916666666666666,ratio,valid
E001-v2,tuning,E,e-s120-gradient-p1-b070-sir32,tuning-single-n500,2026090605,a4,value,0.0,ratio,valid
E001-v2,tuning,E,e-s120-gradient-p1-b070-sir32,tuning-single-n500,2026090605,radialKs,value,0.09000000000000002,ratio,valid
E001-v2,tuning,E,e-s120-gradient-p1-b070-sir32,tuning-single-n500,2026090605,radius,max,228.23088269563536,m,valid
E001-v2,tuning,E,e-s120-gradient-p1-b070-sir32,tuning-single-n500,2026090605,radius,p50,92.08245161748412,m,valid
E001-v2,tuning,E,e-s120-gradient-p1-b070-sir32,tuning-single-n500,2026090605,radius,p95,182.58641633620044,m,valid
E001-v2,tuning,E,e-s120-gradient-p1-b070-sir32,tuning-single-n500,2026090605,radius,p99,218.67538942516137,m,valid
E001-v2,tuning,E,e-s120-gradient-p1-b070-sir32,tuning-single-n500,2026090605,radius,violations,0.0,count,valid
E001-v2,tuning,E,e-s120-gradient-p1-b070-sir32,tuning-single-n500,2026090605,seam300,value,0.7208333333333333,ratio,valid
E001-v2,tuning,E,e-s120-gradient-p1-b100-rejection128,tuning-grid-imbalanced-n4500,,a4,max,0.04643113748759145,ratio,valid
E001-v2,tuning,E,e-s120-gradient-p1-b100-rejection128,tuning-grid-imbalanced-n4500,,a4,median,0.02992030794371055,ratio,valid
E001-v2,tuning,E,e-s120-gradient-p1-b100-rejection128,tuning-grid-imbalanced-n4500,,a4,min,0.0,ratio,valid
E001-v2,tuning,E,e-s120-gradient-p1-b100-rejection128,tuning-grid-imbalanced-n4500,,hotspot50,cv,1.3757493311727331,ratio,valid
E001-v2,tuning,E,e-s120-gradient-p1-b100-rejection128,tuning-grid-imbalanced-n4500,,hotspot50,max,73.0,count,valid
E001-v2,tuning,E,e-s120-gradient-p1-b100-rejection128,tuning-grid-imbalanced-n4500,,hotspot50,p99,54.0,count,valid
E001-v2,tuning,E,e-s120-gradient-p1-b100-rejection128,tuning-grid-imbalanced-n4500,,neighbors10,value,2.7666666666666666,count,valid
E001-v2,tuning,E,e-s120-gradient-p1-b100-rejection128,tuning-grid-imbalanced-n4500,,proximity16,value,0.9457777777777778,ratio,valid
E001-v2,tuning,E,e-s120-gradient-p1-b100-rejection128,tuning-grid-imbalanced-n4500,,proximity24,value,0.9828888888888889,ratio,valid
E001-v2,tuning,E,e-s120-gradient-p1-b100-rejection128,tuning-grid-imbalanced-n4500,,proximity8,value,0.7057777777777777,ratio,valid
E001-v2,tuning,E,e-s120-gradient-p1-b100-rejection128,tuning-grid-imbalanced-n4500,,radius,max.max,259.3975614767598,m,valid
E001-v2,tuning,E,e-s120-gradient-p1-b100-rejection128,tuning-grid-imbalanced-n4500,,radius,max.median,252.75942696741177,m,valid
E001-v2,tuning,E,e-s120-gradient-p1-b100-rejection128,tuning-grid-imbalanced-n4500,,radius,max.min,244.27158074725745,m,valid
E001-v2,tuning,E,e-s120-gradient-p1-b100-rejection128,tuning-grid-imbalanced-n4500,,radius,p50.max,100.45746365780194,m,valid
E001-v2,tuning,E,e-s120-gradient-p1-b100-rejection128,tuning-grid-imbalanced-n4500,,radius,p50.median,98.35937635485116,m,valid
E001-v2,tuning,E,e-s120-gradient-p1-b100-rejection128,tuning-grid-imbalanced-n4500,,radius,p50.min,94.65842133492274,m,valid
E001-v2,tuning,E,e-s120-gradient-p1-b100-rejection128,tuning-grid-imbalanced-n4500,,radius,p95.max,189.60962067731302,m,valid
E001-v2,tuning,E,e-s120-gradient-p1-b100-rejection128,tuning-grid-imbalanced-n4500,,radius,p95.median,186.71153326343494,m,valid
E001-v2,tuning,E,e-s120-gradient-p1-b100-rejection128,tuning-grid-imbalanced-n4500,,radius,p95.min,185.83925167930923,m,valid
E001-v2,tuning,E,e-s120-gradient-p1-b100-rejection128,tuning-grid-imbalanced-n4500,,radius,p99.max,229.78719550841694,m,valid
E001-v2,tuning,E,e-s120-gradient-p1-b100-rejection128,tuning-grid-imbalanced-n4500,,radius,p99.median,222.2926512935273,m,valid
E001-v2,tuning,E,e-s120-gradient-p1-b100-rejection128,tuning-grid-imbalanced-n4500,,radius,p99.min,218.57618281333993,m,valid
E001-v2,tuning,E,e-s120-gradient-p1-b100-rejection128,tuning-grid-imbalanced-n4500,,radius,violations.max,0.0,count,valid
E001-v2,tuning,E,e-s120-gradient-p1-b100-rejection128,tuning-grid-imbalanced-n4500,,radius,violations.median,0.0,count,valid
E001-v2,tuning,E,e-s120-gradient-p1-b100-rejection128,tuning-grid-imbalanced-n4500,,radius,violations.min,0.0,count,valid
E001-v2,tuning,E,e-s120-gradient-p1-b100-rejection128,tuning-grid-imbalanced-n4500,,samplerFailureCount,value,0.0,count,valid
E001-v2,tuning,E,e-s120-gradient-p1-b100-rejection128,tuning-grid-imbalanced-n4500,,seam300,max,0.4184803921568627,ratio,valid
E001-v2,tuning,E,e-s120-gradient-p1-b100-rejection128,tuning-grid-imbalanced-n4500,,seam300,median,0.3292929292929293,ratio,valid
E001-v2,tuning,E,e-s120-gradient-p1-b100-rejection128,tuning-grid-imbalanced-n4500,,seam300,min,0.17403381642512078,ratio,valid
E001-v2,tuning,E,e-s120-gradient-p1-b100-rejection128,tuning-grid-imbalanced-n4500,2026090601,a4,value,0.03785176612274979,ratio,valid
E001-v2,tuning,E,e-s120-gradient-p1-b100-rejection128,tuning-grid-imbalanced-n4500,2026090601,radius,max,259.3975614767598,m,valid
E001-v2,tuning,E,e-s120-gradient-p1-b100-rejection128,tuning-grid-imbalanced-n4500,2026090601,radius,p50,94.65842133492274,m,valid
E001-v2,tuning,E,e-s120-gradient-p1-b100-rejection128,tuning-grid-imbalanced-n4500,2026090601,radius,p95,189.60962067731302,m,valid
E001-v2,tuning,E,e-s120-gradient-p1-b100-rejection128,tuning-grid-imbalanced-n4500,2026090601,radius,p99,222.2926512935273,m,valid
E001-v2,tuning,E,e-s120-gradient-p1-b100-rejection128,tuning-grid-imbalanced-n4500,2026090601,radius,violations,0.0,count,valid
E001-v2,tuning,E,e-s120-gradient-p1-b100-rejection128,tuning-grid-imbalanced-n4500,2026090601,seam300,value,0.17403381642512078,ratio,valid
E001-v2,tuning,E,e-s120-gradient-p1-b100-rejection128,tuning-grid-imbalanced-n4500,2026090602,a4,value,0.04643113748759145,ratio,valid
E001-v2,tuning,E,e-s120-gradient-p1-b100-rejection128,tuning-grid-imbalanced-n4500,2026090602,radius,max,244.27158074725745,m,valid
E001-v2,tuning,E,e-s120-gradient-p1-b100-rejection128,tuning-grid-imbalanced-n4500,2026090602,radius,p50,98.35937635485116,m,valid
E001-v2,tuning,E,e-s120-gradient-p1-b100-rejection128,tuning-grid-imbalanced-n4500,2026090602,radius,p95,187.44887050290126,m,valid
E001-v2,tuning,E,e-s120-gradient-p1-b100-rejection128,tuning-grid-imbalanced-n4500,2026090602,radius,p99,224.43464154987282,m,valid
E001-v2,tuning,E,e-s120-gradient-p1-b100-rejection128,tuning-grid-imbalanced-n4500,2026090602,radius,violations,0.0,count,valid
E001-v2,tuning,E,e-s120-gradient-p1-b100-rejection128,tuning-grid-imbalanced-n4500,2026090602,seam300,value,0.2711976911976912,ratio,valid
E001-v2,tuning,E,e-s120-gradient-p1-b100-rejection128,tuning-grid-imbalanced-n4500,2026090603,a4,value,0.02992030794371055,ratio,valid
E001-v2,tuning,E,e-s120-gradient-p1-b100-rejection128,tuning-grid-imbalanced-n4500,2026090603,radius,max,256.14640142367995,m,valid
E001-v2,tuning,E,e-s120-gradient-p1-b100-rejection128,tuning-grid-imbalanced-n4500,2026090603,radius,p50,97.641207535232,m,valid
E001-v2,tuning,E,e-s120-gradient-p1-b100-rejection128,tuning-grid-imbalanced-n4500,2026090603,radius,p95,185.9606720647668,m,valid
E001-v2,tuning,E,e-s120-gradient-p1-b100-rejection128,tuning-grid-imbalanced-n4500,2026090603,radius,p99,218.57618281333993,m,valid
E001-v2,tuning,E,e-s120-gradient-p1-b100-rejection128,tuning-grid-imbalanced-n4500,2026090603,radius,violations,0.0,count,valid
E001-v2,tuning,E,e-s120-gradient-p1-b100-rejection128,tuning-grid-imbalanced-n4500,2026090603,seam300,value,0.3292929292929293,ratio,valid
E001-v2,tuning,E,e-s120-gradient-p1-b100-rejection128,tuning-grid-imbalanced-n4500,2026090604,a4,value,0.0,ratio,valid
E001-v2,tuning,E,e-s120-gradient-p1-b100-rejection128,tuning-grid-imbalanced-n4500,2026090604,radius,max,250.90877098549203,m,valid
E001-v2,tuning,E,e-s120-gradient-p1-b100-rejection128,tuning-grid-imbalanced-n4500,2026090604,radius,p50,98.8225527632776,m,valid
E001-v2,tuning,E,e-s120-gradient-p1-b100-rejection128,tuning-grid-imbalanced-n4500,2026090604,radius,p95,185.83925167930923,m,valid
E001-v2,tuning,E,e-s120-gradient-p1-b100-rejection128,tuning-grid-imbalanced-n4500,2026090604,radius,p99,229.78719550841694,m,valid
E001-v2,tuning,E,e-s120-gradient-p1-b100-rejection128,tuning-grid-imbalanced-n4500,2026090604,radius,violations,0.0,count,valid
E001-v2,tuning,E,e-s120-gradient-p1-b100-rejection128,tuning-grid-imbalanced-n4500,2026090604,seam300,value,0.40272988505747126,ratio,valid
E001-v2,tuning,E,e-s120-gradient-p1-b100-rejection128,tuning-grid-imbalanced-n4500,2026090605,a4,value,0.0,ratio,valid
E001-v2,tuning,E,e-s120-gradient-p1-b100-rejection128,tuning-grid-imbalanced-n4500,2026090605,radius,max,252.75942696741177,m,valid
E001-v2,tuning,E,e-s120-gradient-p1-b100-rejection128,tuning-grid-imbalanced-n4500,2026090605,radius,p50,100.45746365780194,m,valid
E001-v2,tuning,E,e-s120-gradient-p1-b100-rejection128,tuning-grid-imbalanced-n4500,2026090605,radius,p95,186.71153326343494,m,valid
E001-v2,tuning,E,e-s120-gradient-p1-b100-rejection128,tuning-grid-imbalanced-n4500,2026090605,radius,p99,219.42774757581577,m,valid
E001-v2,tuning,E,e-s120-gradient-p1-b100-rejection128,tuning-grid-imbalanced-n4500,2026090605,radius,violations,0.0,count,valid
E001-v2,tuning,E,e-s120-gradient-p1-b100-rejection128,tuning-grid-imbalanced-n4500,2026090605,seam300,value,0.4184803921568627,ratio,valid
E001-v2,tuning,E,e-s120-gradient-p1-b100-rejection128,tuning-single-n500,,a4,max,0.13858048075409635,ratio,valid
E001-v2,tuning,E,e-s120-gradient-p1-b100-rejection128,tuning-single-n500,,a4,median,0.02780955691886965,ratio,valid
E001-v2,tuning,E,e-s120-gradient-p1-b100-rejection128,tuning-single-n500,,a4,min,0.0,ratio,valid
E001-v2,tuning,E,e-s120-gradient-p1-b100-rejection128,tuning-single-n500,,hotspot50,cv,1.8403304051175178,ratio,valid
E001-v2,tuning,E,e-s120-gradient-p1-b100-rejection128,tuning-single-n500,,hotspot50,max,33.0,count,valid
E001-v2,tuning,E,e-s120-gradient-p1-b100-rejection128,tuning-single-n500,,hotspot50,p99,30.0,count,valid
E001-v2,tuning,E,e-s120-gradient-p1-b100-rejection128,tuning-single-n500,,neighbors10,value,1.9,count,valid
E001-v2,tuning,E,e-s120-gradient-p1-b100-rejection128,tuning-single-n500,,proximity16,value,0.906,ratio,valid
E001-v2,tuning,E,e-s120-gradient-p1-b100-rejection128,tuning-single-n500,,proximity24,value,0.96,ratio,valid
E001-v2,tuning,E,e-s120-gradient-p1-b100-rejection128,tuning-single-n500,,proximity8,value,0.648,ratio,valid
E001-v2,tuning,E,e-s120-gradient-p1-b100-rejection128,tuning-single-n500,,radialKs,max,0.10000000000000003,ratio,valid
E001-v2,tuning,E,e-s120-gradient-p1-b100-rejection128,tuning-single-n500,,radialKs,median,0.07999999999999996,ratio,valid
E001-v2,tuning,E,e-s120-gradient-p1-b100-rejection128,tuning-single-n500,,radialKs,min,0.07,ratio,valid
E001-v2,tuning,E,e-s120-gradient-p1-b100-rejection128,tuning-single-n500,,radius,max.max,264.38477759912854,m,valid
E001-v2,tuning,E,e-s120-gradient-p1-b100-rejection128,tuning-single-n500,,radius,max.median,244.22736603681926,m,valid
E001-v2,tuning,E,e-s120-gradient-p1-b100-rejection128,tuning-single-n500,,radius,max.min,219.53699942768847,m,valid
E001-v2,tuning,E,e-s120-gradient-p1-b100-rejection128,tuning-single-n500,,radius,p50.max,105.39231482202288,m,valid
E001-v2,tuning,E,e-s120-gradient-p1-b100-rejection128,tuning-single-n500,,radius,p50.median,101.964772248929,m,valid
E001-v2,tuning,E,e-s120-gradient-p1-b100-rejection128,tuning-single-n500,,radius,p50.min,94.80033341650284,m,valid
E001-v2,tuning,E,e-s120-gradient-p1-b100-rejection128,tuning-single-n500,,radius,p95.max,203.46272129503188,m,valid
E001-v2,tuning,E,e-s120-gradient-p1-b100-rejection128,tuning-single-n500,,radius,p95.median,188.62070175715172,m,valid
E001-v2,tuning,E,e-s120-gradient-p1-b100-rejection128,tuning-single-n500,,radius,p95.min,173.03128808863778,m,valid
E001-v2,tuning,E,e-s120-gradient-p1-b100-rejection128,tuning-single-n500,,radius,p99.max,245.9698003969161,m,valid
E001-v2,tuning,E,e-s120-gradient-p1-b100-rejection128,tuning-single-n500,,radius,p99.median,218.5956484239298,m,valid
E001-v2,tuning,E,e-s120-gradient-p1-b100-rejection128,tuning-single-n500,,radius,p99.min,199.00372354763806,m,valid
E001-v2,tuning,E,e-s120-gradient-p1-b100-rejection128,tuning-single-n500,,radius,violations.max,0.0,count,valid
E001-v2,tuning,E,e-s120-gradient-p1-b100-rejection128,tuning-single-n500,,radius,violations.median,0.0,count,valid
E001-v2,tuning,E,e-s120-gradient-p1-b100-rejection128,tuning-single-n500,,radius,violations.min,0.0,count,valid
E001-v2,tuning,E,e-s120-gradient-p1-b100-rejection128,tuning-single-n500,,samplerFailureCount,value,0.0,count,valid
E001-v2,tuning,E,e-s120-gradient-p1-b100-rejection128,tuning-single-n500,,seam300,max,0.9583333333333333,ratio,valid
E001-v2,tuning,E,e-s120-gradient-p1-b100-rejection128,tuning-single-n500,,seam300,median,0.7333333333333334,ratio,valid
E001-v2,tuning,E,e-s120-gradient-p1-b100-rejection128,tuning-single-n500,,seam300,min,0.6666666666666666,ratio,valid
E001-v2,tuning,E,e-s120-gradient-p1-b100-rejection128,tuning-single-n500,2026090601,a4,value,0.13858048075409635,ratio,valid
E001-v2,tuning,E,e-s120-gradient-p1-b100-rejection128,tuning-single-n500,2026090601,radialKs,value,0.07,ratio,valid
E001-v2,tuning,E,e-s120-gradient-p1-b100-rejection128,tuning-single-n500,2026090601,radius,max,264.38477759912854,m,valid
E001-v2,tuning,E,e-s120-gradient-p1-b100-rejection128,tuning-single-n500,2026090601,radius,p50,102.48998250067267,m,valid
E001-v2,tuning,E,e-s120-gradient-p1-b100-rejection128,tuning-single-n500,2026090601,radius,p95,203.46272129503188,m,valid
E001-v2,tuning,E,e-s120-gradient-p1-b100-rejection128,tuning-single-n500,2026090601,radius,p99,245.9698003969161,m,valid
E001-v2,tuning,E,e-s120-gradient-p1-b100-rejection128,tuning-single-n500,2026090601,radius,violations,0.0,count,valid
E001-v2,tuning,E,e-s120-gradient-p1-b100-rejection128,tuning-single-n500,2026090601,seam300,value,0.9583333333333333,ratio,valid
E001-v2,tuning,E,e-s120-gradient-p1-b100-rejection128,tuning-single-n500,2026090602,a4,value,0.02780955691886965,ratio,valid
E001-v2,tuning,E,e-s120-gradient-p1-b100-rejection128,tuning-single-n500,2026090602,radialKs,value,0.07999999999999996,ratio,valid
E001-v2,tuning,E,e-s120-gradient-p1-b100-rejection128,tuning-single-n500,2026090602,radius,max,219.53699942768847,m,valid
E001-v2,tuning,E,e-s120-gradient-p1-b100-rejection128,tuning-single-n500,2026090602,radius,p50,101.964772248929,m,valid
E001-v2,tuning,E,e-s120-gradient-p1-b100-rejection128,tuning-single-n500,2026090602,radius,p95,201.49438780131828,m,valid
E001-v2,tuning,E,e-s120-gradient-p1-b100-rejection128,tuning-single-n500,2026090602,radius,p99,218.5956484239298,m,valid
E001-v2,tuning,E,e-s120-gradient-p1-b100-rejection128,tuning-single-n500,2026090602,radius,violations,0.0,count,valid
E001-v2,tuning,E,e-s120-gradient-p1-b100-rejection128,tuning-single-n500,2026090602,seam300,value,0.7333333333333334,ratio,valid
E001-v2,tuning,E,e-s120-gradient-p1-b100-rejection128,tuning-single-n500,2026090603,a4,value,0.0,ratio,valid
E001-v2,tuning,E,e-s120-gradient-p1-b100-rejection128,tuning-single-n500,2026090603,radialKs,value,0.08999999999999997,ratio,valid
E001-v2,tuning,E,e-s120-gradient-p1-b100-rejection128,tuning-single-n500,2026090603,radius,max,238.23494327121574,m,valid
E001-v2,tuning,E,e-s120-gradient-p1-b100-rejection128,tuning-single-n500,2026090603,radius,p50,94.80033341650284,m,valid
E001-v2,tuning,E,e-s120-gradient-p1-b100-rejection128,tuning-single-n500,2026090603,radius,p95,188.62070175715172,m,valid
E001-v2,tuning,E,e-s120-gradient-p1-b100-rejection128,tuning-single-n500,2026090603,radius,p99,215.99403323167547,m,valid
E001-v2,tuning,E,e-s120-gradient-p1-b100-rejection128,tuning-single-n500,2026090603,radius,violations,0.0,count,valid
E001-v2,tuning,E,e-s120-gradient-p1-b100-rejection128,tuning-single-n500,2026090603,seam300,value,0.9166666666666665,ratio,valid
E001-v2,tuning,E,e-s120-gradient-p1-b100-rejection128,tuning-single-n500,2026090604,a4,value,0.0,ratio,valid
E001-v2,tuning,E,e-s120-gradient-p1-b100-rejection128,tuning-single-n500,2026090604,radialKs,value,0.07,ratio,valid
E001-v2,tuning,E,e-s120-gradient-p1-b100-rejection128,tuning-single-n500,2026090604,radius,max,244.22736603681926,m,valid
E001-v2,tuning,E,e-s120-gradient-p1-b100-rejection128,tuning-single-n500,2026090604,radius,p50,95.68253389284105,m,valid
E001-v2,tuning,E,e-s120-gradient-p1-b100-rejection128,tuning-single-n500,2026090604,radius,p95,173.03128808863778,m,valid
E001-v2,tuning,E,e-s120-gradient-p1-b100-rejection128,tuning-single-n500,2026090604,radius,p99,221.70774540291796,m,valid
E001-v2,tuning,E,e-s120-gradient-p1-b100-rejection128,tuning-single-n500,2026090604,radius,violations,0.0,count,valid
E001-v2,tuning,E,e-s120-gradient-p1-b100-rejection128,tuning-single-n500,2026090604,seam300,value,0.6666666666666666,ratio,valid
E001-v2,tuning,E,e-s120-gradient-p1-b100-rejection128,tuning-single-n500,2026090605,a4,value,0.04439762308030904,ratio,valid
E001-v2,tuning,E,e-s120-gradient-p1-b100-rejection128,tuning-single-n500,2026090605,radialKs,value,0.10000000000000003,ratio,valid
E001-v2,tuning,E,e-s120-gradient-p1-b100-rejection128,tuning-single-n500,2026090605,radius,max,261.1429718099526,m,valid
E001-v2,tuning,E,e-s120-gradient-p1-b100-rejection128,tuning-single-n500,2026090605,radius,p50,105.39231482202288,m,valid
E001-v2,tuning,E,e-s120-gradient-p1-b100-rejection128,tuning-single-n500,2026090605,radius,p95,184.51172207085972,m,valid
E001-v2,tuning,E,e-s120-gradient-p1-b100-rejection128,tuning-single-n500,2026090605,radius,p99,199.00372354763806,m,valid
E001-v2,tuning,E,e-s120-gradient-p1-b100-rejection128,tuning-single-n500,2026090605,radius,violations,0.0,count,valid
E001-v2,tuning,E,e-s120-gradient-p1-b100-rejection128,tuning-single-n500,2026090605,seam300,value,0.7261904761904762,ratio,valid
E001-v2,tuning,E,e-s120-gradient-p1-b100-sir16,tuning-grid-imbalanced-n4500,,a4,max,0.0073430148721351,ratio,valid
E001-v2,tuning,E,e-s120-gradient-p1-b100-sir16,tuning-grid-imbalanced-n4500,,a4,median,0.0,ratio,valid
E001-v2,tuning,E,e-s120-gradient-p1-b100-sir16,tuning-grid-imbalanced-n4500,,a4,min,0.0,ratio,valid
E001-v2,tuning,E,e-s120-gradient-p1-b100-sir16,tuning-grid-imbalanced-n4500,,hotspot50,cv,1.3888982044132039,ratio,valid
E001-v2,tuning,E,e-s120-gradient-p1-b100-sir16,tuning-grid-imbalanced-n4500,,hotspot50,max,74.0,count,valid
E001-v2,tuning,E,e-s120-gradient-p1-b100-sir16,tuning-grid-imbalanced-n4500,,hotspot50,p99,53.0,count,valid
E001-v2,tuning,E,e-s120-gradient-p1-b100-sir16,tuning-grid-imbalanced-n4500,,neighbors10,value,2.7884444444444445,count,valid
E001-v2,tuning,E,e-s120-gradient-p1-b100-sir16,tuning-grid-imbalanced-n4500,,proximity16,value,0.9506666666666667,ratio,valid
E001-v2,tuning,E,e-s120-gradient-p1-b100-sir16,tuning-grid-imbalanced-n4500,,proximity24,value,0.9873333333333333,ratio,valid
E001-v2,tuning,E,e-s120-gradient-p1-b100-sir16,tuning-grid-imbalanced-n4500,,proximity8,value,0.7193333333333334,ratio,valid
E001-v2,tuning,E,e-s120-gradient-p1-b100-sir16,tuning-grid-imbalanced-n4500,,radius,max.max,260.6950340978667,m,valid
E001-v2,tuning,E,e-s120-gradient-p1-b100-sir16,tuning-grid-imbalanced-n4500,,radius,max.median,247.52346658635568,m,valid
E001-v2,tuning,E,e-s120-gradient-p1-b100-sir16,tuning-grid-imbalanced-n4500,,radius,max.min,239.14085004569603,m,valid
E001-v2,tuning,E,e-s120-gradient-p1-b100-sir16,tuning-grid-imbalanced-n4500,,radius,p50.max,98.66213945737955,m,valid
E001-v2,tuning,E,e-s120-gradient-p1-b100-sir16,tuning-grid-imbalanced-n4500,,radius,p50.median,97.18571740816314,m,valid
E001-v2,tuning,E,e-s120-gradient-p1-b100-sir16,tuning-grid-imbalanced-n4500,,radius,p50.min,94.95916072957338,m,valid
E001-v2,tuning,E,e-s120-gradient-p1-b100-sir16,tuning-grid-imbalanced-n4500,,radius,p95.max,191.95209675106088,m,valid
E001-v2,tuning,E,e-s120-gradient-p1-b100-sir16,tuning-grid-imbalanced-n4500,,radius,p95.median,188.95791617650596,m,valid
E001-v2,tuning,E,e-s120-gradient-p1-b100-sir16,tuning-grid-imbalanced-n4500,,radius,p95.min,183.98781498598447,m,valid
E001-v2,tuning,E,e-s120-gradient-p1-b100-sir16,tuning-grid-imbalanced-n4500,,radius,p99.max,223.68618192190036,m,valid
E001-v2,tuning,E,e-s120-gradient-p1-b100-sir16,tuning-grid-imbalanced-n4500,,radius,p99.median,218.61834834257928,m,valid
E001-v2,tuning,E,e-s120-gradient-p1-b100-sir16,tuning-grid-imbalanced-n4500,,radius,p99.min,216.16096253591195,m,valid
E001-v2,tuning,E,e-s120-gradient-p1-b100-sir16,tuning-grid-imbalanced-n4500,,radius,violations.max,0.0,count,valid
E001-v2,tuning,E,e-s120-gradient-p1-b100-sir16,tuning-grid-imbalanced-n4500,,radius,violations.median,0.0,count,valid
E001-v2,tuning,E,e-s120-gradient-p1-b100-sir16,tuning-grid-imbalanced-n4500,,radius,violations.min,0.0,count,valid
E001-v2,tuning,E,e-s120-gradient-p1-b100-sir16,tuning-grid-imbalanced-n4500,,samplerFailureCount,value,0.0,count,valid
E001-v2,tuning,E,e-s120-gradient-p1-b100-sir16,tuning-grid-imbalanced-n4500,,seam300,max,0.5271672771672771,ratio,valid
E001-v2,tuning,E,e-s120-gradient-p1-b100-sir16,tuning-grid-imbalanced-n4500,,seam300,median,0.3314777327935223,ratio,valid
E001-v2,tuning,E,e-s120-gradient-p1-b100-sir16,tuning-grid-imbalanced-n4500,,seam300,min,0.265301262205287,ratio,valid
E001-v2,tuning,E,e-s120-gradient-p1-b100-sir16,tuning-grid-imbalanced-n4500,2026090601,a4,value,0.0073430148721351,ratio,valid
E001-v2,tuning,E,e-s120-gradient-p1-b100-sir16,tuning-grid-imbalanced-n4500,2026090601,radius,max,260.40206622840856,m,valid
E001-v2,tuning,E,e-s120-gradient-p1-b100-sir16,tuning-grid-imbalanced-n4500,2026090601,radius,p50,95.31821983356477,m,valid
E001-v2,tuning,E,e-s120-gradient-p1-b100-sir16,tuning-grid-imbalanced-n4500,2026090601,radius,p95,190.33046787295353,m,valid
E001-v2,tuning,E,e-s120-gradient-p1-b100-sir16,tuning-grid-imbalanced-n4500,2026090601,radius,p99,223.68618192190036,m,valid
E001-v2,tuning,E,e-s120-gradient-p1-b100-sir16,tuning-grid-imbalanced-n4500,2026090601,radius,violations,0.0,count,valid
E001-v2,tuning,E,e-s120-gradient-p1-b100-sir16,tuning-grid-imbalanced-n4500,2026090601,seam300,value,0.27022058823529416,ratio,valid
E001-v2,tuning,E,e-s120-gradient-p1-b100-sir16,tuning-grid-imbalanced-n4500,2026090602,a4,value,0.0,ratio,valid
E001-v2,tuning,E,e-s120-gradient-p1-b100-sir16,tuning-grid-imbalanced-n4500,2026090602,radius,max,247.52346658635568,m,valid
E001-v2,tuning,E,e-s120-gradient-p1-b100-sir16,tuning-grid-imbalanced-n4500,2026090602,radius,p50,97.18571740816314,m,valid
E001-v2,tuning,E,e-s120-gradient-p1-b100-sir16,tuning-grid-imbalanced-n4500,2026090602,radius,p95,188.95791617650596,m,valid
E001-v2,tuning,E,e-s120-gradient-p1-b100-sir16,tuning-grid-imbalanced-n4500,2026090602,radius,p99,216.40462367819475,m,valid
E001-v2,tuning,E,e-s120-gradient-p1-b100-sir16,tuning-grid-imbalanced-n4500,2026090602,radius,violations,0.0,count,valid
E001-v2,tuning,E,e-s120-gradient-p1-b100-sir16,tuning-grid-imbalanced-n4500,2026090602,seam300,value,0.5271672771672771,ratio,valid
E001-v2,tuning,E,e-s120-gradient-p1-b100-sir16,tuning-grid-imbalanced-n4500,2026090603,a4,value,0.0,ratio,valid
E001-v2,tuning,E,e-s120-gradient-p1-b100-sir16,tuning-grid-imbalanced-n4500,2026090603,radius,max,239.14085004569603,m,valid
E001-v2,tuning,E,e-s120-gradient-p1-b100-sir16,tuning-grid-imbalanced-n4500,2026090603,radius,p50,98.19083700390578,m,valid
E001-v2,tuning,E,e-s120-gradient-p1-b100-sir16,tuning-grid-imbalanced-n4500,2026090603,radius,p95,191.95209675106088,m,valid
E001-v2,tuning,E,e-s120-gradient-p1-b100-sir16,tuning-grid-imbalanced-n4500,2026090603,radius,p99,218.61834834257928,m,valid
E001-v2,tuning,E,e-s120-gradient-p1-b100-sir16,tuning-grid-imbalanced-n4500,2026090603,radius,violations,0.0,count,valid
E001-v2,tuning,E,e-s120-gradient-p1-b100-sir16,tuning-grid-imbalanced-n4500,2026090603,seam300,value,0.41409774436090224,ratio,valid
E001-v2,tuning,E,e-s120-gradient-p1-b100-sir16,tuning-grid-imbalanced-n4500,2026090604,a4,value,0.0,ratio,valid
E001-v2,tuning,E,e-s120-gradient-p1-b100-sir16,tuning-grid-imbalanced-n4500,2026090604,radius,max,260.6950340978667,m,valid
E001-v2,tuning,E,e-s120-gradient-p1-b100-sir16,tuning-grid-imbalanced-n4500,2026090604,radius,p50,94.95916072957338,m,valid
E001-v2,tuning,E,e-s120-gradient-p1-b100-sir16,tuning-grid-imbalanced-n4500,2026090604,radius,p95,183.98781498598447,m,valid
E001-v2,tuning,E,e-s120-gradient-p1-b100-sir16,tuning-grid-imbalanced-n4500,2026090604,radius,p99,216.16096253591195,m,valid
E001-v2,tuning,E,e-s120-gradient-p1-b100-sir16,tuning-grid-imbalanced-n4500,2026090604,radius,violations,0.0,count,valid
E001-v2,tuning,E,e-s120-gradient-p1-b100-sir16,tuning-grid-imbalanced-n4500,2026090604,seam300,value,0.3314777327935223,ratio,valid
E001-v2,tuning,E,e-s120-gradient-p1-b100-sir16,tuning-grid-imbalanced-n4500,2026090605,a4,value,0.0,ratio,valid
E001-v2,tuning,E,e-s120-gradient-p1-b100-sir16,tuning-grid-imbalanced-n4500,2026090605,radius,max,244.5268507516374,m,valid
E001-v2,tuning,E,e-s120-gradient-p1-b100-sir16,tuning-grid-imbalanced-n4500,2026090605,radius,p50,98.66213945737955,m,valid
E001-v2,tuning,E,e-s120-gradient-p1-b100-sir16,tuning-grid-imbalanced-n4500,2026090605,radius,p95,188.6429501751618,m,valid
E001-v2,tuning,E,e-s120-gradient-p1-b100-sir16,tuning-grid-imbalanced-n4500,2026090605,radius,p99,219.48306435969886,m,valid
E001-v2,tuning,E,e-s120-gradient-p1-b100-sir16,tuning-grid-imbalanced-n4500,2026090605,radius,violations,0.0,count,valid
E001-v2,tuning,E,e-s120-gradient-p1-b100-sir16,tuning-grid-imbalanced-n4500,2026090605,seam300,value,0.265301262205287,ratio,valid
E001-v2,tuning,E,e-s120-gradient-p1-b100-sir16,tuning-single-n500,,a4,max,0.0,ratio,valid
E001-v2,tuning,E,e-s120-gradient-p1-b100-sir16,tuning-single-n500,,a4,median,0.0,ratio,valid
E001-v2,tuning,E,e-s120-gradient-p1-b100-sir16,tuning-single-n500,,a4,min,0.0,ratio,valid
E001-v2,tuning,E,e-s120-gradient-p1-b100-sir16,tuning-single-n500,,hotspot50,cv,1.9387913760897557,ratio,valid
E001-v2,tuning,E,e-s120-gradient-p1-b100-sir16,tuning-single-n500,,hotspot50,max,34.0,count,valid
E001-v2,tuning,E,e-s120-gradient-p1-b100-sir16,tuning-single-n500,,hotspot50,p99,30.0,count,valid
E001-v2,tuning,E,e-s120-gradient-p1-b100-sir16,tuning-single-n500,,neighbors10,value,1.96,count,valid
E001-v2,tuning,E,e-s120-gradient-p1-b100-sir16,tuning-single-n500,,proximity16,value,0.902,ratio,valid
E001-v2,tuning,E,e-s120-gradient-p1-b100-sir16,tuning-single-n500,,proximity24,value,0.96,ratio,valid
E001-v2,tuning,E,e-s120-gradient-p1-b100-sir16,tuning-single-n500,,proximity8,value,0.644,ratio,valid
E001-v2,tuning,E,e-s120-gradient-p1-b100-sir16,tuning-single-n500,,radialKs,max,0.18,ratio,valid
E001-v2,tuning,E,e-s120-gradient-p1-b100-sir16,tuning-single-n500,,radialKs,median,0.1,ratio,valid
E001-v2,tuning,E,e-s120-gradient-p1-b100-sir16,tuning-single-n500,,radialKs,min,0.06,ratio,valid
E001-v2,tuning,E,e-s120-gradient-p1-b100-sir16,tuning-single-n500,,radius,max.max,247.39011235907736,m,valid
E001-v2,tuning,E,e-s120-gradient-p1-b100-sir16,tuning-single-n500,,radius,max.median,233.6280045284237,m,valid
E001-v2,tuning,E,e-s120-gradient-p1-b100-sir16,tuning-single-n500,,radius,max.min,218.38416879174773,m,valid
E001-v2,tuning,E,e-s120-gradient-p1-b100-sir16,tuning-single-n500,,radius,p50.max,101.63435498458888,m,valid
E001-v2,tuning,E,e-s120-gradient-p1-b100-sir16,tuning-single-n500,,radius,p50.median,94.41099450755911,m,valid
E001-v2,tuning,E,e-s120-gradient-p1-b100-sir16,tuning-single-n500,,radius,p50.min,89.19736028632437,m,valid
E001-v2,tuning,E,e-s120-gradient-p1-b100-sir16,tuning-single-n500,,radius,p95.max,196.40409126035618,m,valid
E001-v2,tuning,E,e-s120-gradient-p1-b100-sir16,tuning-single-n500,,radius,p95.median,184.1138486148544,m,valid
E001-v2,tuning,E,e-s120-gradient-p1-b100-sir16,tuning-single-n500,,radius,p95.min,182.1372193065513,m,valid
E001-v2,tuning,E,e-s120-gradient-p1-b100-sir16,tuning-single-n500,,radius,p99.max,233.09654236074596,m,valid
E001-v2,tuning,E,e-s120-gradient-p1-b100-sir16,tuning-single-n500,,radius,p99.median,208.41363030402604,m,valid
E001-v2,tuning,E,e-s120-gradient-p1-b100-sir16,tuning-single-n500,,radius,p99.min,203.72780584614486,m,valid
E001-v2,tuning,E,e-s120-gradient-p1-b100-sir16,tuning-single-n500,,radius,violations.max,0.0,count,valid
E001-v2,tuning,E,e-s120-gradient-p1-b100-sir16,tuning-single-n500,,radius,violations.median,0.0,count,valid
E001-v2,tuning,E,e-s120-gradient-p1-b100-sir16,tuning-single-n500,,radius,violations.min,0.0,count,valid
E001-v2,tuning,E,e-s120-gradient-p1-b100-sir16,tuning-single-n500,,samplerFailureCount,value,0.0,count,valid
E001-v2,tuning,E,e-s120-gradient-p1-b100-sir16,tuning-single-n500,,seam300,max,1.1833333333333333,ratio,valid
E001-v2,tuning,E,e-s120-gradient-p1-b100-sir16,tuning-single-n500,,seam300,median,0.9583333333333333,ratio,valid
E001-v2,tuning,E,e-s120-gradient-p1-b100-sir16,tuning-single-n500,,seam300,min,0.7083333333333333,ratio,valid
E001-v2,tuning,E,e-s120-gradient-p1-b100-sir16,tuning-single-n500,2026090601,a4,value,0.0,ratio,valid
E001-v2,tuning,E,e-s120-gradient-p1-b100-sir16,tuning-single-n500,2026090601,radialKs,value,0.18,ratio,valid
E001-v2,tuning,E,e-s120-gradient-p1-b100-sir16,tuning-single-n500,2026090601,radius,max,228.4353096608731,m,valid
E001-v2,tuning,E,e-s120-gradient-p1-b100-sir16,tuning-single-n500,2026090601,radius,p50,91.68016354440503,m,valid
E001-v2,tuning,E,e-s120-gradient-p1-b100-sir16,tuning-single-n500,2026090601,radius,p95,184.1138486148544,m,valid
E001-v2,tuning,E,e-s120-gradient-p1-b100-sir16,tuning-single-n500,2026090601,radius,p99,203.72780584614486,m,valid
E001-v2,tuning,E,e-s120-gradient-p1-b100-sir16,tuning-single-n500,2026090601,radius,violations,0.0,count,valid
E001-v2,tuning,E,e-s120-gradient-p1-b100-sir16,tuning-single-n500,2026090601,seam300,value,0.9583333333333333,ratio,valid
E001-v2,tuning,E,e-s120-gradient-p1-b100-sir16,tuning-single-n500,2026090602,a4,value,0.0,ratio,valid
E001-v2,tuning,E,e-s120-gradient-p1-b100-sir16,tuning-single-n500,2026090602,radialKs,value,0.10999999999999999,ratio,valid
E001-v2,tuning,E,e-s120-gradient-p1-b100-sir16,tuning-single-n500,2026090602,radius,max,247.39011235907736,m,valid
E001-v2,tuning,E,e-s120-gradient-p1-b100-sir16,tuning-single-n500,2026090602,radius,p50,99.7128620291443,m,valid
E001-v2,tuning,E,e-s120-gradient-p1-b100-sir16,tuning-single-n500,2026090602,radius,p95,196.40409126035618,m,valid
E001-v2,tuning,E,e-s120-gradient-p1-b100-sir16,tuning-single-n500,2026090602,radius,p99,206.1484834889502,m,valid
E001-v2,tuning,E,e-s120-gradient-p1-b100-sir16,tuning-single-n500,2026090602,radius,violations,0.0,count,valid
E001-v2,tuning,E,e-s120-gradient-p1-b100-sir16,tuning-single-n500,2026090602,seam300,value,0.7083333333333333,ratio,valid
E001-v2,tuning,E,e-s120-gradient-p1-b100-sir16,tuning-single-n500,2026090603,a4,value,0.0,ratio,valid
E001-v2,tuning,E,e-s120-gradient-p1-b100-sir16,tuning-single-n500,2026090603,radialKs,value,0.08000000000000002,ratio,valid
E001-v2,tuning,E,e-s120-gradient-p1-b100-sir16,tuning-single-n500,2026090603,radius,max,218.38416879174773,m,valid
E001-v2,tuning,E,e-s120-gradient-p1-b100-sir16,tuning-single-n500,2026090603,radius,p50,101.63435498458888,m,valid
E001-v2,tuning,E,e-s120-gradient-p1-b100-sir16,tuning-single-n500,2026090603,radius,p95,182.1372193065513,m,valid
E001-v2,tuning,E,e-s120-gradient-p1-b100-sir16,tuning-single-n500,2026090603,radius,p99,210.7353247265832,m,valid
E001-v2,tuning,E,e-s120-gradient-p1-b100-sir16,tuning-single-n500,2026090603,radius,violations,0.0,count,valid
E001-v2,tuning,E,e-s120-gradient-p1-b100-sir16,tuning-single-n500,2026090603,seam300,value,0.9583333333333333,ratio,valid
E001-v2,tuning,E,e-s120-gradient-p1-b100-sir16,tuning-single-n500,2026090604,a4,value,0.0,ratio,valid
E001-v2,tuning,E,e-s120-gradient-p1-b100-sir16,tuning-single-n500,2026090604,radialKs,value,0.06,ratio,valid
E001-v2,tuning,E,e-s120-gradient-p1-b100-sir16,tuning-single-n500,2026090604,radius,max,240.60988135132362,m,valid
E001-v2,tuning,E,e-s120-gradient-p1-b100-sir16,tuning-single-n500,2026090604,radius,p50,94.41099450755911,m,valid
E001-v2,tuning,E,e-s120-gradient-p1-b100-sir16,tuning-single-n500,2026090604,radius,p95,193.964723194151,m,valid
E001-v2,tuning,E,e-s120-gradient-p1-b100-sir16,tuning-single-n500,2026090604,radius,p99,233.09654236074596,m,valid
E001-v2,tuning,E,e-s120-gradient-p1-b100-sir16,tuning-single-n500,2026090604,radius,violations,0.0,count,valid
E001-v2,tuning,E,e-s120-gradient-p1-b100-sir16,tuning-single-n500,2026090604,seam300,value,1.1833333333333333,ratio,valid
E001-v2,tuning,E,e-s120-gradient-p1-b100-sir16,tuning-single-n500,2026090605,a4,value,0.0,ratio,valid
E001-v2,tuning,E,e-s120-gradient-p1-b100-sir16,tuning-single-n500,2026090605,radialKs,value,0.1,ratio,valid
E001-v2,tuning,E,e-s120-gradient-p1-b100-sir16,tuning-single-n500,2026090605,radius,max,233.6280045284237,m,valid
E001-v2,tuning,E,e-s120-gradient-p1-b100-sir16,tuning-single-n500,2026090605,radius,p50,89.19736028632437,m,valid
E001-v2,tuning,E,e-s120-gradient-p1-b100-sir16,tuning-single-n500,2026090605,radius,p95,183.56606697465295,m,valid
E001-v2,tuning,E,e-s120-gradient-p1-b100-sir16,tuning-single-n500,2026090605,radius,p99,208.41363030402604,m,valid
E001-v2,tuning,E,e-s120-gradient-p1-b100-sir16,tuning-single-n500,2026090605,radius,violations,0.0,count,valid
E001-v2,tuning,E,e-s120-gradient-p1-b100-sir16,tuning-single-n500,2026090605,seam300,value,0.9166666666666666,ratio,valid
E001-v2,tuning,E,e-s120-gradient-p1-b100-sir32,tuning-grid-imbalanced-n4500,,a4,max,0.06545111972237802,ratio,valid
E001-v2,tuning,E,e-s120-gradient-p1-b100-sir32,tuning-grid-imbalanced-n4500,,a4,median,0.029998422588366394,ratio,valid
E001-v2,tuning,E,e-s120-gradient-p1-b100-sir32,tuning-grid-imbalanced-n4500,,a4,min,0.0,ratio,valid
E001-v2,tuning,E,e-s120-gradient-p1-b100-sir32,tuning-grid-imbalanced-n4500,,hotspot50,cv,1.404801923562338,ratio,valid
E001-v2,tuning,E,e-s120-gradient-p1-b100-sir32,tuning-grid-imbalanced-n4500,,hotspot50,max,78.0,count,valid
E001-v2,tuning,E,e-s120-gradient-p1-b100-sir32,tuning-grid-imbalanced-n4500,,hotspot50,p99,51.0,count,valid
E001-v2,tuning,E,e-s120-gradient-p1-b100-sir32,tuning-grid-imbalanced-n4500,,neighbors10,value,2.859111111111111,count,valid
E001-v2,tuning,E,e-s120-gradient-p1-b100-sir32,tuning-grid-imbalanced-n4500,,proximity16,value,0.956,ratio,valid
E001-v2,tuning,E,e-s120-gradient-p1-b100-sir32,tuning-grid-imbalanced-n4500,,proximity24,value,0.9866666666666667,ratio,valid
E001-v2,tuning,E,e-s120-gradient-p1-b100-sir32,tuning-grid-imbalanced-n4500,,proximity8,value,0.7273333333333334,ratio,valid
E001-v2,tuning,E,e-s120-gradient-p1-b100-sir32,tuning-grid-imbalanced-n4500,,radius,max.max,277.50610464130597,m,valid
E001-v2,tuning,E,e-s120-gradient-p1-b100-sir32,tuning-grid-imbalanced-n4500,,radius,max.median,260.41267294419583,m,valid
E001-v2,tuning,E,e-s120-gradient-p1-b100-sir32,tuning-grid-imbalanced-n4500,,radius,max.min,246.16410078003327,m,valid
E001-v2,tuning,E,e-s120-gradient-p1-b100-sir32,tuning-grid-imbalanced-n4500,,radius,p50.max,101.32607505126198,m,valid
E001-v2,tuning,E,e-s120-gradient-p1-b100-sir32,tuning-grid-imbalanced-n4500,,radius,p50.median,97.38389557711923,m,valid
E001-v2,tuning,E,e-s120-gradient-p1-b100-sir32,tuning-grid-imbalanced-n4500,,radius,p50.min,94.71357646881756,m,valid
E001-v2,tuning,E,e-s120-gradient-p1-b100-sir32,tuning-grid-imbalanced-n4500,,radius,p95.max,188.05691347908044,m,valid
E001-v2,tuning,E,e-s120-gradient-p1-b100-sir32,tuning-grid-imbalanced-n4500,,radius,p95.median,187.021972908243,m,valid
E001-v2,tuning,E,e-s120-gradient-p1-b100-sir32,tuning-grid-imbalanced-n4500,,radius,p95.min,179.63225414023327,m,valid
E001-v2,tuning,E,e-s120-gradient-p1-b100-sir32,tuning-grid-imbalanced-n4500,,radius,p99.max,227.34692599582544,m,valid
E001-v2,tuning,E,e-s120-gradient-p1-b100-sir32,tuning-grid-imbalanced-n4500,,radius,p99.median,221.0652241040053,m,valid
E001-v2,tuning,E,e-s120-gradient-p1-b100-sir32,tuning-grid-imbalanced-n4500,,radius,p99.min,211.56616845441278,m,valid
E001-v2,tuning,E,e-s120-gradient-p1-b100-sir32,tuning-grid-imbalanced-n4500,,radius,violations.max,0.0,count,valid
E001-v2,tuning,E,e-s120-gradient-p1-b100-sir32,tuning-grid-imbalanced-n4500,,radius,violations.median,0.0,count,valid
E001-v2,tuning,E,e-s120-gradient-p1-b100-sir32,tuning-grid-imbalanced-n4500,,radius,violations.min,0.0,count,valid
E001-v2,tuning,E,e-s120-gradient-p1-b100-sir32,tuning-grid-imbalanced-n4500,,samplerFailureCount,value,0.0,count,valid
E001-v2,tuning,E,e-s120-gradient-p1-b100-sir32,tuning-grid-imbalanced-n4500,,seam300,max,0.5345365418894831,ratio,valid
E001-v2,tuning,E,e-s120-gradient-p1-b100-sir32,tuning-grid-imbalanced-n4500,,seam300,median,0.2986111111111111,ratio,valid
E001-v2,tuning,E,e-s120-gradient-p1-b100-sir32,tuning-grid-imbalanced-n4500,,seam300,min,0.15734649122807018,ratio,valid
E001-v2,tuning,E,e-s120-gradient-p1-b100-sir32,tuning-grid-imbalanced-n4500,2026090601,a4,value,0.0,ratio,valid
E001-v2,tuning,E,e-s120-gradient-p1-b100-sir32,tuning-grid-imbalanced-n4500,2026090601,radius,max,277.50610464130597,m,valid
E001-v2,tuning,E,e-s120-gradient-p1-b100-sir32,tuning-grid-imbalanced-n4500,2026090601,radius,p50,101.32607505126198,m,valid
E001-v2,tuning,E,e-s120-gradient-p1-b100-sir32,tuning-grid-imbalanced-n4500,2026090601,radius,p95,187.52415886464004,m,valid
E001-v2,tuning,E,e-s120-gradient-p1-b100-sir32,tuning-grid-imbalanced-n4500,2026090601,radius,p99,221.0652241040053,m,valid
E001-v2,tuning,E,e-s120-gradient-p1-b100-sir32,tuning-grid-imbalanced-n4500,2026090601,radius,violations,0.0,count,valid
E001-v2,tuning,E,e-s120-gradient-p1-b100-sir32,tuning-grid-imbalanced-n4500,2026090601,seam300,value,0.15734649122807018,ratio,valid
E001-v2,tuning,E,e-s120-gradient-p1-b100-sir32,tuning-grid-imbalanced-n4500,2026090602,a4,value,0.06545111972237802,ratio,valid
E001-v2,tuning,E,e-s120-gradient-p1-b100-sir32,tuning-grid-imbalanced-n4500,2026090602,radius,max,251.66511030733753,m,valid
E001-v2,tuning,E,e-s120-gradient-p1-b100-sir32,tuning-grid-imbalanced-n4500,2026090602,radius,p50,94.71357646881756,m,valid
E001-v2,tuning,E,e-s120-gradient-p1-b100-sir32,tuning-grid-imbalanced-n4500,2026090602,radius,p95,179.63225414023327,m,valid
E001-v2,tuning,E,e-s120-gradient-p1-b100-sir32,tuning-grid-imbalanced-n4500,2026090602,radius,p99,211.56616845441278,m,valid
E001-v2,tuning,E,e-s120-gradient-p1-b100-sir32,tuning-grid-imbalanced-n4500,2026090602,radius,violations,0.0,count,valid
E001-v2,tuning,E,e-s120-gradient-p1-b100-sir32,tuning-grid-imbalanced-n4500,2026090602,seam300,value,0.5345365418894831,ratio,valid
E001-v2,tuning,E,e-s120-gradient-p1-b100-sir32,tuning-grid-imbalanced-n4500,2026090603,a4,value,0.029998422588366394,ratio,valid
E001-v2,tuning,E,e-s120-gradient-p1-b100-sir32,tuning-grid-imbalanced-n4500,2026090603,radius,max,246.16410078003327,m,valid
E001-v2,tuning,E,e-s120-gradient-p1-b100-sir32,tuning-grid-imbalanced-n4500,2026090603,radius,p50,97.13514792006133,m,valid
E001-v2,tuning,E,e-s120-gradient-p1-b100-sir32,tuning-grid-imbalanced-n4500,2026090603,radius,p95,187.021972908243,m,valid
E001-v2,tuning,E,e-s120-gradient-p1-b100-sir32,tuning-grid-imbalanced-n4500,2026090603,radius,p99,227.34692599582544,m,valid
E001-v2,tuning,E,e-s120-gradient-p1-b100-sir32,tuning-grid-imbalanced-n4500,2026090603,radius,violations,0.0,count,valid
E001-v2,tuning,E,e-s120-gradient-p1-b100-sir32,tuning-grid-imbalanced-n4500,2026090603,seam300,value,0.23794320359722837,ratio,valid
E001-v2,tuning,E,e-s120-gradient-p1-b100-sir32,tuning-grid-imbalanced-n4500,2026090604,a4,value,0.03288826827122288,ratio,valid
E001-v2,tuning,E,e-s120-gradient-p1-b100-sir32,tuning-grid-imbalanced-n4500,2026090604,radius,max,260.41267294419583,m,valid
E001-v2,tuning,E,e-s120-gradient-p1-b100-sir32,tuning-grid-imbalanced-n4500,2026090604,radius,p50,97.92096668420263,m,valid
E001-v2,tuning,E,e-s120-gradient-p1-b100-sir32,tuning-grid-imbalanced-n4500,2026090604,radius,p95,185.7268887265501,m,valid
E001-v2,tuning,E,e-s120-gradient-p1-b100-sir32,tuning-grid-imbalanced-n4500,2026090604,radius,p99,216.16096253591195,m,valid
E001-v2,tuning,E,e-s120-gradient-p1-b100-sir32,tuning-grid-imbalanced-n4500,2026090604,radius,violations,0.0,count,valid
E001-v2,tuning,E,e-s120-gradient-p1-b100-sir32,tuning-grid-imbalanced-n4500,2026090604,seam300,value,0.2986111111111111,ratio,valid
E001-v2,tuning,E,e-s120-gradient-p1-b100-sir32,tuning-grid-imbalanced-n4500,2026090605,a4,value,0.0,ratio,valid
E001-v2,tuning,E,e-s120-gradient-p1-b100-sir32,tuning-grid-imbalanced-n4500,2026090605,radius,max,263.442388063703,m,valid
E001-v2,tuning,E,e-s120-gradient-p1-b100-sir32,tuning-grid-imbalanced-n4500,2026090605,radius,p50,97.38389557711923,m,valid
E001-v2,tuning,E,e-s120-gradient-p1-b100-sir32,tuning-grid-imbalanced-n4500,2026090605,radius,p95,188.05691347908044,m,valid
E001-v2,tuning,E,e-s120-gradient-p1-b100-sir32,tuning-grid-imbalanced-n4500,2026090605,radius,p99,223.196306756164,m,valid
E001-v2,tuning,E,e-s120-gradient-p1-b100-sir32,tuning-grid-imbalanced-n4500,2026090605,radius,violations,0.0,count,valid
E001-v2,tuning,E,e-s120-gradient-p1-b100-sir32,tuning-grid-imbalanced-n4500,2026090605,seam300,value,0.4514411027568922,ratio,valid
E001-v2,tuning,E,e-s120-gradient-p1-b100-sir32,tuning-single-n500,,a4,max,0.0738774487888816,ratio,valid
E001-v2,tuning,E,e-s120-gradient-p1-b100-sir32,tuning-single-n500,,a4,median,0.0,ratio,valid
E001-v2,tuning,E,e-s120-gradient-p1-b100-sir32,tuning-single-n500,,a4,min,0.0,ratio,valid
E001-v2,tuning,E,e-s120-gradient-p1-b100-sir32,tuning-single-n500,,hotspot50,cv,1.846579540664308,ratio,valid
E001-v2,tuning,E,e-s120-gradient-p1-b100-sir32,tuning-single-n500,,hotspot50,max,34.0,count,valid
E001-v2,tuning,E,e-s120-gradient-p1-b100-sir32,tuning-single-n500,,hotspot50,p99,26.0,count,valid
E001-v2,tuning,E,e-s120-gradient-p1-b100-sir32,tuning-single-n500,,neighbors10,value,1.884,count,valid
E001-v2,tuning,E,e-s120-gradient-p1-b100-sir32,tuning-single-n500,,proximity16,value,0.93,ratio,valid
E001-v2,tuning,E,e-s120-gradient-p1-b100-sir32,tuning-single-n500,,proximity24,value,0.974,ratio,valid
E001-v2,tuning,E,e-s120-gradient-p1-b100-sir32,tuning-single-n500,,proximity8,value,0.616,ratio,valid
E001-v2,tuning,E,e-s120-gradient-p1-b100-sir32,tuning-single-n500,,radialKs,max,0.17000000000000004,ratio,valid
E001-v2,tuning,E,e-s120-gradient-p1-b100-sir32,tuning-single-n500,,radialKs,median,0.10000000000000009,ratio,valid
E001-v2,tuning,E,e-s120-gradient-p1-b100-sir32,tuning-single-n500,,radialKs,min,0.10000000000000003,ratio,valid
E001-v2,tuning,E,e-s120-gradient-p1-b100-sir32,tuning-single-n500,,radius,max.max,237.5394568143986,m,valid
E001-v2,tuning,E,e-s120-gradient-p1-b100-sir32,tuning-single-n500,,radius,max.median,228.23088269563536,m,valid
E001-v2,tuning,E,e-s120-gradient-p1-b100-sir32,tuning-single-n500,,radius,max.min,198.22442148967957,m,valid
E001-v2,tuning,E,e-s120-gradient-p1-b100-sir32,tuning-single-n500,,radius,p50.max,105.48793291513111,m,valid
E001-v2,tuning,E,e-s120-gradient-p1-b100-sir32,tuning-single-n500,,radius,p50.median,98.84763055793825,m,valid
E001-v2,tuning,E,e-s120-gradient-p1-b100-sir32,tuning-single-n500,,radius,p50.min,92.08245161748412,m,valid
E001-v2,tuning,E,e-s120-gradient-p1-b100-sir32,tuning-single-n500,,radius,p95.max,186.80876279287523,m,valid
E001-v2,tuning,E,e-s120-gradient-p1-b100-sir32,tuning-single-n500,,radius,p95.median,175.3339735408257,m,valid
E001-v2,tuning,E,e-s120-gradient-p1-b100-sir32,tuning-single-n500,,radius,p95.min,163.98784821650958,m,valid
E001-v2,tuning,E,e-s120-gradient-p1-b100-sir32,tuning-single-n500,,radius,p99.max,220.9960184443913,m,valid
E001-v2,tuning,E,e-s120-gradient-p1-b100-sir32,tuning-single-n500,,radius,p99.median,204.48883389037718,m,valid
E001-v2,tuning,E,e-s120-gradient-p1-b100-sir32,tuning-single-n500,,radius,p99.min,189.67392365157707,m,valid
E001-v2,tuning,E,e-s120-gradient-p1-b100-sir32,tuning-single-n500,,radius,violations.max,0.0,count,valid
E001-v2,tuning,E,e-s120-gradient-p1-b100-sir32,tuning-single-n500,,radius,violations.median,0.0,count,valid
E001-v2,tuning,E,e-s120-gradient-p1-b100-sir32,tuning-single-n500,,radius,violations.min,0.0,count,valid
E001-v2,tuning,E,e-s120-gradient-p1-b100-sir32,tuning-single-n500,,samplerFailureCount,value,0.0,count,valid
E001-v2,tuning,E,e-s120-gradient-p1-b100-sir32,tuning-single-n500,,seam300,max,0.9750000000000001,ratio,valid
E001-v2,tuning,E,e-s120-gradient-p1-b100-sir32,tuning-single-n500,,seam300,median,0.7916666666666666,ratio,valid
E001-v2,tuning,E,e-s120-gradient-p1-b100-sir32,tuning-single-n500,,seam300,min,0.4583333333333333,ratio,valid
E001-v2,tuning,E,e-s120-gradient-p1-b100-sir32,tuning-single-n500,2026090601,a4,value,0.0,ratio,valid
E001-v2,tuning,E,e-s120-gradient-p1-b100-sir32,tuning-single-n500,2026090601,radialKs,value,0.17000000000000004,ratio,valid
E001-v2,tuning,E,e-s120-gradient-p1-b100-sir32,tuning-single-n500,2026090601,radius,max,237.5394568143986,m,valid
E001-v2,tuning,E,e-s120-gradient-p1-b100-sir32,tuning-single-n500,2026090601,radius,p50,92.10769270388786,m,valid
E001-v2,tuning,E,e-s120-gradient-p1-b100-sir32,tuning-single-n500,2026090601,radius,p95,186.80876279287523,m,valid
E001-v2,tuning,E,e-s120-gradient-p1-b100-sir32,tuning-single-n500,2026090601,radius,p99,204.48883389037718,m,valid
E001-v2,tuning,E,e-s120-gradient-p1-b100-sir32,tuning-single-n500,2026090601,radius,violations,0.0,count,valid
E001-v2,tuning,E,e-s120-gradient-p1-b100-sir32,tuning-single-n500,2026090601,seam300,value,0.4583333333333333,ratio,valid
E001-v2,tuning,E,e-s120-gradient-p1-b100-sir32,tuning-single-n500,2026090602,a4,value,0.0,ratio,valid
E001-v2,tuning,E,e-s120-gradient-p1-b100-sir32,tuning-single-n500,2026090602,radialKs,value,0.10000000000000009,ratio,valid
E001-v2,tuning,E,e-s120-gradient-p1-b100-sir32,tuning-single-n500,2026090602,radius,max,231.28586068857805,m,valid
E001-v2,tuning,E,e-s120-gradient-p1-b100-sir32,tuning-single-n500,2026090602,radius,p50,103.57154921240989,m,valid
E001-v2,tuning,E,e-s120-gradient-p1-b100-sir32,tuning-single-n500,2026090602,radius,p95,174.15679933331108,m,valid
E001-v2,tuning,E,e-s120-gradient-p1-b100-sir32,tuning-single-n500,2026090602,radius,p99,220.9960184443913,m,valid
E001-v2,tuning,E,e-s120-gradient-p1-b100-sir32,tuning-single-n500,2026090602,radius,violations,0.0,count,valid
E001-v2,tuning,E,e-s120-gradient-p1-b100-sir32,tuning-single-n500,2026090602,seam300,value,0.9750000000000001,ratio,valid
E001-v2,tuning,E,e-s120-gradient-p1-b100-sir32,tuning-single-n500,2026090603,a4,value,0.0738774487888816,ratio,valid
E001-v2,tuning,E,e-s120-gradient-p1-b100-sir32,tuning-single-n500,2026090603,radialKs,value,0.12,ratio,valid
E001-v2,tuning,E,e-s120-gradient-p1-b100-sir32,tuning-single-n500,2026090603,radius,max,227.65572751511888,m,valid
E001-v2,tuning,E,e-s120-gradient-p1-b100-sir32,tuning-single-n500,2026090603,radius,p50,105.48793291513111,m,valid
E001-v2,tuning,E,e-s120-gradient-p1-b100-sir32,tuning-single-n500,2026090603,radius,p95,175.3339735408257,m,valid
E001-v2,tuning,E,e-s120-gradient-p1-b100-sir32,tuning-single-n500,2026090603,radius,p99,189.67392365157707,m,valid
E001-v2,tuning,E,e-s120-gradient-p1-b100-sir32,tuning-single-n500,2026090603,radius,violations,0.0,count,valid
E001-v2,tuning,E,e-s120-gradient-p1-b100-sir32,tuning-single-n500,2026090603,seam300,value,0.875,ratio,valid
E001-v2,tuning,E,e-s120-gradient-p1-b100-sir32,tuning-single-n500,2026090604,a4,value,0.04060453889335884,ratio,valid
E001-v2,tuning,E,e-s120-gradient-p1-b100-sir32,tuning-single-n500,2026090604,radialKs,value,0.10000000000000003,ratio,valid
E001-v2,tuning,E,e-s120-gradient-p1-b100-sir32,tuning-single-n500,2026090604,radius,max,198.22442148967957,m,valid
E001-v2,tuning,E,e-s120-gradient-p1-b100-sir32,tuning-single-n500,2026090604,radius,p50,98.84763055793825,m,valid
E001-v2,tuning,E,e-s120-gradient-p1-b100-sir32,tuning-single-n500,2026090604,radius,p95,163.98784821650958,m,valid
E001-v2,tuning,E,e-s120-gradient-p1-b100-sir32,tuning-single-n500,2026090604,radius,p99,191.1381979632117,m,valid
E001-v2,tuning,E,e-s120-gradient-p1-b100-sir32,tuning-single-n500,2026090604,radius,violations,0.0,count,valid
E001-v2,tuning,E,e-s120-gradient-p1-b100-sir32,tuning-single-n500,2026090604,seam300,value,0.7916666666666666,ratio,valid
E001-v2,tuning,E,e-s120-gradient-p1-b100-sir32,tuning-single-n500,2026090605,a4,value,0.0,ratio,valid
E001-v2,tuning,E,e-s120-gradient-p1-b100-sir32,tuning-single-n500,2026090605,radialKs,value,0.10000000000000003,ratio,valid
E001-v2,tuning,E,e-s120-gradient-p1-b100-sir32,tuning-single-n500,2026090605,radius,max,228.23088269563536,m,valid
E001-v2,tuning,E,e-s120-gradient-p1-b100-sir32,tuning-single-n500,2026090605,radius,p50,92.08245161748412,m,valid
E001-v2,tuning,E,e-s120-gradient-p1-b100-sir32,tuning-single-n500,2026090605,radius,p95,182.58641633620044,m,valid
E001-v2,tuning,E,e-s120-gradient-p1-b100-sir32,tuning-single-n500,2026090605,radius,p99,218.67538942516137,m,valid
E001-v2,tuning,E,e-s120-gradient-p1-b100-sir32,tuning-single-n500,2026090605,radius,violations,0.0,count,valid
E001-v2,tuning,E,e-s120-gradient-p1-b100-sir32,tuning-single-n500,2026090605,seam300,value,0.6444444444444444,ratio,valid
E001-v2,tuning,E,e-s120-gradient-p2-b040-rejection128,tuning-grid-imbalanced-n4500,,a4,max,0.018288980922048833,ratio,valid
E001-v2,tuning,E,e-s120-gradient-p2-b040-rejection128,tuning-grid-imbalanced-n4500,,a4,median,0.011393212569822439,ratio,valid
E001-v2,tuning,E,e-s120-gradient-p2-b040-rejection128,tuning-grid-imbalanced-n4500,,a4,min,0.0,ratio,valid
E001-v2,tuning,E,e-s120-gradient-p2-b040-rejection128,tuning-grid-imbalanced-n4500,,hotspot50,cv,1.3707989560025853,ratio,valid
E001-v2,tuning,E,e-s120-gradient-p2-b040-rejection128,tuning-grid-imbalanced-n4500,,hotspot50,max,63.0,count,valid
E001-v2,tuning,E,e-s120-gradient-p2-b040-rejection128,tuning-grid-imbalanced-n4500,,hotspot50,p99,50.0,count,valid
E001-v2,tuning,E,e-s120-gradient-p2-b040-rejection128,tuning-grid-imbalanced-n4500,,neighbors10,value,2.7862222222222224,count,valid
E001-v2,tuning,E,e-s120-gradient-p2-b040-rejection128,tuning-grid-imbalanced-n4500,,proximity16,value,0.9504444444444444,ratio,valid
E001-v2,tuning,E,e-s120-gradient-p2-b040-rejection128,tuning-grid-imbalanced-n4500,,proximity24,value,0.984,ratio,valid
E001-v2,tuning,E,e-s120-gradient-p2-b040-rejection128,tuning-grid-imbalanced-n4500,,proximity8,value,0.7168888888888889,ratio,valid
E001-v2,tuning,E,e-s120-gradient-p2-b040-rejection128,tuning-grid-imbalanced-n4500,,radius,max.max,258.056295668152,m,valid
E001-v2,tuning,E,e-s120-gradient-p2-b040-rejection128,tuning-grid-imbalanced-n4500,,radius,max.median,248.66016807626067,m,valid
E001-v2,tuning,E,e-s120-gradient-p2-b040-rejection128,tuning-grid-imbalanced-n4500,,radius,max.min,244.27158074725745,m,valid
E001-v2,tuning,E,e-s120-gradient-p2-b040-rejection128,tuning-grid-imbalanced-n4500,,radius,p50.max,99.87587065985167,m,valid
E001-v2,tuning,E,e-s120-gradient-p2-b040-rejection128,tuning-grid-imbalanced-n4500,,radius,p50.median,98.86752795006981,m,valid
E001-v2,tuning,E,e-s120-gradient-p2-b040-rejection128,tuning-grid-imbalanced-n4500,,radius,p50.min,92.56867532194092,m,valid
E001-v2,tuning,E,e-s120-gradient-p2-b040-rejection128,tuning-grid-imbalanced-n4500,,radius,p95.max,192.3991198503092,m,valid
E001-v2,tuning,E,e-s120-gradient-p2-b040-rejection128,tuning-grid-imbalanced-n4500,,radius,p95.median,188.93521124402696,m,valid
E001-v2,tuning,E,e-s120-gradient-p2-b040-rejection128,tuning-grid-imbalanced-n4500,,radius,p95.min,187.63693820353066,m,valid
E001-v2,tuning,E,e-s120-gradient-p2-b040-rejection128,tuning-grid-imbalanced-n4500,,radius,p99.max,227.46354957024482,m,valid
E001-v2,tuning,E,e-s120-gradient-p2-b040-rejection128,tuning-grid-imbalanced-n4500,,radius,p99.median,224.43464154987282,m,valid
E001-v2,tuning,E,e-s120-gradient-p2-b040-rejection128,tuning-grid-imbalanced-n4500,,radius,p99.min,216.73336918985464,m,valid
E001-v2,tuning,E,e-s120-gradient-p2-b040-rejection128,tuning-grid-imbalanced-n4500,,radius,violations.max,0.0,count,valid
E001-v2,tuning,E,e-s120-gradient-p2-b040-rejection128,tuning-grid-imbalanced-n4500,,radius,violations.median,0.0,count,valid
E001-v2,tuning,E,e-s120-gradient-p2-b040-rejection128,tuning-grid-imbalanced-n4500,,radius,violations.min,0.0,count,valid
E001-v2,tuning,E,e-s120-gradient-p2-b040-rejection128,tuning-grid-imbalanced-n4500,,samplerFailureCount,value,0.0,count,valid
E001-v2,tuning,E,e-s120-gradient-p2-b040-rejection128,tuning-grid-imbalanced-n4500,,seam300,max,0.6535829307568438,ratio,valid
E001-v2,tuning,E,e-s120-gradient-p2-b040-rejection128,tuning-grid-imbalanced-n4500,,seam300,median,0.3705050505050505,ratio,valid
E001-v2,tuning,E,e-s120-gradient-p2-b040-rejection128,tuning-grid-imbalanced-n4500,,seam300,min,0.09999999999999999,ratio,valid
E001-v2,tuning,E,e-s120-gradient-p2-b040-rejection128,tuning-grid-imbalanced-n4500,2026090601,a4,value,0.0,ratio,valid
E001-v2,tuning,E,e-s120-gradient-p2-b040-rejection128,tuning-grid-imbalanced-n4500,2026090601,radius,max,248.66016807626067,m,valid
E001-v2,tuning,E,e-s120-gradient-p2-b040-rejection128,tuning-grid-imbalanced-n4500,2026090601,radius,p50,92.56867532194092,m,valid
E001-v2,tuning,E,e-s120-gradient-p2-b040-rejection128,tuning-grid-imbalanced-n4500,2026090601,radius,p95,190.43742248839212,m,valid
E001-v2,tuning,E,e-s120-gradient-p2-b040-rejection128,tuning-grid-imbalanced-n4500,2026090601,radius,p99,227.46354957024482,m,valid
E001-v2,tuning,E,e-s120-gradient-p2-b040-rejection128,tuning-grid-imbalanced-n4500,2026090601,radius,violations,0.0,count,valid
E001-v2,tuning,E,e-s120-gradient-p2-b040-rejection128,tuning-grid-imbalanced-n4500,2026090601,seam300,value,0.3705050505050505,ratio,valid
E001-v2,tuning,E,e-s120-gradient-p2-b040-rejection128,tuning-grid-imbalanced-n4500,2026090602,a4,value,0.012016517981552384,ratio,valid
E001-v2,tuning,E,e-s120-gradient-p2-b040-rejection128,tuning-grid-imbalanced-n4500,2026090602,radius,max,244.27158074725745,m,valid
E001-v2,tuning,E,e-s120-gradient-p2-b040-rejection128,tuning-grid-imbalanced-n4500,2026090602,radius,p50,99.87587065985167,m,valid
E001-v2,tuning,E,e-s120-gradient-p2-b040-rejection128,tuning-grid-imbalanced-n4500,2026090602,radius,p95,192.3991198503092,m,valid
E001-v2,tuning,E,e-s120-gradient-p2-b040-rejection128,tuning-grid-imbalanced-n4500,2026090602,radius,p99,224.43464154987282,m,valid
E001-v2,tuning,E,e-s120-gradient-p2-b040-rejection128,tuning-grid-imbalanced-n4500,2026090602,radius,violations,0.0,count,valid
E001-v2,tuning,E,e-s120-gradient-p2-b040-rejection128,tuning-grid-imbalanced-n4500,2026090602,seam300,value,0.46540717736369913,ratio,valid
E001-v2,tuning,E,e-s120-gradient-p2-b040-rejection128,tuning-grid-imbalanced-n4500,2026090603,a4,value,0.018288980922048833,ratio,valid
E001-v2,tuning,E,e-s120-gradient-p2-b040-rejection128,tuning-grid-imbalanced-n4500,2026090603,radius,max,258.056295668152,m,valid
E001-v2,tuning,E,e-s120-gradient-p2-b040-rejection128,tuning-grid-imbalanced-n4500,2026090603,radius,p50,98.86752795006981,m,valid
E001-v2,tuning,E,e-s120-gradient-p2-b040-rejection128,tuning-grid-imbalanced-n4500,2026090603,radius,p95,187.63693820353066,m,valid
E001-v2,tuning,E,e-s120-gradient-p2-b040-rejection128,tuning-grid-imbalanced-n4500,2026090603,radius,p99,222.71961415067662,m,valid
E001-v2,tuning,E,e-s120-gradient-p2-b040-rejection128,tuning-grid-imbalanced-n4500,2026090603,radius,violations,0.0,count,valid
E001-v2,tuning,E,e-s120-gradient-p2-b040-rejection128,tuning-grid-imbalanced-n4500,2026090603,seam300,value,0.2780551834260274,ratio,valid
E001-v2,tuning,E,e-s120-gradient-p2-b040-rejection128,tuning-grid-imbalanced-n4500,2026090604,a4,value,0.011393212569822439,ratio,valid
E001-v2,tuning,E,e-s120-gradient-p2-b040-rejection128,tuning-grid-imbalanced-n4500,2026090604,radius,max,247.06723364809753,m,valid
E001-v2,tuning,E,e-s120-gradient-p2-b040-rejection128,tuning-grid-imbalanced-n4500,2026090604,radius,p50,99.65842932253894,m,valid
E001-v2,tuning,E,e-s120-gradient-p2-b040-rejection128,tuning-grid-imbalanced-n4500,2026090604,radius,p95,188.83569057646358,m,valid
E001-v2,tuning,E,e-s120-gradient-p2-b040-rejection128,tuning-grid-imbalanced-n4500,2026090604,radius,p99,225.50761941942494,m,valid
E001-v2,tuning,E,e-s120-gradient-p2-b040-rejection128,tuning-grid-imbalanced-n4500,2026090604,radius,violations,0.0,count,valid
E001-v2,tuning,E,e-s120-gradient-p2-b040-rejection128,tuning-grid-imbalanced-n4500,2026090604,seam300,value,0.6535829307568438,ratio,valid
E001-v2,tuning,E,e-s120-gradient-p2-b040-rejection128,tuning-grid-imbalanced-n4500,2026090605,a4,value,0.0,ratio,valid
E001-v2,tuning,E,e-s120-gradient-p2-b040-rejection128,tuning-grid-imbalanced-n4500,2026090605,radius,max,252.75942696741177,m,valid
E001-v2,tuning,E,e-s120-gradient-p2-b040-rejection128,tuning-grid-imbalanced-n4500,2026090605,radius,p50,98.50615862473914,m,valid
E001-v2,tuning,E,e-s120-gradient-p2-b040-rejection128,tuning-grid-imbalanced-n4500,2026090605,radius,p95,188.93521124402696,m,valid
E001-v2,tuning,E,e-s120-gradient-p2-b040-rejection128,tuning-grid-imbalanced-n4500,2026090605,radius,p99,216.73336918985464,m,valid
E001-v2,tuning,E,e-s120-gradient-p2-b040-rejection128,tuning-grid-imbalanced-n4500,2026090605,radius,violations,0.0,count,valid
E001-v2,tuning,E,e-s120-gradient-p2-b040-rejection128,tuning-grid-imbalanced-n4500,2026090605,seam300,value,0.09999999999999999,ratio,valid
E001-v2,tuning,E,e-s120-gradient-p2-b040-rejection128,tuning-single-n500,,a4,max,0.07938212888432226,ratio,valid
E001-v2,tuning,E,e-s120-gradient-p2-b040-rejection128,tuning-single-n500,,a4,median,0.030276772382507165,ratio,valid
E001-v2,tuning,E,e-s120-gradient-p2-b040-rejection128,tuning-single-n500,,a4,min,0.0,ratio,valid
E001-v2,tuning,E,e-s120-gradient-p2-b040-rejection128,tuning-single-n500,,hotspot50,cv,1.873213282037047,ratio,valid
E001-v2,tuning,E,e-s120-gradient-p2-b040-rejection128,tuning-single-n500,,hotspot50,max,28.0,count,valid
E001-v2,tuning,E,e-s120-gradient-p2-b040-rejection128,tuning-single-n500,,hotspot50,p99,28.0,count,valid
E001-v2,tuning,E,e-s120-gradient-p2-b040-rejection128,tuning-single-n500,,neighbors10,value,1.868,count,valid
E001-v2,tuning,E,e-s120-gradient-p2-b040-rejection128,tuning-single-n500,,proximity16,value,0.902,ratio,valid
E001-v2,tuning,E,e-s120-gradient-p2-b040-rejection128,tuning-single-n500,,proximity24,value,0.964,ratio,valid
E001-v2,tuning,E,e-s120-gradient-p2-b040-rejection128,tuning-single-n500,,proximity8,value,0.664,ratio,valid
E001-v2,tuning,E,e-s120-gradient-p2-b040-rejection128,tuning-single-n500,,radialKs,max,0.09000000000000008,ratio,valid
E001-v2,tuning,E,e-s120-gradient-p2-b040-rejection128,tuning-single-n500,,radialKs,median,0.06999999999999995,ratio,valid
E001-v2,tuning,E,e-s120-gradient-p2-b040-rejection128,tuning-single-n500,,radialKs,min,0.04999999999999999,ratio,valid
E001-v2,tuning,E,e-s120-gradient-p2-b040-rejection128,tuning-single-n500,,radius,max.max,264.38477759912854,m,valid
E001-v2,tuning,E,e-s120-gradient-p2-b040-rejection128,tuning-single-n500,,radius,max.median,238.23494327121574,m,valid
E001-v2,tuning,E,e-s120-gradient-p2-b040-rejection128,tuning-single-n500,,radius,max.min,212.8158773092968,m,valid
E001-v2,tuning,E,e-s120-gradient-p2-b040-rejection128,tuning-single-n500,,radius,p50.max,109.26083947653413,m,valid
E001-v2,tuning,E,e-s120-gradient-p2-b040-rejection128,tuning-single-n500,,radius,p50.median,95.63158823401047,m,valid
E001-v2,tuning,E,e-s120-gradient-p2-b040-rejection128,tuning-single-n500,,radius,p50.min,87.4905319700363,m,valid
E001-v2,tuning,E,e-s120-gradient-p2-b040-rejection128,tuning-single-n500,,radius,p95.max,207.4092427342861,m,valid
E001-v2,tuning,E,e-s120-gradient-p2-b040-rejection128,tuning-single-n500,,radius,p95.median,184.51725155778175,m,valid
E001-v2,tuning,E,e-s120-gradient-p2-b040-rejection128,tuning-single-n500,,radius,p95.min,173.03128808863778,m,valid
E001-v2,tuning,E,e-s120-gradient-p2-b040-rejection128,tuning-single-n500,,radius,p99.max,245.9698003969161,m,valid
E001-v2,tuning,E,e-s120-gradient-p2-b040-rejection128,tuning-single-n500,,radius,p99.median,226.56651716302218,m,valid
E001-v2,tuning,E,e-s120-gradient-p2-b040-rejection128,tuning-single-n500,,radius,p99.min,199.31537015770854,m,valid
E001-v2,tuning,E,e-s120-gradient-p2-b040-rejection128,tuning-single-n500,,radius,violations.max,0.0,count,valid
E001-v2,tuning,E,e-s120-gradient-p2-b040-rejection128,tuning-single-n500,,radius,violations.median,0.0,count,valid
E001-v2,tuning,E,e-s120-gradient-p2-b040-rejection128,tuning-single-n500,,radius,violations.min,0.0,count,valid
E001-v2,tuning,E,e-s120-gradient-p2-b040-rejection128,tuning-single-n500,,samplerFailureCount,value,0.0,count,valid
E001-v2,tuning,E,e-s120-gradient-p2-b040-rejection128,tuning-single-n500,,seam300,max,1.0416666666666665,ratio,valid
E001-v2,tuning,E,e-s120-gradient-p2-b040-rejection128,tuning-single-n500,,seam300,median,0.7083333333333333,ratio,valid
E001-v2,tuning,E,e-s120-gradient-p2-b040-rejection128,tuning-single-n500,,seam300,min,0.3333333333333333,ratio,valid
E001-v2,tuning,E,e-s120-gradient-p2-b040-rejection128,tuning-single-n500,2026090601,a4,value,0.030276772382507165,ratio,valid
E001-v2,tuning,E,e-s120-gradient-p2-b040-rejection128,tuning-single-n500,2026090601,radialKs,value,0.06000000000000005,ratio,valid
E001-v2,tuning,E,e-s120-gradient-p2-b040-rejection128,tuning-single-n500,2026090601,radius,max,264.38477759912854,m,valid
E001-v2,tuning,E,e-s120-gradient-p2-b040-rejection128,tuning-single-n500,2026090601,radius,p50,103.91071902841995,m,valid
E001-v2,tuning,E,e-s120-gradient-p2-b040-rejection128,tuning-single-n500,2026090601,radius,p95,203.5353627588223,m,valid
E001-v2,tuning,E,e-s120-gradient-p2-b040-rejection128,tuning-single-n500,2026090601,radius,p99,245.9698003969161,m,valid
E001-v2,tuning,E,e-s120-gradient-p2-b040-rejection128,tuning-single-n500,2026090601,radius,violations,0.0,count,valid
E001-v2,tuning,E,e-s120-gradient-p2-b040-rejection128,tuning-single-n500,2026090601,seam300,value,1.0416666666666665,ratio,valid
E001-v2,tuning,E,e-s120-gradient-p2-b040-rejection128,tuning-single-n500,2026090602,a4,value,0.07938212888432226,ratio,valid
E001-v2,tuning,E,e-s120-gradient-p2-b040-rejection128,tuning-single-n500,2026090602,radialKs,value,0.09000000000000002,ratio,valid
E001-v2,tuning,E,e-s120-gradient-p2-b040-rejection128,tuning-single-n500,2026090602,radius,max,225.19461230184413,m,valid
E001-v2,tuning,E,e-s120-gradient-p2-b040-rejection128,tuning-single-n500,2026090602,radius,p50,109.26083947653413,m,valid
E001-v2,tuning,E,e-s120-gradient-p2-b040-rejection128,tuning-single-n500,2026090602,radius,p95,207.4092427342861,m,valid
E001-v2,tuning,E,e-s120-gradient-p2-b040-rejection128,tuning-single-n500,2026090602,radius,p99,219.53699942768847,m,valid
E001-v2,tuning,E,e-s120-gradient-p2-b040-rejection128,tuning-single-n500,2026090602,radius,violations,0.0,count,valid
E001-v2,tuning,E,e-s120-gradient-p2-b040-rejection128,tuning-single-n500,2026090602,seam300,value,0.45,ratio,valid
E001-v2,tuning,E,e-s120-gradient-p2-b040-rejection128,tuning-single-n500,2026090603,a4,value,0.07641395562699038,ratio,valid
E001-v2,tuning,E,e-s120-gradient-p2-b040-rejection128,tuning-single-n500,2026090603,radialKs,value,0.06999999999999995,ratio,valid
E001-v2,tuning,E,e-s120-gradient-p2-b040-rejection128,tuning-single-n500,2026090603,radius,max,238.23494327121574,m,valid
E001-v2,tuning,E,e-s120-gradient-p2-b040-rejection128,tuning-single-n500,2026090603,radius,p50,95.01677711724153,m,valid
E001-v2,tuning,E,e-s120-gradient-p2-b040-rejection128,tuning-single-n500,2026090603,radius,p95,175.5530953899543,m,valid
E001-v2,tuning,E,e-s120-gradient-p2-b040-rejection128,tuning-single-n500,2026090603,radius,p99,226.56651716302218,m,valid
E001-v2,tuning,E,e-s120-gradient-p2-b040-rejection128,tuning-single-n500,2026090603,radius,violations,0.0,count,valid
E001-v2,tuning,E,e-s120-gradient-p2-b040-rejection128,tuning-single-n500,2026090603,seam300,value,0.7083333333333333,ratio,valid
E001-v2,tuning,E,e-s120-gradient-p2-b040-rejection128,tuning-single-n500,2026090604,a4,value,0.0,ratio,valid
E001-v2,tuning,E,e-s120-gradient-p2-b040-rejection128,tuning-single-n500,2026090604,radialKs,value,0.09000000000000008,ratio,valid
E001-v2,tuning,E,e-s120-gradient-p2-b040-rejection128,tuning-single-n500,2026090604,radius,max,244.22736603681926,m,valid
E001-v2,tuning,E,e-s120-gradient-p2-b040-rejection128,tuning-single-n500,2026090604,radius,p50,87.4905319700363,m,valid
E001-v2,tuning,E,e-s120-gradient-p2-b040-rejection128,tuning-single-n500,2026090604,radius,p95,173.03128808863778,m,valid
E001-v2,tuning,E,e-s120-gradient-p2-b040-rejection128,tuning-single-n500,2026090604,radius,p99,232.8816108101641,m,valid
E001-v2,tuning,E,e-s120-gradient-p2-b040-rejection128,tuning-single-n500,2026090604,radius,violations,0.0,count,valid
E001-v2,tuning,E,e-s120-gradient-p2-b040-rejection128,tuning-single-n500,2026090604,seam300,value,1.0,ratio,valid
E001-v2,tuning,E,e-s120-gradient-p2-b040-rejection128,tuning-single-n500,2026090605,a4,value,0.0,ratio,valid
E001-v2,tuning,E,e-s120-gradient-p2-b040-rejection128,tuning-single-n500,2026090605,radialKs,value,0.04999999999999999,ratio,valid
E001-v2,tuning,E,e-s120-gradient-p2-b040-rejection128,tuning-single-n500,2026090605,radius,max,212.8158773092968,m,valid
E001-v2,tuning,E,e-s120-gradient-p2-b040-rejection128,tuning-single-n500,2026090605,radius,p50,95.63158823401047,m,valid
E001-v2,tuning,E,e-s120-gradient-p2-b040-rejection128,tuning-single-n500,2026090605,radius,p95,184.51725155778175,m,valid
E001-v2,tuning,E,e-s120-gradient-p2-b040-rejection128,tuning-single-n500,2026090605,radius,p99,199.31537015770854,m,valid
E001-v2,tuning,E,e-s120-gradient-p2-b040-rejection128,tuning-single-n500,2026090605,radius,violations,0.0,count,valid
E001-v2,tuning,E,e-s120-gradient-p2-b040-rejection128,tuning-single-n500,2026090605,seam300,value,0.3333333333333333,ratio,valid
E001-v2,tuning,E,e-s120-gradient-p2-b040-sir16,tuning-grid-imbalanced-n4500,,a4,max,0.03253626458670666,ratio,valid
E001-v2,tuning,E,e-s120-gradient-p2-b040-sir16,tuning-grid-imbalanced-n4500,,a4,median,0.0,ratio,valid
E001-v2,tuning,E,e-s120-gradient-p2-b040-sir16,tuning-grid-imbalanced-n4500,,a4,min,0.0,ratio,valid
E001-v2,tuning,E,e-s120-gradient-p2-b040-sir16,tuning-grid-imbalanced-n4500,,hotspot50,cv,1.3840565177926965,ratio,valid
E001-v2,tuning,E,e-s120-gradient-p2-b040-sir16,tuning-grid-imbalanced-n4500,,hotspot50,max,65.0,count,valid
E001-v2,tuning,E,e-s120-gradient-p2-b040-sir16,tuning-grid-imbalanced-n4500,,hotspot50,p99,53.0,count,valid
E001-v2,tuning,E,e-s120-gradient-p2-b040-sir16,tuning-grid-imbalanced-n4500,,neighbors10,value,2.7977777777777777,count,valid
E001-v2,tuning,E,e-s120-gradient-p2-b040-sir16,tuning-grid-imbalanced-n4500,,proximity16,value,0.9491111111111111,ratio,valid
E001-v2,tuning,E,e-s120-gradient-p2-b040-sir16,tuning-grid-imbalanced-n4500,,proximity24,value,0.9848888888888889,ratio,valid
E001-v2,tuning,E,e-s120-gradient-p2-b040-sir16,tuning-grid-imbalanced-n4500,,proximity8,value,0.7208888888888889,ratio,valid
E001-v2,tuning,E,e-s120-gradient-p2-b040-sir16,tuning-grid-imbalanced-n4500,,radius,max.max,260.6950340978667,m,valid
E001-v2,tuning,E,e-s120-gradient-p2-b040-sir16,tuning-grid-imbalanced-n4500,,radius,max.median,247.52346658635568,m,valid
E001-v2,tuning,E,e-s120-gradient-p2-b040-sir16,tuning-grid-imbalanced-n4500,,radius,max.min,239.14085004569603,m,valid
E001-v2,tuning,E,e-s120-gradient-p2-b040-sir16,tuning-grid-imbalanced-n4500,,radius,p50.max,98.66213945737955,m,valid
E001-v2,tuning,E,e-s120-gradient-p2-b040-sir16,tuning-grid-imbalanced-n4500,,radius,p50.median,96.90701137931597,m,valid
E001-v2,tuning,E,e-s120-gradient-p2-b040-sir16,tuning-grid-imbalanced-n4500,,radius,p50.min,94.18941583589387,m,valid
E001-v2,tuning,E,e-s120-gradient-p2-b040-sir16,tuning-grid-imbalanced-n4500,,radius,p95.max,192.70537447724018,m,valid
E001-v2,tuning,E,e-s120-gradient-p2-b040-sir16,tuning-grid-imbalanced-n4500,,radius,p95.median,189.67905823364651,m,valid
E001-v2,tuning,E,e-s120-gradient-p2-b040-sir16,tuning-grid-imbalanced-n4500,,radius,p95.min,186.54353120528302,m,valid
E001-v2,tuning,E,e-s120-gradient-p2-b040-sir16,tuning-grid-imbalanced-n4500,,radius,p99.max,228.6920835556453,m,valid
E001-v2,tuning,E,e-s120-gradient-p2-b040-sir16,tuning-grid-imbalanced-n4500,,radius,p99.median,221.00862414823834,m,valid
E001-v2,tuning,E,e-s120-gradient-p2-b040-sir16,tuning-grid-imbalanced-n4500,,radius,p99.min,215.827069033561,m,valid
E001-v2,tuning,E,e-s120-gradient-p2-b040-sir16,tuning-grid-imbalanced-n4500,,radius,violations.max,0.0,count,valid
E001-v2,tuning,E,e-s120-gradient-p2-b040-sir16,tuning-grid-imbalanced-n4500,,radius,violations.median,0.0,count,valid
E001-v2,tuning,E,e-s120-gradient-p2-b040-sir16,tuning-grid-imbalanced-n4500,,radius,violations.min,0.0,count,valid
E001-v2,tuning,E,e-s120-gradient-p2-b040-sir16,tuning-grid-imbalanced-n4500,,samplerFailureCount,value,0.0,count,valid
E001-v2,tuning,E,e-s120-gradient-p2-b040-sir16,tuning-grid-imbalanced-n4500,,seam300,max,0.608794604798441,ratio,valid
E001-v2,tuning,E,e-s120-gradient-p2-b040-sir16,tuning-grid-imbalanced-n4500,,seam300,median,0.4012605042016807,ratio,valid
E001-v2,tuning,E,e-s120-gradient-p2-b040-sir16,tuning-grid-imbalanced-n4500,,seam300,min,0.24563492063492065,ratio,valid
E001-v2,tuning,E,e-s120-gradient-p2-b040-sir16,tuning-grid-imbalanced-n4500,2026090601,a4,value,0.0,ratio,valid
E001-v2,tuning,E,e-s120-gradient-p2-b040-sir16,tuning-grid-imbalanced-n4500,2026090601,radius,max,260.40206622840856,m,valid
E001-v2,tuning,E,e-s120-gradient-p2-b040-sir16,tuning-grid-imbalanced-n4500,2026090601,radius,p50,94.18941583589387,m,valid
E001-v2,tuning,E,e-s120-gradient-p2-b040-sir16,tuning-grid-imbalanced-n4500,2026090601,radius,p95,192.70537447724018,m,valid
E001-v2,tuning,E,e-s120-gradient-p2-b040-sir16,tuning-grid-imbalanced-n4500,2026090601,radius,p99,228.47872912037337,m,valid
E001-v2,tuning,E,e-s120-gradient-p2-b040-sir16,tuning-grid-imbalanced-n4500,2026090601,radius,violations,0.0,count,valid
E001-v2,tuning,E,e-s120-gradient-p2-b040-sir16,tuning-grid-imbalanced-n4500,2026090601,seam300,value,0.4012605042016807,ratio,valid
E001-v2,tuning,E,e-s120-gradient-p2-b040-sir16,tuning-grid-imbalanced-n4500,2026090602,a4,value,0.0,ratio,valid
E001-v2,tuning,E,e-s120-gradient-p2-b040-sir16,tuning-grid-imbalanced-n4500,2026090602,radius,max,247.52346658635568,m,valid
E001-v2,tuning,E,e-s120-gradient-p2-b040-sir16,tuning-grid-imbalanced-n4500,2026090602,radius,p50,96.90701137931597,m,valid
E001-v2,tuning,E,e-s120-gradient-p2-b040-sir16,tuning-grid-imbalanced-n4500,2026090602,radius,p95,188.50515334249056,m,valid
E001-v2,tuning,E,e-s120-gradient-p2-b040-sir16,tuning-grid-imbalanced-n4500,2026090602,radius,p99,215.827069033561,m,valid
E001-v2,tuning,E,e-s120-gradient-p2-b040-sir16,tuning-grid-imbalanced-n4500,2026090602,radius,violations,0.0,count,valid
E001-v2,tuning,E,e-s120-gradient-p2-b040-sir16,tuning-grid-imbalanced-n4500,2026090602,seam300,value,0.608794604798441,ratio,valid
E001-v2,tuning,E,e-s120-gradient-p2-b040-sir16,tuning-grid-imbalanced-n4500,2026090603,a4,value,0.03253626458670666,ratio,valid
E001-v2,tuning,E,e-s120-gradient-p2-b040-sir16,tuning-grid-imbalanced-n4500,2026090603,radius,max,239.14085004569603,m,valid
E001-v2,tuning,E,e-s120-gradient-p2-b040-sir16,tuning-grid-imbalanced-n4500,2026090603,radius,p50,97.60511204751029,m,valid
E001-v2,tuning,E,e-s120-gradient-p2-b040-sir16,tuning-grid-imbalanced-n4500,2026090603,radius,p95,190.0265770303478,m,valid
E001-v2,tuning,E,e-s120-gradient-p2-b040-sir16,tuning-grid-imbalanced-n4500,2026090603,radius,p99,218.61834834257928,m,valid
E001-v2,tuning,E,e-s120-gradient-p2-b040-sir16,tuning-grid-imbalanced-n4500,2026090603,radius,violations,0.0,count,valid
E001-v2,tuning,E,e-s120-gradient-p2-b040-sir16,tuning-grid-imbalanced-n4500,2026090603,seam300,value,0.4319534632034632,ratio,valid
E001-v2,tuning,E,e-s120-gradient-p2-b040-sir16,tuning-grid-imbalanced-n4500,2026090604,a4,value,0.0,ratio,valid
E001-v2,tuning,E,e-s120-gradient-p2-b040-sir16,tuning-grid-imbalanced-n4500,2026090604,radius,max,260.6950340978667,m,valid
E001-v2,tuning,E,e-s120-gradient-p2-b040-sir16,tuning-grid-imbalanced-n4500,2026090604,radius,p50,96.6259556132809,m,valid
E001-v2,tuning,E,e-s120-gradient-p2-b040-sir16,tuning-grid-imbalanced-n4500,2026090604,radius,p95,186.54353120528302,m,valid
E001-v2,tuning,E,e-s120-gradient-p2-b040-sir16,tuning-grid-imbalanced-n4500,2026090604,radius,p99,221.00862414823834,m,valid
E001-v2,tuning,E,e-s120-gradient-p2-b040-sir16,tuning-grid-imbalanced-n4500,2026090604,radius,violations,0.0,count,valid
E001-v2,tuning,E,e-s120-gradient-p2-b040-sir16,tuning-grid-imbalanced-n4500,2026090604,seam300,value,0.2836868686868687,ratio,valid
E001-v2,tuning,E,e-s120-gradient-p2-b040-sir16,tuning-grid-imbalanced-n4500,2026090605,a4,value,0.0,ratio,valid
E001-v2,tuning,E,e-s120-gradient-p2-b040-sir16,tuning-grid-imbalanced-n4500,2026090605,radius,max,244.5268507516374,m,valid
E001-v2,tuning,E,e-s120-gradient-p2-b040-sir16,tuning-grid-imbalanced-n4500,2026090605,radius,p50,98.66213945737955,m,valid
E001-v2,tuning,E,e-s120-gradient-p2-b040-sir16,tuning-grid-imbalanced-n4500,2026090605,radius,p95,189.67905823364651,m,valid
E001-v2,tuning,E,e-s120-gradient-p2-b040-sir16,tuning-grid-imbalanced-n4500,2026090605,radius,p99,228.6920835556453,m,valid
E001-v2,tuning,E,e-s120-gradient-p2-b040-sir16,tuning-grid-imbalanced-n4500,2026090605,radius,violations,0.0,count,valid
E001-v2,tuning,E,e-s120-gradient-p2-b040-sir16,tuning-grid-imbalanced-n4500,2026090605,seam300,value,0.24563492063492065,ratio,valid
E001-v2,tuning,E,e-s120-gradient-p2-b040-sir16,tuning-single-n500,,a4,max,0.09225427756991925,ratio,valid
E001-v2,tuning,E,e-s120-gradient-p2-b040-sir16,tuning-single-n500,,a4,median,0.0,ratio,valid
E001-v2,tuning,E,e-s120-gradient-p2-b040-sir16,tuning-single-n500,,a4,min,0.0,ratio,valid
E001-v2,tuning,E,e-s120-gradient-p2-b040-sir16,tuning-single-n500,,hotspot50,cv,1.838764802795618,ratio,valid
E001-v2,tuning,E,e-s120-gradient-p2-b040-sir16,tuning-single-n500,,hotspot50,max,30.0,count,valid
E001-v2,tuning,E,e-s120-gradient-p2-b040-sir16,tuning-single-n500,,hotspot50,p99,27.0,count,valid
E001-v2,tuning,E,e-s120-gradient-p2-b040-sir16,tuning-single-n500,,neighbors10,value,1.892,count,valid
E001-v2,tuning,E,e-s120-gradient-p2-b040-sir16,tuning-single-n500,,proximity16,value,0.92,ratio,valid
E001-v2,tuning,E,e-s120-gradient-p2-b040-sir16,tuning-single-n500,,proximity24,value,0.96,ratio,valid
E001-v2,tuning,E,e-s120-gradient-p2-b040-sir16,tuning-single-n500,,proximity8,value,0.65,ratio,valid
E001-v2,tuning,E,e-s120-gradient-p2-b040-sir16,tuning-single-n500,,radialKs,max,0.18,ratio,valid
E001-v2,tuning,E,e-s120-gradient-p2-b040-sir16,tuning-single-n500,,radialKs,median,0.10000000000000009,ratio,valid
E001-v2,tuning,E,e-s120-gradient-p2-b040-sir16,tuning-single-n500,,radialKs,min,0.07,ratio,valid
E001-v2,tuning,E,e-s120-gradient-p2-b040-sir16,tuning-single-n500,,radius,max.max,247.39011235907736,m,valid
E001-v2,tuning,E,e-s120-gradient-p2-b040-sir16,tuning-single-n500,,radius,max.median,233.09654236074596,m,valid
E001-v2,tuning,E,e-s120-gradient-p2-b040-sir16,tuning-single-n500,,radius,max.min,218.38416879174773,m,valid
E001-v2,tuning,E,e-s120-gradient-p2-b040-sir16,tuning-single-n500,,radius,p50.max,108.83561478208807,m,valid
E001-v2,tuning,E,e-s120-gradient-p2-b040-sir16,tuning-single-n500,,radius,p50.median,98.0974072779526,m,valid
E001-v2,tuning,E,e-s120-gradient-p2-b040-sir16,tuning-single-n500,,radius,p50.min,90.22669125912847,m,valid
E001-v2,tuning,E,e-s120-gradient-p2-b040-sir16,tuning-single-n500,,radius,p95.max,196.47906193917717,m,valid
E001-v2,tuning,E,e-s120-gradient-p2-b040-sir16,tuning-single-n500,,radius,p95.median,190.3824461659347,m,valid
E001-v2,tuning,E,e-s120-gradient-p2-b040-sir16,tuning-single-n500,,radius,p95.min,177.672314934344,m,valid
E001-v2,tuning,E,e-s120-gradient-p2-b040-sir16,tuning-single-n500,,radius,p99.max,219.36254786040797,m,valid
E001-v2,tuning,E,e-s120-gradient-p2-b040-sir16,tuning-single-n500,,radius,p99.median,210.7353247265832,m,valid
E001-v2,tuning,E,e-s120-gradient-p2-b040-sir16,tuning-single-n500,,radius,p99.min,203.72780584614486,m,valid
E001-v2,tuning,E,e-s120-gradient-p2-b040-sir16,tuning-single-n500,,radius,violations.max,0.0,count,valid
E001-v2,tuning,E,e-s120-gradient-p2-b040-sir16,tuning-single-n500,,radius,violations.median,0.0,count,valid
E001-v2,tuning,E,e-s120-gradient-p2-b040-sir16,tuning-single-n500,,radius,violations.min,0.0,count,valid
E001-v2,tuning,E,e-s120-gradient-p2-b040-sir16,tuning-single-n500,,samplerFailureCount,value,0.0,count,valid
E001-v2,tuning,E,e-s120-gradient-p2-b040-sir16,tuning-single-n500,,seam300,max,0.825,ratio,valid
E001-v2,tuning,E,e-s120-gradient-p2-b040-sir16,tuning-single-n500,,seam300,median,0.7416666666666667,ratio,valid
E001-v2,tuning,E,e-s120-gradient-p2-b040-sir16,tuning-single-n500,,seam300,min,0.375,ratio,valid
E001-v2,tuning,E,e-s120-gradient-p2-b040-sir16,tuning-single-n500,2026090601,a4,value,0.0,ratio,valid
E001-v2,tuning,E,e-s120-gradient-p2-b040-sir16,tuning-single-n500,2026090601,radialKs,value,0.18,ratio,valid
E001-v2,tuning,E,e-s120-gradient-p2-b040-sir16,tuning-single-n500,2026090601,radius,max,228.4353096608731,m,valid
E001-v2,tuning,E,e-s120-gradient-p2-b040-sir16,tuning-single-n500,2026090601,radius,p50,90.4908511147774,m,valid
E001-v2,tuning,E,e-s120-gradient-p2-b040-sir16,tuning-single-n500,2026090601,radius,p95,196.47906193917717,m,valid
E001-v2,tuning,E,e-s120-gradient-p2-b040-sir16,tuning-single-n500,2026090601,radius,p99,203.72780584614486,m,valid
E001-v2,tuning,E,e-s120-gradient-p2-b040-sir16,tuning-single-n500,2026090601,radius,violations,0.0,count,valid
E001-v2,tuning,E,e-s120-gradient-p2-b040-sir16,tuning-single-n500,2026090601,seam300,value,0.7416666666666667,ratio,valid
E001-v2,tuning,E,e-s120-gradient-p2-b040-sir16,tuning-single-n500,2026090602,a4,value,0.0,ratio,valid
E001-v2,tuning,E,e-s120-gradient-p2-b040-sir16,tuning-single-n500,2026090602,radialKs,value,0.10000000000000009,ratio,valid
E001-v2,tuning,E,e-s120-gradient-p2-b040-sir16,tuning-single-n500,2026090602,radius,max,247.39011235907736,m,valid
E001-v2,tuning,E,e-s120-gradient-p2-b040-sir16,tuning-single-n500,2026090602,radius,p50,99.7128620291443,m,valid
E001-v2,tuning,E,e-s120-gradient-p2-b040-sir16,tuning-single-n500,2026090602,radius,p95,194.77964838154674,m,valid
E001-v2,tuning,E,e-s120-gradient-p2-b040-sir16,tuning-single-n500,2026090602,radius,p99,206.1484834889502,m,valid
E001-v2,tuning,E,e-s120-gradient-p2-b040-sir16,tuning-single-n500,2026090602,radius,violations,0.0,count,valid
E001-v2,tuning,E,e-s120-gradient-p2-b040-sir16,tuning-single-n500,2026090602,seam300,value,0.375,ratio,valid
E001-v2,tuning,E,e-s120-gradient-p2-b040-sir16,tuning-single-n500,2026090603,a4,value,0.0,ratio,valid
E001-v2,tuning,E,e-s120-gradient-p2-b040-sir16,tuning-single-n500,2026090603,radialKs,value,0.15999999999999998,ratio,valid
E001-v2,tuning,E,e-s120-gradient-p2-b040-sir16,tuning-single-n500,2026090603,radius,max,218.38416879174773,m,valid
E001-v2,tuning,E,e-s120-gradient-p2-b040-sir16,tuning-single-n500,2026090603,radius,p50,108.83561478208807,m,valid
E001-v2,tuning,E,e-s120-gradient-p2-b040-sir16,tuning-single-n500,2026090603,radius,p95,185.97688456908233,m,valid
E001-v2,tuning,E,e-s120-gradient-p2-b040-sir16,tuning-single-n500,2026090603,radius,p99,210.7353247265832,m,valid
E001-v2,tuning,E,e-s120-gradient-p2-b040-sir16,tuning-single-n500,2026090603,radius,violations,0.0,count,valid
E001-v2,tuning,E,e-s120-gradient-p2-b040-sir16,tuning-single-n500,2026090603,seam300,value,0.75,ratio,valid
E001-v2,tuning,E,e-s120-gradient-p2-b040-sir16,tuning-single-n500,2026090604,a4,value,0.0,ratio,valid
E001-v2,tuning,E,e-s120-gradient-p2-b040-sir16,tuning-single-n500,2026090604,radialKs,value,0.08999999999999997,ratio,valid
E001-v2,tuning,E,e-s120-gradient-p2-b040-sir16,tuning-single-n500,2026090604,radius,max,233.09654236074596,m,valid
E001-v2,tuning,E,e-s120-gradient-p2-b040-sir16,tuning-single-n500,2026090604,radius,p50,98.0974072779526,m,valid
E001-v2,tuning,E,e-s120-gradient-p2-b040-sir16,tuning-single-n500,2026090604,radius,p95,190.3824461659347,m,valid
E001-v2,tuning,E,e-s120-gradient-p2-b040-sir16,tuning-single-n500,2026090604,radius,p99,219.36254786040797,m,valid
E001-v2,tuning,E,e-s120-gradient-p2-b040-sir16,tuning-single-n500,2026090604,radius,violations,0.0,count,valid
E001-v2,tuning,E,e-s120-gradient-p2-b040-sir16,tuning-single-n500,2026090604,seam300,value,0.6607142857142857,ratio,valid
E001-v2,tuning,E,e-s120-gradient-p2-b040-sir16,tuning-single-n500,2026090605,a4,value,0.09225427756991925,ratio,valid
E001-v2,tuning,E,e-s120-gradient-p2-b040-sir16,tuning-single-n500,2026090605,radialKs,value,0.07,ratio,valid
E001-v2,tuning,E,e-s120-gradient-p2-b040-sir16,tuning-single-n500,2026090605,radius,max,233.6280045284237,m,valid
E001-v2,tuning,E,e-s120-gradient-p2-b040-sir16,tuning-single-n500,2026090605,radius,p50,90.22669125912847,m,valid
E001-v2,tuning,E,e-s120-gradient-p2-b040-sir16,tuning-single-n500,2026090605,radius,p95,177.672314934344,m,valid
E001-v2,tuning,E,e-s120-gradient-p2-b040-sir16,tuning-single-n500,2026090605,radius,p99,212.8158773092968,m,valid
E001-v2,tuning,E,e-s120-gradient-p2-b040-sir16,tuning-single-n500,2026090605,radius,violations,0.0,count,valid
E001-v2,tuning,E,e-s120-gradient-p2-b040-sir16,tuning-single-n500,2026090605,seam300,value,0.825,ratio,valid
E001-v2,tuning,E,e-s120-gradient-p2-b040-sir32,tuning-grid-imbalanced-n4500,,a4,max,0.0466304688228402,ratio,valid
E001-v2,tuning,E,e-s120-gradient-p2-b040-sir32,tuning-grid-imbalanced-n4500,,a4,median,0.0,ratio,valid
E001-v2,tuning,E,e-s120-gradient-p2-b040-sir32,tuning-grid-imbalanced-n4500,,a4,min,0.0,ratio,valid
E001-v2,tuning,E,e-s120-gradient-p2-b040-sir32,tuning-grid-imbalanced-n4500,,hotspot50,cv,1.3800225440992702,ratio,valid
E001-v2,tuning,E,e-s120-gradient-p2-b040-sir32,tuning-grid-imbalanced-n4500,,hotspot50,max,65.0,count,valid
E001-v2,tuning,E,e-s120-gradient-p2-b040-sir32,tuning-grid-imbalanced-n4500,,hotspot50,p99,52.0,count,valid
E001-v2,tuning,E,e-s120-gradient-p2-b040-sir32,tuning-grid-imbalanced-n4500,,neighbors10,value,2.7088888888888887,count,valid
E001-v2,tuning,E,e-s120-gradient-p2-b040-sir32,tuning-grid-imbalanced-n4500,,proximity16,value,0.9517777777777777,ratio,valid
E001-v2,tuning,E,e-s120-gradient-p2-b040-sir32,tuning-grid-imbalanced-n4500,,proximity24,value,0.9875555555555555,ratio,valid
E001-v2,tuning,E,e-s120-gradient-p2-b040-sir32,tuning-grid-imbalanced-n4500,,proximity8,value,0.7151111111111111,ratio,valid
E001-v2,tuning,E,e-s120-gradient-p2-b040-sir32,tuning-grid-imbalanced-n4500,,radius,max.max,277.50610464130597,m,valid
E001-v2,tuning,E,e-s120-gradient-p2-b040-sir32,tuning-grid-imbalanced-n4500,,radius,max.median,260.41267294419583,m,valid
E001-v2,tuning,E,e-s120-gradient-p2-b040-sir32,tuning-grid-imbalanced-n4500,,radius,max.min,246.16410078003327,m,valid
E001-v2,tuning,E,e-s120-gradient-p2-b040-sir32,tuning-grid-imbalanced-n4500,,radius,p50.max,102.32398954740654,m,valid
E001-v2,tuning,E,e-s120-gradient-p2-b040-sir32,tuning-grid-imbalanced-n4500,,radius,p50.median,97.40364620939627,m,valid
E001-v2,tuning,E,e-s120-gradient-p2-b040-sir32,tuning-grid-imbalanced-n4500,,radius,p50.min,95.47193486430992,m,valid
E001-v2,tuning,E,e-s120-gradient-p2-b040-sir32,tuning-grid-imbalanced-n4500,,radius,p95.max,187.87683222312089,m,valid
E001-v2,tuning,E,e-s120-gradient-p2-b040-sir32,tuning-grid-imbalanced-n4500,,radius,p95.median,187.16461180738233,m,valid
E001-v2,tuning,E,e-s120-gradient-p2-b040-sir32,tuning-grid-imbalanced-n4500,,radius,p95.min,182.0644504355795,m,valid
E001-v2,tuning,E,e-s120-gradient-p2-b040-sir32,tuning-grid-imbalanced-n4500,,radius,p99.max,228.24223074255397,m,valid
E001-v2,tuning,E,e-s120-gradient-p2-b040-sir32,tuning-grid-imbalanced-n4500,,radius,p99.median,221.29909919465956,m,valid
E001-v2,tuning,E,e-s120-gradient-p2-b040-sir32,tuning-grid-imbalanced-n4500,,radius,p99.min,212.003405594885,m,valid
E001-v2,tuning,E,e-s120-gradient-p2-b040-sir32,tuning-grid-imbalanced-n4500,,radius,violations.max,0.0,count,valid
E001-v2,tuning,E,e-s120-gradient-p2-b040-sir32,tuning-grid-imbalanced-n4500,,radius,violations.median,0.0,count,valid
E001-v2,tuning,E,e-s120-gradient-p2-b040-sir32,tuning-grid-imbalanced-n4500,,radius,violations.min,0.0,count,valid
E001-v2,tuning,E,e-s120-gradient-p2-b040-sir32,tuning-grid-imbalanced-n4500,,samplerFailureCount,value,0.0,count,valid
E001-v2,tuning,E,e-s120-gradient-p2-b040-sir32,tuning-grid-imbalanced-n4500,,seam300,max,0.5625955915429599,ratio,valid
E001-v2,tuning,E,e-s120-gradient-p2-b040-sir32,tuning-grid-imbalanced-n4500,,seam300,median,0.23446969696969697,ratio,valid
E001-v2,tuning,E,e-s120-gradient-p2-b040-sir32,tuning-grid-imbalanced-n4500,,seam300,min,0.13595959595959595,ratio,valid
E001-v2,tuning,E,e-s120-gradient-p2-b040-sir32,tuning-grid-imbalanced-n4500,2026090601,a4,value,0.0,ratio,valid
E001-v2,tuning,E,e-s120-gradient-p2-b040-sir32,tuning-grid-imbalanced-n4500,2026090601,radius,max,277.50610464130597,m,valid
E001-v2,tuning,E,e-s120-gradient-p2-b040-sir32,tuning-grid-imbalanced-n4500,2026090601,radius,p50,102.32398954740654,m,valid
E001-v2,tuning,E,e-s120-gradient-p2-b040-sir32,tuning-grid-imbalanced-n4500,2026090601,radius,p95,187.16461180738233,m,valid
E001-v2,tuning,E,e-s120-gradient-p2-b040-sir32,tuning-grid-imbalanced-n4500,2026090601,radius,p99,227.67669707107154,m,valid
E001-v2,tuning,E,e-s120-gradient-p2-b040-sir32,tuning-grid-imbalanced-n4500,2026090601,radius,violations,0.0,count,valid
E001-v2,tuning,E,e-s120-gradient-p2-b040-sir32,tuning-grid-imbalanced-n4500,2026090601,seam300,value,0.23446969696969697,ratio,valid
E001-v2,tuning,E,e-s120-gradient-p2-b040-sir32,tuning-grid-imbalanced-n4500,2026090602,a4,value,0.0466304688228402,ratio,valid
E001-v2,tuning,E,e-s120-gradient-p2-b040-sir32,tuning-grid-imbalanced-n4500,2026090602,radius,max,251.66511030733753,m,valid
E001-v2,tuning,E,e-s120-gradient-p2-b040-sir32,tuning-grid-imbalanced-n4500,2026090602,radius,p50,95.47193486430992,m,valid
E001-v2,tuning,E,e-s120-gradient-p2-b040-sir32,tuning-grid-imbalanced-n4500,2026090602,radius,p95,182.0644504355795,m,valid
E001-v2,tuning,E,e-s120-gradient-p2-b040-sir32,tuning-grid-imbalanced-n4500,2026090602,radius,p99,212.003405594885,m,valid
E001-v2,tuning,E,e-s120-gradient-p2-b040-sir32,tuning-grid-imbalanced-n4500,2026090602,radius,violations,0.0,count,valid
E001-v2,tuning,E,e-s120-gradient-p2-b040-sir32,tuning-grid-imbalanced-n4500,2026090602,seam300,value,0.5625955915429599,ratio,valid
E001-v2,tuning,E,e-s120-gradient-p2-b040-sir32,tuning-grid-imbalanced-n4500,2026090603,a4,value,0.03139387104296513,ratio,valid
E001-v2,tuning,E,e-s120-gradient-p2-b040-sir32,tuning-grid-imbalanced-n4500,2026090603,radius,max,246.16410078003327,m,valid
E001-v2,tuning,E,e-s120-gradient-p2-b040-sir32,tuning-grid-imbalanced-n4500,2026090603,radius,p50,99.05149040279943,m,valid
E001-v2,tuning,E,e-s120-gradient-p2-b040-sir32,tuning-grid-imbalanced-n4500,2026090603,radius,p95,187.63919591615175,m,valid
E001-v2,tuning,E,e-s120-gradient-p2-b040-sir32,tuning-grid-imbalanced-n4500,2026090603,radius,p99,228.24223074255397,m,valid
E001-v2,tuning,E,e-s120-gradient-p2-b040-sir32,tuning-grid-imbalanced-n4500,2026090603,radius,violations,0.0,count,valid
E001-v2,tuning,E,e-s120-gradient-p2-b040-sir32,tuning-grid-imbalanced-n4500,2026090603,seam300,value,0.20673076923076922,ratio,valid
E001-v2,tuning,E,e-s120-gradient-p2-b040-sir32,tuning-grid-imbalanced-n4500,2026090604,a4,value,0.0,ratio,valid
E001-v2,tuning,E,e-s120-gradient-p2-b040-sir32,tuning-grid-imbalanced-n4500,2026090604,radius,max,260.41267294419583,m,valid
E001-v2,tuning,E,e-s120-gradient-p2-b040-sir32,tuning-grid-imbalanced-n4500,2026090604,radius,p50,96.7692342253244,m,valid
E001-v2,tuning,E,e-s120-gradient-p2-b040-sir32,tuning-grid-imbalanced-n4500,2026090604,radius,p95,187.87683222312089,m,valid
E001-v2,tuning,E,e-s120-gradient-p2-b040-sir32,tuning-grid-imbalanced-n4500,2026090604,radius,p99,221.29909919465956,m,valid
E001-v2,tuning,E,e-s120-gradient-p2-b040-sir32,tuning-grid-imbalanced-n4500,2026090604,radius,violations,0.0,count,valid
E001-v2,tuning,E,e-s120-gradient-p2-b040-sir32,tuning-grid-imbalanced-n4500,2026090604,seam300,value,0.13595959595959595,ratio,valid
E001-v2,tuning,E,e-s120-gradient-p2-b040-sir32,tuning-grid-imbalanced-n4500,2026090605,a4,value,0.0,ratio,valid
E001-v2,tuning,E,e-s120-gradient-p2-b040-sir32,tuning-grid-imbalanced-n4500,2026090605,radius,max,263.442388063703,m,valid
E001-v2,tuning,E,e-s120-gradient-p2-b040-sir32,tuning-grid-imbalanced-n4500,2026090605,radius,p50,97.40364620939627,m,valid
E001-v2,tuning,E,e-s120-gradient-p2-b040-sir32,tuning-grid-imbalanced-n4500,2026090605,radius,p95,185.24712385916064,m,valid
E001-v2,tuning,E,e-s120-gradient-p2-b040-sir32,tuning-grid-imbalanced-n4500,2026090605,radius,p99,212.87441846896309,m,valid
E001-v2,tuning,E,e-s120-gradient-p2-b040-sir32,tuning-grid-imbalanced-n4500,2026090605,radius,violations,0.0,count,valid
E001-v2,tuning,E,e-s120-gradient-p2-b040-sir32,tuning-grid-imbalanced-n4500,2026090605,seam300,value,0.3254901960784314,ratio,valid
E001-v2,tuning,E,e-s120-gradient-p2-b040-sir32,tuning-single-n500,,a4,max,0.13810931514047936,ratio,valid
E001-v2,tuning,E,e-s120-gradient-p2-b040-sir32,tuning-single-n500,,a4,median,0.0,ratio,valid
E001-v2,tuning,E,e-s120-gradient-p2-b040-sir32,tuning-single-n500,,a4,min,0.0,ratio,valid
E001-v2,tuning,E,e-s120-gradient-p2-b040-sir32,tuning-single-n500,,hotspot50,cv,1.8443947516732981,ratio,valid
E001-v2,tuning,E,e-s120-gradient-p2-b040-sir32,tuning-single-n500,,hotspot50,max,28.0,count,valid
E001-v2,tuning,E,e-s120-gradient-p2-b040-sir32,tuning-single-n500,,hotspot50,p99,28.0,count,valid
E001-v2,tuning,E,e-s120-gradient-p2-b040-sir32,tuning-single-n500,,neighbors10,value,1.976,count,valid
E001-v2,tuning,E,e-s120-gradient-p2-b040-sir32,tuning-single-n500,,proximity16,value,0.924,ratio,valid
E001-v2,tuning,E,e-s120-gradient-p2-b040-sir32,tuning-single-n500,,proximity24,value,0.962,ratio,valid
E001-v2,tuning,E,e-s120-gradient-p2-b040-sir32,tuning-single-n500,,proximity8,value,0.668,ratio,valid
E001-v2,tuning,E,e-s120-gradient-p2-b040-sir32,tuning-single-n500,,radialKs,max,0.12,ratio,valid
E001-v2,tuning,E,e-s120-gradient-p2-b040-sir32,tuning-single-n500,,radialKs,median,0.10999999999999999,ratio,valid
E001-v2,tuning,E,e-s120-gradient-p2-b040-sir32,tuning-single-n500,,radialKs,min,0.08000000000000007,ratio,valid
E001-v2,tuning,E,e-s120-gradient-p2-b040-sir32,tuning-single-n500,,radius,max.max,240.5227483034383,m,valid
E001-v2,tuning,E,e-s120-gradient-p2-b040-sir32,tuning-single-n500,,radius,max.median,231.28586068857805,m,valid
E001-v2,tuning,E,e-s120-gradient-p2-b040-sir32,tuning-single-n500,,radius,max.min,227.65572751511888,m,valid
E001-v2,tuning,E,e-s120-gradient-p2-b040-sir32,tuning-single-n500,,radius,p50.max,104.33039375321037,m,valid
E001-v2,tuning,E,e-s120-gradient-p2-b040-sir32,tuning-single-n500,,radius,p50.median,95.27826745071489,m,valid
E001-v2,tuning,E,e-s120-gradient-p2-b040-sir32,tuning-single-n500,,radius,p50.min,88.19115809233155,m,valid
E001-v2,tuning,E,e-s120-gradient-p2-b040-sir32,tuning-single-n500,,radius,p95.max,186.80876279287523,m,valid
E001-v2,tuning,E,e-s120-gradient-p2-b040-sir32,tuning-single-n500,,radius,p95.median,176.34316923505253,m,valid
E001-v2,tuning,E,e-s120-gradient-p2-b040-sir32,tuning-single-n500,,radius,p95.min,174.3593744980429,m,valid
E001-v2,tuning,E,e-s120-gradient-p2-b040-sir32,tuning-single-n500,,radius,p99.max,220.9960184443913,m,valid
E001-v2,tuning,E,e-s120-gradient-p2-b040-sir32,tuning-single-n500,,radius,p99.median,204.48883389037718,m,valid
E001-v2,tuning,E,e-s120-gradient-p2-b040-sir32,tuning-single-n500,,radius,p99.min,189.67392365157707,m,valid
E001-v2,tuning,E,e-s120-gradient-p2-b040-sir32,tuning-single-n500,,radius,violations.max,0.0,count,valid
E001-v2,tuning,E,e-s120-gradient-p2-b040-sir32,tuning-single-n500,,radius,violations.median,0.0,count,valid
E001-v2,tuning,E,e-s120-gradient-p2-b040-sir32,tuning-single-n500,,radius,violations.min,0.0,count,valid
E001-v2,tuning,E,e-s120-gradient-p2-b040-sir32,tuning-single-n500,,samplerFailureCount,value,0.0,count,valid
E001-v2,tuning,E,e-s120-gradient-p2-b040-sir32,tuning-single-n500,,seam300,max,0.9333333333333333,ratio,valid
E001-v2,tuning,E,e-s120-gradient-p2-b040-sir32,tuning-single-n500,,seam300,median,0.7,ratio,valid
E001-v2,tuning,E,e-s120-gradient-p2-b040-sir32,tuning-single-n500,,seam300,min,0.125,ratio,valid
E001-v2,tuning,E,e-s120-gradient-p2-b040-sir32,tuning-single-n500,2026090601,a4,value,0.0,ratio,valid
E001-v2,tuning,E,e-s120-gradient-p2-b040-sir32,tuning-single-n500,2026090601,radialKs,value,0.10999999999999999,ratio,valid
E001-v2,tuning,E,e-s120-gradient-p2-b040-sir32,tuning-single-n500,2026090601,radius,max,237.5394568143986,m,valid
E001-v2,tuning,E,e-s120-gradient-p2-b040-sir32,tuning-single-n500,2026090601,radius,p50,93.50950527631394,m,valid
E001-v2,tuning,E,e-s120-gradient-p2-b040-sir32,tuning-single-n500,2026090601,radius,p95,186.80876279287523,m,valid
E001-v2,tuning,E,e-s120-gradient-p2-b040-sir32,tuning-single-n500,2026090601,radius,p99,204.48883389037718,m,valid
E001-v2,tuning,E,e-s120-gradient-p2-b040-sir32,tuning-single-n500,2026090601,radius,violations,0.0,count,valid
E001-v2,tuning,E,e-s120-gradient-p2-b040-sir32,tuning-single-n500,2026090601,seam300,value,0.125,ratio,valid
E001-v2,tuning,E,e-s120-gradient-p2-b040-sir32,tuning-single-n500,2026090602,a4,value,0.12192057820957067,ratio,valid
E001-v2,tuning,E,e-s120-gradient-p2-b040-sir32,tuning-single-n500,2026090602,radialKs,value,0.08000000000000007,ratio,valid
E001-v2,tuning,E,e-s120-gradient-p2-b040-sir32,tuning-single-n500,2026090602,radius,max,231.28586068857805,m,valid
E001-v2,tuning,E,e-s120-gradient-p2-b040-sir32,tuning-single-n500,2026090602,radius,p50,103.59994749916649,m,valid
E001-v2,tuning,E,e-s120-gradient-p2-b040-sir32,tuning-single-n500,2026090602,radius,p95,176.34316923505253,m,valid
E001-v2,tuning,E,e-s120-gradient-p2-b040-sir32,tuning-single-n500,2026090602,radius,p99,220.9960184443913,m,valid
E001-v2,tuning,E,e-s120-gradient-p2-b040-sir32,tuning-single-n500,2026090602,radius,violations,0.0,count,valid
E001-v2,tuning,E,e-s120-gradient-p2-b040-sir32,tuning-single-n500,2026090602,seam300,value,0.9083333333333332,ratio,valid
E001-v2,tuning,E,e-s120-gradient-p2-b040-sir32,tuning-single-n500,2026090603,a4,value,0.13810931514047936,ratio,valid
E001-v2,tuning,E,e-s120-gradient-p2-b040-sir32,tuning-single-n500,2026090603,radialKs,value,0.12,ratio,valid
E001-v2,tuning,E,e-s120-gradient-p2-b040-sir32,tuning-single-n500,2026090603,radius,max,227.65572751511888,m,valid
E001-v2,tuning,E,e-s120-gradient-p2-b040-sir32,tuning-single-n500,2026090603,radius,p50,104.33039375321037,m,valid
E001-v2,tuning,E,e-s120-gradient-p2-b040-sir32,tuning-single-n500,2026090603,radius,p95,175.3339735408257,m,valid
E001-v2,tuning,E,e-s120-gradient-p2-b040-sir32,tuning-single-n500,2026090603,radius,p99,189.67392365157707,m,valid
E001-v2,tuning,E,e-s120-gradient-p2-b040-sir32,tuning-single-n500,2026090603,radius,violations,0.0,count,valid
E001-v2,tuning,E,e-s120-gradient-p2-b040-sir32,tuning-single-n500,2026090603,seam300,value,0.7,ratio,valid
E001-v2,tuning,E,e-s120-gradient-p2-b040-sir32,tuning-single-n500,2026090604,a4,value,0.0,ratio,valid
E001-v2,tuning,E,e-s120-gradient-p2-b040-sir32,tuning-single-n500,2026090604,radialKs,value,0.10000000000000003,ratio,valid
E001-v2,tuning,E,e-s120-gradient-p2-b040-sir32,tuning-single-n500,2026090604,radius,max,240.5227483034383,m,valid
E001-v2,tuning,E,e-s120-gradient-p2-b040-sir32,tuning-single-n500,2026090604,radius,p50,95.27826745071489,m,valid
E001-v2,tuning,E,e-s120-gradient-p2-b040-sir32,tuning-single-n500,2026090604,radius,p95,177.33469265510126,m,valid
E001-v2,tuning,E,e-s120-gradient-p2-b040-sir32,tuning-single-n500,2026090604,radius,p99,198.22442148967957,m,valid
E001-v2,tuning,E,e-s120-gradient-p2-b040-sir32,tuning-single-n500,2026090604,radius,violations,0.0,count,valid
E001-v2,tuning,E,e-s120-gradient-p2-b040-sir32,tuning-single-n500,2026090604,seam300,value,0.9333333333333333,ratio,valid
E001-v2,tuning,E,e-s120-gradient-p2-b040-sir32,tuning-single-n500,2026090605,a4,value,0.0,ratio,valid
E001-v2,tuning,E,e-s120-gradient-p2-b040-sir32,tuning-single-n500,2026090605,radialKs,value,0.12,ratio,valid
E001-v2,tuning,E,e-s120-gradient-p2-b040-sir32,tuning-single-n500,2026090605,radius,max,228.23088269563536,m,valid
E001-v2,tuning,E,e-s120-gradient-p2-b040-sir32,tuning-single-n500,2026090605,radius,p50,88.19115809233155,m,valid
E001-v2,tuning,E,e-s120-gradient-p2-b040-sir32,tuning-single-n500,2026090605,radius,p95,174.3593744980429,m,valid
E001-v2,tuning,E,e-s120-gradient-p2-b040-sir32,tuning-single-n500,2026090605,radius,p99,218.67538942516137,m,valid
E001-v2,tuning,E,e-s120-gradient-p2-b040-sir32,tuning-single-n500,2026090605,radius,violations,0.0,count,valid
E001-v2,tuning,E,e-s120-gradient-p2-b040-sir32,tuning-single-n500,2026090605,seam300,value,0.6583333333333333,ratio,valid
E001-v2,tuning,E,e-s120-gradient-p2-b070-rejection128,tuning-grid-imbalanced-n4500,,a4,max,0.047942766938179796,ratio,valid
E001-v2,tuning,E,e-s120-gradient-p2-b070-rejection128,tuning-grid-imbalanced-n4500,,a4,median,0.029088579828529987,ratio,valid
E001-v2,tuning,E,e-s120-gradient-p2-b070-rejection128,tuning-grid-imbalanced-n4500,,a4,min,0.0,ratio,valid
E001-v2,tuning,E,e-s120-gradient-p2-b070-rejection128,tuning-grid-imbalanced-n4500,,hotspot50,cv,1.3695326047800234,ratio,valid
E001-v2,tuning,E,e-s120-gradient-p2-b070-rejection128,tuning-grid-imbalanced-n4500,,hotspot50,max,66.0,count,valid
E001-v2,tuning,E,e-s120-gradient-p2-b070-rejection128,tuning-grid-imbalanced-n4500,,hotspot50,p99,53.0,count,valid
E001-v2,tuning,E,e-s120-gradient-p2-b070-rejection128,tuning-grid-imbalanced-n4500,,neighbors10,value,2.7577777777777777,count,valid
E001-v2,tuning,E,e-s120-gradient-p2-b070-rejection128,tuning-grid-imbalanced-n4500,,proximity16,value,0.9468888888888889,ratio,valid
E001-v2,tuning,E,e-s120-gradient-p2-b070-rejection128,tuning-grid-imbalanced-n4500,,proximity24,value,0.9837777777777778,ratio,valid
E001-v2,tuning,E,e-s120-gradient-p2-b070-rejection128,tuning-grid-imbalanced-n4500,,proximity8,value,0.7135555555555556,ratio,valid
E001-v2,tuning,E,e-s120-gradient-p2-b070-rejection128,tuning-grid-imbalanced-n4500,,radius,max.max,256.14640142367995,m,valid
E001-v2,tuning,E,e-s120-gradient-p2-b070-rejection128,tuning-grid-imbalanced-n4500,,radius,max.median,250.90877098549203,m,valid
E001-v2,tuning,E,e-s120-gradient-p2-b070-rejection128,tuning-grid-imbalanced-n4500,,radius,max.min,244.27158074725745,m,valid
E001-v2,tuning,E,e-s120-gradient-p2-b070-rejection128,tuning-grid-imbalanced-n4500,,radius,p50.max,99.97872075321128,m,valid
E001-v2,tuning,E,e-s120-gradient-p2-b070-rejection128,tuning-grid-imbalanced-n4500,,radius,p50.median,99.03156328126023,m,valid
E001-v2,tuning,E,e-s120-gradient-p2-b070-rejection128,tuning-grid-imbalanced-n4500,,radius,p50.min,94.30910564126707,m,valid
E001-v2,tuning,E,e-s120-gradient-p2-b070-rejection128,tuning-grid-imbalanced-n4500,,radius,p95.max,191.0841063292201,m,valid
E001-v2,tuning,E,e-s120-gradient-p2-b070-rejection128,tuning-grid-imbalanced-n4500,,radius,p95.median,186.7835342862206,m,valid
E001-v2,tuning,E,e-s120-gradient-p2-b070-rejection128,tuning-grid-imbalanced-n4500,,radius,p95.min,186.1027570163534,m,valid
E001-v2,tuning,E,e-s120-gradient-p2-b070-rejection128,tuning-grid-imbalanced-n4500,,radius,p99.max,229.78719550841694,m,valid
E001-v2,tuning,E,e-s120-gradient-p2-b070-rejection128,tuning-grid-imbalanced-n4500,,radius,p99.median,223.44074307744322,m,valid
E001-v2,tuning,E,e-s120-gradient-p2-b070-rejection128,tuning-grid-imbalanced-n4500,,radius,p99.min,216.73336918985464,m,valid
E001-v2,tuning,E,e-s120-gradient-p2-b070-rejection128,tuning-grid-imbalanced-n4500,,radius,violations.max,0.0,count,valid
E001-v2,tuning,E,e-s120-gradient-p2-b070-rejection128,tuning-grid-imbalanced-n4500,,radius,violations.median,0.0,count,valid
E001-v2,tuning,E,e-s120-gradient-p2-b070-rejection128,tuning-grid-imbalanced-n4500,,radius,violations.min,0.0,count,valid
E001-v2,tuning,E,e-s120-gradient-p2-b070-rejection128,tuning-grid-imbalanced-n4500,,samplerFailureCount,value,0.0,count,valid
E001-v2,tuning,E,e-s120-gradient-p2-b070-rejection128,tuning-grid-imbalanced-n4500,,seam300,max,0.487062937062937,ratio,valid
E001-v2,tuning,E,e-s120-gradient-p2-b070-rejection128,tuning-grid-imbalanced-n4500,,seam300,median,0.2604214340198322,ratio,valid
E001-v2,tuning,E,e-s120-gradient-p2-b070-rejection128,tuning-grid-imbalanced-n4500,,seam300,min,0.2275641025641026,ratio,valid
E001-v2,tuning,E,e-s120-gradient-p2-b070-rejection128,tuning-grid-imbalanced-n4500,2026090601,a4,value,0.029088579828529987,ratio,valid
E001-v2,tuning,E,e-s120-gradient-p2-b070-rejection128,tuning-grid-imbalanced-n4500,2026090601,radius,max,248.66016807626067,m,valid
E001-v2,tuning,E,e-s120-gradient-p2-b070-rejection128,tuning-grid-imbalanced-n4500,2026090601,radius,p50,94.30910564126707,m,valid
E001-v2,tuning,E,e-s120-gradient-p2-b070-rejection128,tuning-grid-imbalanced-n4500,2026090601,radius,p95,191.0841063292201,m,valid
E001-v2,tuning,E,e-s120-gradient-p2-b070-rejection128,tuning-grid-imbalanced-n4500,2026090601,radius,p99,227.83961154505934,m,valid
E001-v2,tuning,E,e-s120-gradient-p2-b070-rejection128,tuning-grid-imbalanced-n4500,2026090601,radius,violations,0.0,count,valid
E001-v2,tuning,E,e-s120-gradient-p2-b070-rejection128,tuning-grid-imbalanced-n4500,2026090601,seam300,value,0.24583810068649886,ratio,valid
E001-v2,tuning,E,e-s120-gradient-p2-b070-rejection128,tuning-grid-imbalanced-n4500,2026090602,a4,value,0.047942766938179796,ratio,valid
E001-v2,tuning,E,e-s120-gradient-p2-b070-rejection128,tuning-grid-imbalanced-n4500,2026090602,radius,max,244.27158074725745,m,valid
E001-v2,tuning,E,e-s120-gradient-p2-b070-rejection128,tuning-grid-imbalanced-n4500,2026090602,radius,p50,99.14730569123984,m,valid
E001-v2,tuning,E,e-s120-gradient-p2-b070-rejection128,tuning-grid-imbalanced-n4500,2026090602,radius,p95,190.58147655232034,m,valid
E001-v2,tuning,E,e-s120-gradient-p2-b070-rejection128,tuning-grid-imbalanced-n4500,2026090602,radius,p99,223.44074307744322,m,valid
E001-v2,tuning,E,e-s120-gradient-p2-b070-rejection128,tuning-grid-imbalanced-n4500,2026090602,radius,violations,0.0,count,valid
E001-v2,tuning,E,e-s120-gradient-p2-b070-rejection128,tuning-grid-imbalanced-n4500,2026090602,seam300,value,0.2604214340198322,ratio,valid
E001-v2,tuning,E,e-s120-gradient-p2-b070-rejection128,tuning-grid-imbalanced-n4500,2026090603,a4,value,0.042636831558811226,ratio,valid
E001-v2,tuning,E,e-s120-gradient-p2-b070-rejection128,tuning-grid-imbalanced-n4500,2026090603,radius,max,256.14640142367995,m,valid
E001-v2,tuning,E,e-s120-gradient-p2-b070-rejection128,tuning-grid-imbalanced-n4500,2026090603,radius,p50,98.86752795006981,m,valid
E001-v2,tuning,E,e-s120-gradient-p2-b070-rejection128,tuning-grid-imbalanced-n4500,2026090603,radius,p95,186.4627009337916,m,valid
E001-v2,tuning,E,e-s120-gradient-p2-b070-rejection128,tuning-grid-imbalanced-n4500,2026090603,radius,p99,220.19822375965538,m,valid
E001-v2,tuning,E,e-s120-gradient-p2-b070-rejection128,tuning-grid-imbalanced-n4500,2026090603,radius,violations,0.0,count,valid
E001-v2,tuning,E,e-s120-gradient-p2-b070-rejection128,tuning-grid-imbalanced-n4500,2026090603,seam300,value,0.487062937062937,ratio,valid
E001-v2,tuning,E,e-s120-gradient-p2-b070-rejection128,tuning-grid-imbalanced-n4500,2026090604,a4,value,0.0,ratio,valid
E001-v2,tuning,E,e-s120-gradient-p2-b070-rejection128,tuning-grid-imbalanced-n4500,2026090604,radius,max,250.90877098549203,m,valid
E001-v2,tuning,E,e-s120-gradient-p2-b070-rejection128,tuning-grid-imbalanced-n4500,2026090604,radius,p50,99.97872075321128,m,valid
E001-v2,tuning,E,e-s120-gradient-p2-b070-rejection128,tuning-grid-imbalanced-n4500,2026090604,radius,p95,186.7835342862206,m,valid
E001-v2,tuning,E,e-s120-gradient-p2-b070-rejection128,tuning-grid-imbalanced-n4500,2026090604,radius,p99,229.78719550841694,m,valid
E001-v2,tuning,E,e-s120-gradient-p2-b070-rejection128,tuning-grid-imbalanced-n4500,2026090604,radius,violations,0.0,count,valid
E001-v2,tuning,E,e-s120-gradient-p2-b070-rejection128,tuning-grid-imbalanced-n4500,2026090604,seam300,value,0.45256962864721484,ratio,valid
E001-v2,tuning,E,e-s120-gradient-p2-b070-rejection128,tuning-grid-imbalanced-n4500,2026090605,a4,value,0.0,ratio,valid
E001-v2,tuning,E,e-s120-gradient-p2-b070-rejection128,tuning-grid-imbalanced-n4500,2026090605,radius,max,252.75942696741177,m,valid
E001-v2,tuning,E,e-s120-gradient-p2-b070-rejection128,tuning-grid-imbalanced-n4500,2026090605,radius,p50,99.03156328126023,m,valid
E001-v2,tuning,E,e-s120-gradient-p2-b070-rejection128,tuning-grid-imbalanced-n4500,2026090605,radius,p95,186.1027570163534,m,valid
E001-v2,tuning,E,e-s120-gradient-p2-b070-rejection128,tuning-grid-imbalanced-n4500,2026090605,radius,p99,216.73336918985464,m,valid
E001-v2,tuning,E,e-s120-gradient-p2-b070-rejection128,tuning-grid-imbalanced-n4500,2026090605,radius,violations,0.0,count,valid
E001-v2,tuning,E,e-s120-gradient-p2-b070-rejection128,tuning-grid-imbalanced-n4500,2026090605,seam300,value,0.2275641025641026,ratio,valid
E001-v2,tuning,E,e-s120-gradient-p2-b070-rejection128,tuning-single-n500,,a4,max,0.1595902428414896,ratio,valid
E001-v2,tuning,E,e-s120-gradient-p2-b070-rejection128,tuning-single-n500,,a4,median,0.04611256414727643,ratio,valid
E001-v2,tuning,E,e-s120-gradient-p2-b070-rejection128,tuning-single-n500,,a4,min,0.0,ratio,valid
E001-v2,tuning,E,e-s120-gradient-p2-b070-rejection128,tuning-single-n500,,hotspot50,cv,1.849073281403419,ratio,valid
E001-v2,tuning,E,e-s120-gradient-p2-b070-rejection128,tuning-single-n500,,hotspot50,max,31.0,count,valid
E001-v2,tuning,E,e-s120-gradient-p2-b070-rejection128,tuning-single-n500,,hotspot50,p99,29.0,count,valid
E001-v2,tuning,E,e-s120-gradient-p2-b070-rejection128,tuning-single-n500,,neighbors10,value,1.876,count,valid
E001-v2,tuning,E,e-s120-gradient-p2-b070-rejection128,tuning-single-n500,,proximity16,value,0.91,ratio,valid
E001-v2,tuning,E,e-s120-gradient-p2-b070-rejection128,tuning-single-n500,,proximity24,value,0.97,ratio,valid
E001-v2,tuning,E,e-s120-gradient-p2-b070-rejection128,tuning-single-n500,,proximity8,value,0.672,ratio,valid
E001-v2,tuning,E,e-s120-gradient-p2-b070-rejection128,tuning-single-n500,,radialKs,max,0.09000000000000002,ratio,valid
E001-v2,tuning,E,e-s120-gradient-p2-b070-rejection128,tuning-single-n500,,radialKs,median,0.07999999999999996,ratio,valid
E001-v2,tuning,E,e-s120-gradient-p2-b070-rejection128,tuning-single-n500,,radialKs,min,0.06999999999999995,ratio,valid
E001-v2,tuning,E,e-s120-gradient-p2-b070-rejection128,tuning-single-n500,,radius,max.max,264.38477759912854,m,valid
E001-v2,tuning,E,e-s120-gradient-p2-b070-rejection128,tuning-single-n500,,radius,max.median,244.22736603681926,m,valid
E001-v2,tuning,E,e-s120-gradient-p2-b070-rejection128,tuning-single-n500,,radius,max.min,219.53699942768847,m,valid
E001-v2,tuning,E,e-s120-gradient-p2-b070-rejection128,tuning-single-n500,,radius,p50.max,104.2704857406496,m,valid
E001-v2,tuning,E,e-s120-gradient-p2-b070-rejection128,tuning-single-n500,,radius,p50.median,101.54992429144548,m,valid
E001-v2,tuning,E,e-s120-gradient-p2-b070-rejection128,tuning-single-n500,,radius,p50.min,92.79287429142435,m,valid
E001-v2,tuning,E,e-s120-gradient-p2-b070-rejection128,tuning-single-n500,,radius,p95.max,203.46272129503188,m,valid
E001-v2,tuning,E,e-s120-gradient-p2-b070-rejection128,tuning-single-n500,,radius,p95.median,188.62070175715172,m,valid
E001-v2,tuning,E,e-s120-gradient-p2-b070-rejection128,tuning-single-n500,,radius,p95.min,171.18569116418672,m,valid
E001-v2,tuning,E,e-s120-gradient-p2-b070-rejection128,tuning-single-n500,,radius,p99.max,245.9698003969161,m,valid
E001-v2,tuning,E,e-s120-gradient-p2-b070-rejection128,tuning-single-n500,,radius,p99.median,215.99403323167547,m,valid
E001-v2,tuning,E,e-s120-gradient-p2-b070-rejection128,tuning-single-n500,,radius,p99.min,212.62536335895408,m,valid
E001-v2,tuning,E,e-s120-gradient-p2-b070-rejection128,tuning-single-n500,,radius,violations.max,0.0,count,valid
E001-v2,tuning,E,e-s120-gradient-p2-b070-rejection128,tuning-single-n500,,radius,violations.median,0.0,count,valid
E001-v2,tuning,E,e-s120-gradient-p2-b070-rejection128,tuning-single-n500,,radius,violations.min,0.0,count,valid
E001-v2,tuning,E,e-s120-gradient-p2-b070-rejection128,tuning-single-n500,,samplerFailureCount,value,0.0,count,valid
E001-v2,tuning,E,e-s120-gradient-p2-b070-rejection128,tuning-single-n500,,seam300,max,1.0416666666666665,ratio,valid
E001-v2,tuning,E,e-s120-gradient-p2-b070-rejection128,tuning-single-n500,,seam300,median,0.7833333333333332,ratio,valid
E001-v2,tuning,E,e-s120-gradient-p2-b070-rejection128,tuning-single-n500,,seam300,min,0.5416666666666666,ratio,valid
E001-v2,tuning,E,e-s120-gradient-p2-b070-rejection128,tuning-single-n500,2026090601,a4,value,0.1595902428414896,ratio,valid
E001-v2,tuning,E,e-s120-gradient-p2-b070-rejection128,tuning-single-n500,2026090601,radialKs,value,0.07000000000000006,ratio,valid
E001-v2,tuning,E,e-s120-gradient-p2-b070-rejection128,tuning-single-n500,2026090601,radius,max,264.38477759912854,m,valid
E001-v2,tuning,E,e-s120-gradient-p2-b070-rejection128,tuning-single-n500,2026090601,radius,p50,101.54992429144548,m,valid
E001-v2,tuning,E,e-s120-gradient-p2-b070-rejection128,tuning-single-n500,2026090601,radius,p95,203.46272129503188,m,valid
E001-v2,tuning,E,e-s120-gradient-p2-b070-rejection128,tuning-single-n500,2026090601,radius,p99,245.9698003969161,m,valid
E001-v2,tuning,E,e-s120-gradient-p2-b070-rejection128,tuning-single-n500,2026090601,radius,violations,0.0,count,valid
E001-v2,tuning,E,e-s120-gradient-p2-b070-rejection128,tuning-single-n500,2026090601,seam300,value,0.7833333333333332,ratio,valid
E001-v2,tuning,E,e-s120-gradient-p2-b070-rejection128,tuning-single-n500,2026090602,a4,value,0.06663090810935542,ratio,valid
E001-v2,tuning,E,e-s120-gradient-p2-b070-rejection128,tuning-single-n500,2026090602,radialKs,value,0.06999999999999995,ratio,valid
E001-v2,tuning,E,e-s120-gradient-p2-b070-rejection128,tuning-single-n500,2026090602,radius,max,219.53699942768847,m,valid
E001-v2,tuning,E,e-s120-gradient-p2-b070-rejection128,tuning-single-n500,2026090602,radius,p50,101.93264781785749,m,valid
E001-v2,tuning,E,e-s120-gradient-p2-b070-rejection128,tuning-single-n500,2026090602,radius,p95,201.49438780131828,m,valid
E001-v2,tuning,E,e-s120-gradient-p2-b070-rejection128,tuning-single-n500,2026090602,radius,p99,218.5956484239298,m,valid
E001-v2,tuning,E,e-s120-gradient-p2-b070-rejection128,tuning-single-n500,2026090602,radius,violations,0.0,count,valid
E001-v2,tuning,E,e-s120-gradient-p2-b070-rejection128,tuning-single-n500,2026090602,seam300,value,0.625,ratio,valid
E001-v2,tuning,E,e-s120-gradient-p2-b070-rejection128,tuning-single-n500,2026090603,a4,value,0.0,ratio,valid
E001-v2,tuning,E,e-s120-gradient-p2-b070-rejection128,tuning-single-n500,2026090603,radialKs,value,0.08999999999999997,ratio,valid
E001-v2,tuning,E,e-s120-gradient-p2-b070-rejection128,tuning-single-n500,2026090603,radius,max,238.23494327121574,m,valid
E001-v2,tuning,E,e-s120-gradient-p2-b070-rejection128,tuning-single-n500,2026090603,radius,p50,92.79287429142435,m,valid
E001-v2,tuning,E,e-s120-gradient-p2-b070-rejection128,tuning-single-n500,2026090603,radius,p95,188.62070175715172,m,valid
E001-v2,tuning,E,e-s120-gradient-p2-b070-rejection128,tuning-single-n500,2026090603,radius,p99,215.99403323167547,m,valid
E001-v2,tuning,E,e-s120-gradient-p2-b070-rejection128,tuning-single-n500,2026090603,radius,violations,0.0,count,valid
E001-v2,tuning,E,e-s120-gradient-p2-b070-rejection128,tuning-single-n500,2026090603,seam300,value,1.0416666666666665,ratio,valid
E001-v2,tuning,E,e-s120-gradient-p2-b070-rejection128,tuning-single-n500,2026090604,a4,value,0.0,ratio,valid
E001-v2,tuning,E,e-s120-gradient-p2-b070-rejection128,tuning-single-n500,2026090604,radialKs,value,0.07999999999999996,ratio,valid
E001-v2,tuning,E,e-s120-gradient-p2-b070-rejection128,tuning-single-n500,2026090604,radius,max,244.22736603681926,m,valid
E001-v2,tuning,E,e-s120-gradient-p2-b070-rejection128,tuning-single-n500,2026090604,radius,p50,94.2343583731,m,valid
E001-v2,tuning,E,e-s120-gradient-p2-b070-rejection128,tuning-single-n500,2026090604,radius,p95,171.18569116418672,m,valid
E001-v2,tuning,E,e-s120-gradient-p2-b070-rejection128,tuning-single-n500,2026090604,radius,p99,212.62536335895408,m,valid
E001-v2,tuning,E,e-s120-gradient-p2-b070-rejection128,tuning-single-n500,2026090604,radius,violations,0.0,count,valid
E001-v2,tuning,E,e-s120-gradient-p2-b070-rejection128,tuning-single-n500,2026090604,seam300,value,0.5416666666666666,ratio,valid
E001-v2,tuning,E,e-s120-gradient-p2-b070-rejection128,tuning-single-n500,2026090605,a4,value,0.04611256414727643,ratio,valid
E001-v2,tuning,E,e-s120-gradient-p2-b070-rejection128,tuning-single-n500,2026090605,radialKs,value,0.09000000000000002,ratio,valid
E001-v2,tuning,E,e-s120-gradient-p2-b070-rejection128,tuning-single-n500,2026090605,radius,max,261.1429718099526,m,valid
E001-v2,tuning,E,e-s120-gradient-p2-b070-rejection128,tuning-single-n500,2026090605,radius,p50,104.2704857406496,m,valid
E001-v2,tuning,E,e-s120-gradient-p2-b070-rejection128,tuning-single-n500,2026090605,radius,p95,185.12275728079524,m,valid
E001-v2,tuning,E,e-s120-gradient-p2-b070-rejection128,tuning-single-n500,2026090605,radius,p99,212.8158773092968,m,valid
E001-v2,tuning,E,e-s120-gradient-p2-b070-rejection128,tuning-single-n500,2026090605,radius,violations,0.0,count,valid
E001-v2,tuning,E,e-s120-gradient-p2-b070-rejection128,tuning-single-n500,2026090605,seam300,value,1.0178571428571428,ratio,valid
E001-v2,tuning,E,e-s120-gradient-p2-b070-sir16,tuning-grid-imbalanced-n4500,,a4,max,0.028432087683406937,ratio,valid
E001-v2,tuning,E,e-s120-gradient-p2-b070-sir16,tuning-grid-imbalanced-n4500,,a4,median,0.0,ratio,valid
E001-v2,tuning,E,e-s120-gradient-p2-b070-sir16,tuning-grid-imbalanced-n4500,,a4,min,0.0,ratio,valid
E001-v2,tuning,E,e-s120-gradient-p2-b070-sir16,tuning-grid-imbalanced-n4500,,hotspot50,cv,1.3902901375851973,ratio,valid
E001-v2,tuning,E,e-s120-gradient-p2-b070-sir16,tuning-grid-imbalanced-n4500,,hotspot50,max,64.0,count,valid
E001-v2,tuning,E,e-s120-gradient-p2-b070-sir16,tuning-grid-imbalanced-n4500,,hotspot50,p99,54.0,count,valid
E001-v2,tuning,E,e-s120-gradient-p2-b070-sir16,tuning-grid-imbalanced-n4500,,neighbors10,value,2.796,count,valid
E001-v2,tuning,E,e-s120-gradient-p2-b070-sir16,tuning-grid-imbalanced-n4500,,proximity16,value,0.9457777777777778,ratio,valid
E001-v2,tuning,E,e-s120-gradient-p2-b070-sir16,tuning-grid-imbalanced-n4500,,proximity24,value,0.9848888888888889,ratio,valid
E001-v2,tuning,E,e-s120-gradient-p2-b070-sir16,tuning-grid-imbalanced-n4500,,proximity8,value,0.7231111111111111,ratio,valid
E001-v2,tuning,E,e-s120-gradient-p2-b070-sir16,tuning-grid-imbalanced-n4500,,radius,max.max,260.6950340978667,m,valid
E001-v2,tuning,E,e-s120-gradient-p2-b070-sir16,tuning-grid-imbalanced-n4500,,radius,max.median,247.52346658635568,m,valid
E001-v2,tuning,E,e-s120-gradient-p2-b070-sir16,tuning-grid-imbalanced-n4500,,radius,max.min,239.14085004569603,m,valid
E001-v2,tuning,E,e-s120-gradient-p2-b070-sir16,tuning-grid-imbalanced-n4500,,radius,p50.max,99.2601011467374,m,valid
E001-v2,tuning,E,e-s120-gradient-p2-b070-sir16,tuning-grid-imbalanced-n4500,,radius,p50.median,97.18571740816314,m,valid
E001-v2,tuning,E,e-s120-gradient-p2-b070-sir16,tuning-grid-imbalanced-n4500,,radius,p50.min,94.14031403962517,m,valid
E001-v2,tuning,E,e-s120-gradient-p2-b070-sir16,tuning-grid-imbalanced-n4500,,radius,p95.max,192.71654178768458,m,valid
E001-v2,tuning,E,e-s120-gradient-p2-b070-sir16,tuning-grid-imbalanced-n4500,,radius,p95.median,189.9350077189778,m,valid
E001-v2,tuning,E,e-s120-gradient-p2-b070-sir16,tuning-grid-imbalanced-n4500,,radius,p95.min,186.54353120528302,m,valid
E001-v2,tuning,E,e-s120-gradient-p2-b070-sir16,tuning-grid-imbalanced-n4500,,radius,p99.max,228.6920835556453,m,valid
E001-v2,tuning,E,e-s120-gradient-p2-b070-sir16,tuning-grid-imbalanced-n4500,,radius,p99.median,220.38642352200358,m,valid
E001-v2,tuning,E,e-s120-gradient-p2-b070-sir16,tuning-grid-imbalanced-n4500,,radius,p99.min,215.827069033561,m,valid
E001-v2,tuning,E,e-s120-gradient-p2-b070-sir16,tuning-grid-imbalanced-n4500,,radius,violations.max,0.0,count,valid
E001-v2,tuning,E,e-s120-gradient-p2-b070-sir16,tuning-grid-imbalanced-n4500,,radius,violations.median,0.0,count,valid
E001-v2,tuning,E,e-s120-gradient-p2-b070-sir16,tuning-grid-imbalanced-n4500,,radius,violations.min,0.0,count,valid
E001-v2,tuning,E,e-s120-gradient-p2-b070-sir16,tuning-grid-imbalanced-n4500,,samplerFailureCount,value,0.0,count,valid
E001-v2,tuning,E,e-s120-gradient-p2-b070-sir16,tuning-grid-imbalanced-n4500,,seam300,max,0.5920833333333333,ratio,valid
E001-v2,tuning,E,e-s120-gradient-p2-b070-sir16,tuning-grid-imbalanced-n4500,,seam300,median,0.34243697478991597,ratio,valid
E001-v2,tuning,E,e-s120-gradient-p2-b070-sir16,tuning-grid-imbalanced-n4500,,seam300,min,0.21658730158730158,ratio,valid
E001-v2,tuning,E,e-s120-gradient-p2-b070-sir16,tuning-grid-imbalanced-n4500,2026090601,a4,value,0.0,ratio,valid
E001-v2,tuning,E,e-s120-gradient-p2-b070-sir16,tuning-grid-imbalanced-n4500,2026090601,radius,max,260.40206622840856,m,valid
E001-v2,tuning,E,e-s120-gradient-p2-b070-sir16,tuning-grid-imbalanced-n4500,2026090601,radius,p50,94.14031403962517,m,valid
E001-v2,tuning,E,e-s120-gradient-p2-b070-sir16,tuning-grid-imbalanced-n4500,2026090601,radius,p95,192.71654178768458,m,valid
E001-v2,tuning,E,e-s120-gradient-p2-b070-sir16,tuning-grid-imbalanced-n4500,2026090601,radius,p99,228.47872912037337,m,valid
E001-v2,tuning,E,e-s120-gradient-p2-b070-sir16,tuning-grid-imbalanced-n4500,2026090601,radius,violations,0.0,count,valid
E001-v2,tuning,E,e-s120-gradient-p2-b070-sir16,tuning-grid-imbalanced-n4500,2026090601,seam300,value,0.34243697478991597,ratio,valid
E001-v2,tuning,E,e-s120-gradient-p2-b070-sir16,tuning-grid-imbalanced-n4500,2026090602,a4,value,0.0,ratio,valid
E001-v2,tuning,E,e-s120-gradient-p2-b070-sir16,tuning-grid-imbalanced-n4500,2026090602,radius,max,247.52346658635568,m,valid
E001-v2,tuning,E,e-s120-gradient-p2-b070-sir16,tuning-grid-imbalanced-n4500,2026090602,radius,p50,97.18571740816314,m,valid
E001-v2,tuning,E,e-s120-gradient-p2-b070-sir16,tuning-grid-imbalanced-n4500,2026090602,radius,p95,189.41488331964723,m,valid
E001-v2,tuning,E,e-s120-gradient-p2-b070-sir16,tuning-grid-imbalanced-n4500,2026090602,radius,p99,215.827069033561,m,valid
E001-v2,tuning,E,e-s120-gradient-p2-b070-sir16,tuning-grid-imbalanced-n4500,2026090602,radius,violations,0.0,count,valid
E001-v2,tuning,E,e-s120-gradient-p2-b070-sir16,tuning-grid-imbalanced-n4500,2026090602,seam300,value,0.5920833333333333,ratio,valid
E001-v2,tuning,E,e-s120-gradient-p2-b070-sir16,tuning-grid-imbalanced-n4500,2026090603,a4,value,0.028432087683406937,ratio,valid
E001-v2,tuning,E,e-s120-gradient-p2-b070-sir16,tuning-grid-imbalanced-n4500,2026090603,radius,max,239.14085004569603,m,valid
E001-v2,tuning,E,e-s120-gradient-p2-b070-sir16,tuning-grid-imbalanced-n4500,2026090603,radius,p50,97.26057334740477,m,valid
E001-v2,tuning,E,e-s120-gradient-p2-b070-sir16,tuning-grid-imbalanced-n4500,2026090603,radius,p95,189.9350077189778,m,valid
E001-v2,tuning,E,e-s120-gradient-p2-b070-sir16,tuning-grid-imbalanced-n4500,2026090603,radius,p99,218.61834834257928,m,valid
E001-v2,tuning,E,e-s120-gradient-p2-b070-sir16,tuning-grid-imbalanced-n4500,2026090603,radius,violations,0.0,count,valid
E001-v2,tuning,E,e-s120-gradient-p2-b070-sir16,tuning-grid-imbalanced-n4500,2026090603,seam300,value,0.5532828282828283,ratio,valid
E001-v2,tuning,E,e-s120-gradient-p2-b070-sir16,tuning-grid-imbalanced-n4500,2026090604,a4,value,0.0,ratio,valid
E001-v2,tuning,E,e-s120-gradient-p2-b070-sir16,tuning-grid-imbalanced-n4500,2026090604,radius,max,260.6950340978667,m,valid
E001-v2,tuning,E,e-s120-gradient-p2-b070-sir16,tuning-grid-imbalanced-n4500,2026090604,radius,p50,96.88592375963755,m,valid
E001-v2,tuning,E,e-s120-gradient-p2-b070-sir16,tuning-grid-imbalanced-n4500,2026090604,radius,p95,186.54353120528302,m,valid
E001-v2,tuning,E,e-s120-gradient-p2-b070-sir16,tuning-grid-imbalanced-n4500,2026090604,radius,p99,220.38642352200358,m,valid
E001-v2,tuning,E,e-s120-gradient-p2-b070-sir16,tuning-grid-imbalanced-n4500,2026090604,radius,violations,0.0,count,valid
E001-v2,tuning,E,e-s120-gradient-p2-b070-sir16,tuning-grid-imbalanced-n4500,2026090604,seam300,value,0.21658730158730158,ratio,valid
E001-v2,tuning,E,e-s120-gradient-p2-b070-sir16,tuning-grid-imbalanced-n4500,2026090605,a4,value,0.0,ratio,valid
E001-v2,tuning,E,e-s120-gradient-p2-b070-sir16,tuning-grid-imbalanced-n4500,2026090605,radius,max,244.5268507516374,m,valid
E001-v2,tuning,E,e-s120-gradient-p2-b070-sir16,tuning-grid-imbalanced-n4500,2026090605,radius,p50,99.2601011467374,m,valid
E001-v2,tuning,E,e-s120-gradient-p2-b070-sir16,tuning-grid-imbalanced-n4500,2026090605,radius,p95,190.74138058813193,m,valid
E001-v2,tuning,E,e-s120-gradient-p2-b070-sir16,tuning-grid-imbalanced-n4500,2026090605,radius,p99,228.6920835556453,m,valid
E001-v2,tuning,E,e-s120-gradient-p2-b070-sir16,tuning-grid-imbalanced-n4500,2026090605,radius,violations,0.0,count,valid
E001-v2,tuning,E,e-s120-gradient-p2-b070-sir16,tuning-grid-imbalanced-n4500,2026090605,seam300,value,0.26628540305010895,ratio,valid
E001-v2,tuning,E,e-s120-gradient-p2-b070-sir16,tuning-single-n500,,a4,max,0.05641466071928196,ratio,valid
E001-v2,tuning,E,e-s120-gradient-p2-b070-sir16,tuning-single-n500,,a4,median,0.0,ratio,valid
E001-v2,tuning,E,e-s120-gradient-p2-b070-sir16,tuning-single-n500,,a4,min,0.0,ratio,valid
E001-v2,tuning,E,e-s120-gradient-p2-b070-sir16,tuning-single-n500,,hotspot50,cv,1.8437700507384343,ratio,valid
E001-v2,tuning,E,e-s120-gradient-p2-b070-sir16,tuning-single-n500,,hotspot50,max,28.0,count,valid
E001-v2,tuning,E,e-s120-gradient-p2-b070-sir16,tuning-single-n500,,hotspot50,p99,28.0,count,valid
E001-v2,tuning,E,e-s120-gradient-p2-b070-sir16,tuning-single-n500,,neighbors10,value,1.852,count,valid
E001-v2,tuning,E,e-s120-gradient-p2-b070-sir16,tuning-single-n500,,proximity16,value,0.932,ratio,valid
E001-v2,tuning,E,e-s120-gradient-p2-b070-sir16,tuning-single-n500,,proximity24,value,0.96,ratio,valid
E001-v2,tuning,E,e-s120-gradient-p2-b070-sir16,tuning-single-n500,,proximity8,value,0.638,ratio,valid
E001-v2,tuning,E,e-s120-gradient-p2-b070-sir16,tuning-single-n500,,radialKs,max,0.16999999999999998,ratio,valid
E001-v2,tuning,E,e-s120-gradient-p2-b070-sir16,tuning-single-n500,,radialKs,median,0.09999999999999998,ratio,valid
E001-v2,tuning,E,e-s120-gradient-p2-b070-sir16,tuning-single-n500,,radialKs,min,0.07,ratio,valid
E001-v2,tuning,E,e-s120-gradient-p2-b070-sir16,tuning-single-n500,,radius,max.max,247.39011235907736,m,valid
E001-v2,tuning,E,e-s120-gradient-p2-b070-sir16,tuning-single-n500,,radius,max.median,233.09654236074596,m,valid
E001-v2,tuning,E,e-s120-gradient-p2-b070-sir16,tuning-single-n500,,radius,max.min,218.38416879174773,m,valid
E001-v2,tuning,E,e-s120-gradient-p2-b070-sir16,tuning-single-n500,,radius,p50.max,108.71940197959574,m,valid
E001-v2,tuning,E,e-s120-gradient-p2-b070-sir16,tuning-single-n500,,radius,p50.median,98.36609747515729,m,valid
E001-v2,tuning,E,e-s120-gradient-p2-b070-sir16,tuning-single-n500,,radius,p50.min,90.22669125912847,m,valid
E001-v2,tuning,E,e-s120-gradient-p2-b070-sir16,tuning-single-n500,,radius,p95.max,196.47906193917717,m,valid
E001-v2,tuning,E,e-s120-gradient-p2-b070-sir16,tuning-single-n500,,radius,p95.median,191.40107022939122,m,valid
E001-v2,tuning,E,e-s120-gradient-p2-b070-sir16,tuning-single-n500,,radius,p95.min,185.97688456908233,m,valid
E001-v2,tuning,E,e-s120-gradient-p2-b070-sir16,tuning-single-n500,,radius,p99.max,219.36254786040797,m,valid
E001-v2,tuning,E,e-s120-gradient-p2-b070-sir16,tuning-single-n500,,radius,p99.median,210.7353247265832,m,valid
E001-v2,tuning,E,e-s120-gradient-p2-b070-sir16,tuning-single-n500,,radius,p99.min,203.72780584614486,m,valid
E001-v2,tuning,E,e-s120-gradient-p2-b070-sir16,tuning-single-n500,,radius,violations.max,0.0,count,valid
E001-v2,tuning,E,e-s120-gradient-p2-b070-sir16,tuning-single-n500,,radius,violations.median,0.0,count,valid
E001-v2,tuning,E,e-s120-gradient-p2-b070-sir16,tuning-single-n500,,radius,violations.min,0.0,count,valid
E001-v2,tuning,E,e-s120-gradient-p2-b070-sir16,tuning-single-n500,,samplerFailureCount,value,0.0,count,valid
E001-v2,tuning,E,e-s120-gradient-p2-b070-sir16,tuning-single-n500,,seam300,max,1.1666666666666665,ratio,valid
E001-v2,tuning,E,e-s120-gradient-p2-b070-sir16,tuning-single-n500,,seam300,median,0.9107142857142857,ratio,valid
E001-v2,tuning,E,e-s120-gradient-p2-b070-sir16,tuning-single-n500,,seam300,min,0.575,ratio,valid
E001-v2,tuning,E,e-s120-gradient-p2-b070-sir16,tuning-single-n500,2026090601,a4,value,0.0,ratio,valid
E001-v2,tuning,E,e-s120-gradient-p2-b070-sir16,tuning-single-n500,2026090601,radialKs,value,0.16999999999999998,ratio,valid
E001-v2,tuning,E,e-s120-gradient-p2-b070-sir16,tuning-single-n500,2026090601,radius,max,228.4353096608731,m,valid
E001-v2,tuning,E,e-s120-gradient-p2-b070-sir16,tuning-single-n500,2026090601,radius,p50,91.21725610300494,m,valid
E001-v2,tuning,E,e-s120-gradient-p2-b070-sir16,tuning-single-n500,2026090601,radius,p95,196.47906193917717,m,valid
E001-v2,tuning,E,e-s120-gradient-p2-b070-sir16,tuning-single-n500,2026090601,radius,p99,203.72780584614486,m,valid
E001-v2,tuning,E,e-s120-gradient-p2-b070-sir16,tuning-single-n500,2026090601,radius,violations,0.0,count,valid
E001-v2,tuning,E,e-s120-gradient-p2-b070-sir16,tuning-single-n500,2026090601,seam300,value,0.7416666666666667,ratio,valid
E001-v2,tuning,E,e-s120-gradient-p2-b070-sir16,tuning-single-n500,2026090602,a4,value,0.0,ratio,valid
E001-v2,tuning,E,e-s120-gradient-p2-b070-sir16,tuning-single-n500,2026090602,radialKs,value,0.09999999999999998,ratio,valid
E001-v2,tuning,E,e-s120-gradient-p2-b070-sir16,tuning-single-n500,2026090602,radius,max,247.39011235907736,m,valid
E001-v2,tuning,E,e-s120-gradient-p2-b070-sir16,tuning-single-n500,2026090602,radius,p50,99.7128620291443,m,valid
E001-v2,tuning,E,e-s120-gradient-p2-b070-sir16,tuning-single-n500,2026090602,radius,p95,194.77964838154674,m,valid
E001-v2,tuning,E,e-s120-gradient-p2-b070-sir16,tuning-single-n500,2026090602,radius,p99,206.1484834889502,m,valid
E001-v2,tuning,E,e-s120-gradient-p2-b070-sir16,tuning-single-n500,2026090602,radius,violations,0.0,count,valid
E001-v2,tuning,E,e-s120-gradient-p2-b070-sir16,tuning-single-n500,2026090602,seam300,value,0.575,ratio,valid
E001-v2,tuning,E,e-s120-gradient-p2-b070-sir16,tuning-single-n500,2026090603,a4,value,0.0,ratio,valid
E001-v2,tuning,E,e-s120-gradient-p2-b070-sir16,tuning-single-n500,2026090603,radialKs,value,0.15,ratio,valid
E001-v2,tuning,E,e-s120-gradient-p2-b070-sir16,tuning-single-n500,2026090603,radius,max,218.38416879174773,m,valid
E001-v2,tuning,E,e-s120-gradient-p2-b070-sir16,tuning-single-n500,2026090603,radius,p50,108.71940197959574,m,valid
E001-v2,tuning,E,e-s120-gradient-p2-b070-sir16,tuning-single-n500,2026090603,radius,p95,185.97688456908233,m,valid
E001-v2,tuning,E,e-s120-gradient-p2-b070-sir16,tuning-single-n500,2026090603,radius,p99,210.7353247265832,m,valid
E001-v2,tuning,E,e-s120-gradient-p2-b070-sir16,tuning-single-n500,2026090603,radius,violations,0.0,count,valid
E001-v2,tuning,E,e-s120-gradient-p2-b070-sir16,tuning-single-n500,2026090603,seam300,value,1.1666666666666665,ratio,valid
E001-v2,tuning,E,e-s120-gradient-p2-b070-sir16,tuning-single-n500,2026090604,a4,value,0.0,ratio,valid
E001-v2,tuning,E,e-s120-gradient-p2-b070-sir16,tuning-single-n500,2026090604,radialKs,value,0.09999999999999998,ratio,valid
E001-v2,tuning,E,e-s120-gradient-p2-b070-sir16,tuning-single-n500,2026090604,radius,max,233.09654236074596,m,valid
E001-v2,tuning,E,e-s120-gradient-p2-b070-sir16,tuning-single-n500,2026090604,radius,p50,98.36609747515729,m,valid
E001-v2,tuning,E,e-s120-gradient-p2-b070-sir16,tuning-single-n500,2026090604,radius,p95,190.3824461659347,m,valid
E001-v2,tuning,E,e-s120-gradient-p2-b070-sir16,tuning-single-n500,2026090604,radius,p99,219.36254786040797,m,valid
E001-v2,tuning,E,e-s120-gradient-p2-b070-sir16,tuning-single-n500,2026090604,radius,violations,0.0,count,valid
E001-v2,tuning,E,e-s120-gradient-p2-b070-sir16,tuning-single-n500,2026090604,seam300,value,0.9107142857142857,ratio,valid
E001-v2,tuning,E,e-s120-gradient-p2-b070-sir16,tuning-single-n500,2026090605,a4,value,0.05641466071928196,ratio,valid
E001-v2,tuning,E,e-s120-gradient-p2-b070-sir16,tuning-single-n500,2026090605,radialKs,value,0.07,ratio,valid
E001-v2,tuning,E,e-s120-gradient-p2-b070-sir16,tuning-single-n500,2026090605,radius,max,233.6280045284237,m,valid
E001-v2,tuning,E,e-s120-gradient-p2-b070-sir16,tuning-single-n500,2026090605,radius,p50,90.22669125912847,m,valid
E001-v2,tuning,E,e-s120-gradient-p2-b070-sir16,tuning-single-n500,2026090605,radius,p95,191.40107022939122,m,valid
E001-v2,tuning,E,e-s120-gradient-p2-b070-sir16,tuning-single-n500,2026090605,radius,p99,212.8158773092968,m,valid
E001-v2,tuning,E,e-s120-gradient-p2-b070-sir16,tuning-single-n500,2026090605,radius,violations,0.0,count,valid
E001-v2,tuning,E,e-s120-gradient-p2-b070-sir16,tuning-single-n500,2026090605,seam300,value,0.9166666666666666,ratio,valid
E001-v2,tuning,E,e-s120-gradient-p2-b070-sir32,tuning-grid-imbalanced-n4500,,a4,max,0.04272331231666046,ratio,valid
E001-v2,tuning,E,e-s120-gradient-p2-b070-sir32,tuning-grid-imbalanced-n4500,,a4,median,0.005721002024102221,ratio,valid
E001-v2,tuning,E,e-s120-gradient-p2-b070-sir32,tuning-grid-imbalanced-n4500,,a4,min,0.0,ratio,valid
E001-v2,tuning,E,e-s120-gradient-p2-b070-sir32,tuning-grid-imbalanced-n4500,,hotspot50,cv,1.3785377115705695,ratio,valid
E001-v2,tuning,E,e-s120-gradient-p2-b070-sir32,tuning-grid-imbalanced-n4500,,hotspot50,max,68.0,count,valid
E001-v2,tuning,E,e-s120-gradient-p2-b070-sir32,tuning-grid-imbalanced-n4500,,hotspot50,p99,54.0,count,valid
E001-v2,tuning,E,e-s120-gradient-p2-b070-sir32,tuning-grid-imbalanced-n4500,,neighbors10,value,2.7111111111111112,count,valid
E001-v2,tuning,E,e-s120-gradient-p2-b070-sir32,tuning-grid-imbalanced-n4500,,proximity16,value,0.9544444444444444,ratio,valid
E001-v2,tuning,E,e-s120-gradient-p2-b070-sir32,tuning-grid-imbalanced-n4500,,proximity24,value,0.9884444444444445,ratio,valid
E001-v2,tuning,E,e-s120-gradient-p2-b070-sir32,tuning-grid-imbalanced-n4500,,proximity8,value,0.7137777777777777,ratio,valid
E001-v2,tuning,E,e-s120-gradient-p2-b070-sir32,tuning-grid-imbalanced-n4500,,radius,max.max,277.50610464130597,m,valid
E001-v2,tuning,E,e-s120-gradient-p2-b070-sir32,tuning-grid-imbalanced-n4500,,radius,max.median,260.41267294419583,m,valid
E001-v2,tuning,E,e-s120-gradient-p2-b070-sir32,tuning-grid-imbalanced-n4500,,radius,max.min,251.66511030733753,m,valid
E001-v2,tuning,E,e-s120-gradient-p2-b070-sir32,tuning-grid-imbalanced-n4500,,radius,p50.max,101.55139973675709,m,valid
E001-v2,tuning,E,e-s120-gradient-p2-b070-sir32,tuning-grid-imbalanced-n4500,,radius,p50.median,97.92096668420263,m,valid
E001-v2,tuning,E,e-s120-gradient-p2-b070-sir32,tuning-grid-imbalanced-n4500,,radius,p50.min,96.64941255854566,m,valid
E001-v2,tuning,E,e-s120-gradient-p2-b070-sir32,tuning-grid-imbalanced-n4500,,radius,p95.max,189.94723309353802,m,valid
E001-v2,tuning,E,e-s120-gradient-p2-b070-sir32,tuning-grid-imbalanced-n4500,,radius,p95.median,187.18976116109866,m,valid
E001-v2,tuning,E,e-s120-gradient-p2-b070-sir32,tuning-grid-imbalanced-n4500,,radius,p95.min,181.09510872373065,m,valid
E001-v2,tuning,E,e-s120-gradient-p2-b070-sir32,tuning-grid-imbalanced-n4500,,radius,p99.max,229.0917864664825,m,valid
E001-v2,tuning,E,e-s120-gradient-p2-b070-sir32,tuning-grid-imbalanced-n4500,,radius,p99.median,221.29909919465956,m,valid
E001-v2,tuning,E,e-s120-gradient-p2-b070-sir32,tuning-grid-imbalanced-n4500,,radius,p99.min,211.56616845441278,m,valid
E001-v2,tuning,E,e-s120-gradient-p2-b070-sir32,tuning-grid-imbalanced-n4500,,radius,violations.max,0.0,count,valid
E001-v2,tuning,E,e-s120-gradient-p2-b070-sir32,tuning-grid-imbalanced-n4500,,radius,violations.median,0.0,count,valid
E001-v2,tuning,E,e-s120-gradient-p2-b070-sir32,tuning-grid-imbalanced-n4500,,radius,violations.min,0.0,count,valid
E001-v2,tuning,E,e-s120-gradient-p2-b070-sir32,tuning-grid-imbalanced-n4500,,samplerFailureCount,value,0.0,count,valid
E001-v2,tuning,E,e-s120-gradient-p2-b070-sir32,tuning-grid-imbalanced-n4500,,seam300,max,0.6870039682539683,ratio,valid
E001-v2,tuning,E,e-s120-gradient-p2-b070-sir32,tuning-grid-imbalanced-n4500,,seam300,median,0.3151455026455027,ratio,valid
E001-v2,tuning,E,e-s120-gradient-p2-b070-sir32,tuning-grid-imbalanced-n4500,,seam300,min,0.16685185185185183,ratio,valid
E001-v2,tuning,E,e-s120-gradient-p2-b070-sir32,tuning-grid-imbalanced-n4500,2026090601,a4,value,0.0,ratio,valid
E001-v2,tuning,E,e-s120-gradient-p2-b070-sir32,tuning-grid-imbalanced-n4500,2026090601,radius,max,277.50610464130597,m,valid
E001-v2,tuning,E,e-s120-gradient-p2-b070-sir32,tuning-grid-imbalanced-n4500,2026090601,radius,p50,101.55139973675709,m,valid
E001-v2,tuning,E,e-s120-gradient-p2-b070-sir32,tuning-grid-imbalanced-n4500,2026090601,radius,p95,187.18976116109866,m,valid
E001-v2,tuning,E,e-s120-gradient-p2-b070-sir32,tuning-grid-imbalanced-n4500,2026090601,radius,p99,227.29960112945716,m,valid
E001-v2,tuning,E,e-s120-gradient-p2-b070-sir32,tuning-grid-imbalanced-n4500,2026090601,radius,violations,0.0,count,valid
E001-v2,tuning,E,e-s120-gradient-p2-b070-sir32,tuning-grid-imbalanced-n4500,2026090601,seam300,value,0.3151455026455027,ratio,valid
E001-v2,tuning,E,e-s120-gradient-p2-b070-sir32,tuning-grid-imbalanced-n4500,2026090602,a4,value,0.04272331231666046,ratio,valid
E001-v2,tuning,E,e-s120-gradient-p2-b070-sir32,tuning-grid-imbalanced-n4500,2026090602,radius,max,251.66511030733753,m,valid
E001-v2,tuning,E,e-s120-gradient-p2-b070-sir32,tuning-grid-imbalanced-n4500,2026090602,radius,p50,96.64941255854566,m,valid
E001-v2,tuning,E,e-s120-gradient-p2-b070-sir32,tuning-grid-imbalanced-n4500,2026090602,radius,p95,181.09510872373065,m,valid
E001-v2,tuning,E,e-s120-gradient-p2-b070-sir32,tuning-grid-imbalanced-n4500,2026090602,radius,p99,211.56616845441278,m,valid
E001-v2,tuning,E,e-s120-gradient-p2-b070-sir32,tuning-grid-imbalanced-n4500,2026090602,radius,violations,0.0,count,valid
E001-v2,tuning,E,e-s120-gradient-p2-b070-sir32,tuning-grid-imbalanced-n4500,2026090602,seam300,value,0.6870039682539683,ratio,valid
E001-v2,tuning,E,e-s120-gradient-p2-b070-sir32,tuning-grid-imbalanced-n4500,2026090603,a4,value,0.03464727643522891,ratio,valid
E001-v2,tuning,E,e-s120-gradient-p2-b070-sir32,tuning-grid-imbalanced-n4500,2026090603,radius,max,256.3916541090865,m,valid
E001-v2,tuning,E,e-s120-gradient-p2-b070-sir32,tuning-grid-imbalanced-n4500,2026090603,radius,p50,99.27719679991402,m,valid
E001-v2,tuning,E,e-s120-gradient-p2-b070-sir32,tuning-grid-imbalanced-n4500,2026090603,radius,p95,188.9462188276195,m,valid
E001-v2,tuning,E,e-s120-gradient-p2-b070-sir32,tuning-grid-imbalanced-n4500,2026090603,radius,p99,229.0917864664825,m,valid
E001-v2,tuning,E,e-s120-gradient-p2-b070-sir32,tuning-grid-imbalanced-n4500,2026090603,radius,violations,0.0,count,valid
E001-v2,tuning,E,e-s120-gradient-p2-b070-sir32,tuning-grid-imbalanced-n4500,2026090603,seam300,value,0.32123447204968947,ratio,valid
E001-v2,tuning,E,e-s120-gradient-p2-b070-sir32,tuning-grid-imbalanced-n4500,2026090604,a4,value,0.005721002024102221,ratio,valid
E001-v2,tuning,E,e-s120-gradient-p2-b070-sir32,tuning-grid-imbalanced-n4500,2026090604,radius,max,260.41267294419583,m,valid
E001-v2,tuning,E,e-s120-gradient-p2-b070-sir32,tuning-grid-imbalanced-n4500,2026090604,radius,p50,97.92096668420263,m,valid
E001-v2,tuning,E,e-s120-gradient-p2-b070-sir32,tuning-grid-imbalanced-n4500,2026090604,radius,p95,189.94723309353802,m,valid
E001-v2,tuning,E,e-s120-gradient-p2-b070-sir32,tuning-grid-imbalanced-n4500,2026090604,radius,p99,221.29909919465956,m,valid
E001-v2,tuning,E,e-s120-gradient-p2-b070-sir32,tuning-grid-imbalanced-n4500,2026090604,radius,violations,0.0,count,valid
E001-v2,tuning,E,e-s120-gradient-p2-b070-sir32,tuning-grid-imbalanced-n4500,2026090604,seam300,value,0.16685185185185183,ratio,valid
E001-v2,tuning,E,e-s120-gradient-p2-b070-sir32,tuning-grid-imbalanced-n4500,2026090605,a4,value,0.0,ratio,valid
E001-v2,tuning,E,e-s120-gradient-p2-b070-sir32,tuning-grid-imbalanced-n4500,2026090605,radius,max,263.442388063703,m,valid
E001-v2,tuning,E,e-s120-gradient-p2-b070-sir32,tuning-grid-imbalanced-n4500,2026090605,radius,p50,97.0712720138675,m,valid
E001-v2,tuning,E,e-s120-gradient-p2-b070-sir32,tuning-grid-imbalanced-n4500,2026090605,radius,p95,184.44440115612446,m,valid
E001-v2,tuning,E,e-s120-gradient-p2-b070-sir32,tuning-grid-imbalanced-n4500,2026090605,radius,p99,212.87441846896309,m,valid
E001-v2,tuning,E,e-s120-gradient-p2-b070-sir32,tuning-grid-imbalanced-n4500,2026090605,radius,violations,0.0,count,valid
E001-v2,tuning,E,e-s120-gradient-p2-b070-sir32,tuning-grid-imbalanced-n4500,2026090605,seam300,value,0.3023017902813299,ratio,valid
E001-v2,tuning,E,e-s120-gradient-p2-b070-sir32,tuning-single-n500,,a4,max,0.15860360668562556,ratio,valid
E001-v2,tuning,E,e-s120-gradient-p2-b070-sir32,tuning-single-n500,,a4,median,0.0,ratio,valid
E001-v2,tuning,E,e-s120-gradient-p2-b070-sir32,tuning-single-n500,,a4,min,0.0,ratio,valid
E001-v2,tuning,E,e-s120-gradient-p2-b070-sir32,tuning-single-n500,,hotspot50,cv,1.8821094548405006,ratio,valid
E001-v2,tuning,E,e-s120-gradient-p2-b070-sir32,tuning-single-n500,,hotspot50,max,30.0,count,valid
E001-v2,tuning,E,e-s120-gradient-p2-b070-sir32,tuning-single-n500,,hotspot50,p99,27.0,count,valid
E001-v2,tuning,E,e-s120-gradient-p2-b070-sir32,tuning-single-n500,,neighbors10,value,2.008,count,valid
E001-v2,tuning,E,e-s120-gradient-p2-b070-sir32,tuning-single-n500,,proximity16,value,0.928,ratio,valid
E001-v2,tuning,E,e-s120-gradient-p2-b070-sir32,tuning-single-n500,,proximity24,value,0.964,ratio,valid
E001-v2,tuning,E,e-s120-gradient-p2-b070-sir32,tuning-single-n500,,proximity8,value,0.672,ratio,valid
E001-v2,tuning,E,e-s120-gradient-p2-b070-sir32,tuning-single-n500,,radialKs,max,0.13,ratio,valid
E001-v2,tuning,E,e-s120-gradient-p2-b070-sir32,tuning-single-n500,,radialKs,median,0.09000000000000002,ratio,valid
E001-v2,tuning,E,e-s120-gradient-p2-b070-sir32,tuning-single-n500,,radialKs,min,0.08000000000000002,ratio,valid
E001-v2,tuning,E,e-s120-gradient-p2-b070-sir32,tuning-single-n500,,radius,max.max,240.5227483034383,m,valid
E001-v2,tuning,E,e-s120-gradient-p2-b070-sir32,tuning-single-n500,,radius,max.median,231.28586068857805,m,valid
E001-v2,tuning,E,e-s120-gradient-p2-b070-sir32,tuning-single-n500,,radius,max.min,227.65572751511888,m,valid
E001-v2,tuning,E,e-s120-gradient-p2-b070-sir32,tuning-single-n500,,radius,p50.max,101.28965935461325,m,valid
E001-v2,tuning,E,e-s120-gradient-p2-b070-sir32,tuning-single-n500,,radius,p50.median,94.46577003753956,m,valid
E001-v2,tuning,E,e-s120-gradient-p2-b070-sir32,tuning-single-n500,,radius,p50.min,88.19115809233155,m,valid
E001-v2,tuning,E,e-s120-gradient-p2-b070-sir32,tuning-single-n500,,radius,p95.max,185.8548225893329,m,valid
E001-v2,tuning,E,e-s120-gradient-p2-b070-sir32,tuning-single-n500,,radius,p95.median,176.34316923505253,m,valid
E001-v2,tuning,E,e-s120-gradient-p2-b070-sir32,tuning-single-n500,,radius,p95.min,170.87031137030039,m,valid
E001-v2,tuning,E,e-s120-gradient-p2-b070-sir32,tuning-single-n500,,radius,p99.max,220.9960184443913,m,valid
E001-v2,tuning,E,e-s120-gradient-p2-b070-sir32,tuning-single-n500,,radius,p99.median,218.67538942516137,m,valid
E001-v2,tuning,E,e-s120-gradient-p2-b070-sir32,tuning-single-n500,,radius,p99.min,189.67392365157707,m,valid
E001-v2,tuning,E,e-s120-gradient-p2-b070-sir32,tuning-single-n500,,radius,violations.max,0.0,count,valid
E001-v2,tuning,E,e-s120-gradient-p2-b070-sir32,tuning-single-n500,,radius,violations.median,0.0,count,valid
E001-v2,tuning,E,e-s120-gradient-p2-b070-sir32,tuning-single-n500,,radius,violations.min,0.0,count,valid
E001-v2,tuning,E,e-s120-gradient-p2-b070-sir32,tuning-single-n500,,samplerFailureCount,value,0.0,count,valid
E001-v2,tuning,E,e-s120-gradient-p2-b070-sir32,tuning-single-n500,,seam300,max,0.8500000000000001,ratio,valid
E001-v2,tuning,E,e-s120-gradient-p2-b070-sir32,tuning-single-n500,,seam300,median,0.75,ratio,valid
E001-v2,tuning,E,e-s120-gradient-p2-b070-sir32,tuning-single-n500,,seam300,min,0.0,ratio,valid
E001-v2,tuning,E,e-s120-gradient-p2-b070-sir32,tuning-single-n500,2026090601,a4,value,0.0,ratio,valid
E001-v2,tuning,E,e-s120-gradient-p2-b070-sir32,tuning-single-n500,2026090601,radialKs,value,0.13,ratio,valid
E001-v2,tuning,E,e-s120-gradient-p2-b070-sir32,tuning-single-n500,2026090601,radius,max,237.5394568143986,m,valid
E001-v2,tuning,E,e-s120-gradient-p2-b070-sir32,tuning-single-n500,2026090601,radius,p50,92.4624570589475,m,valid
E001-v2,tuning,E,e-s120-gradient-p2-b070-sir32,tuning-single-n500,2026090601,radius,p95,185.8548225893329,m,valid
E001-v2,tuning,E,e-s120-gradient-p2-b070-sir32,tuning-single-n500,2026090601,radius,p99,204.48883389037718,m,valid
E001-v2,tuning,E,e-s120-gradient-p2-b070-sir32,tuning-single-n500,2026090601,radius,violations,0.0,count,valid
E001-v2,tuning,E,e-s120-gradient-p2-b070-sir32,tuning-single-n500,2026090601,seam300,value,0.0,ratio,valid
E001-v2,tuning,E,e-s120-gradient-p2-b070-sir32,tuning-single-n500,2026090602,a4,value,0.07506468825698334,ratio,valid
E001-v2,tuning,E,e-s120-gradient-p2-b070-sir32,tuning-single-n500,2026090602,radialKs,value,0.08000000000000007,ratio,valid
E001-v2,tuning,E,e-s120-gradient-p2-b070-sir32,tuning-single-n500,2026090602,radius,max,231.28586068857805,m,valid
E001-v2,tuning,E,e-s120-gradient-p2-b070-sir32,tuning-single-n500,2026090602,radius,p50,101.28965935461325,m,valid
E001-v2,tuning,E,e-s120-gradient-p2-b070-sir32,tuning-single-n500,2026090602,radius,p95,176.34316923505253,m,valid
E001-v2,tuning,E,e-s120-gradient-p2-b070-sir32,tuning-single-n500,2026090602,radius,p99,220.9960184443913,m,valid
E001-v2,tuning,E,e-s120-gradient-p2-b070-sir32,tuning-single-n500,2026090602,radius,violations,0.0,count,valid
E001-v2,tuning,E,e-s120-gradient-p2-b070-sir32,tuning-single-n500,2026090602,seam300,value,0.75,ratio,valid
E001-v2,tuning,E,e-s120-gradient-p2-b070-sir32,tuning-single-n500,2026090603,a4,value,0.15860360668562556,ratio,valid
E001-v2,tuning,E,e-s120-gradient-p2-b070-sir32,tuning-single-n500,2026090603,radialKs,value,0.09000000000000002,ratio,valid
E001-v2,tuning,E,e-s120-gradient-p2-b070-sir32,tuning-single-n500,2026090603,radius,max,227.65572751511888,m,valid
E001-v2,tuning,E,e-s120-gradient-p2-b070-sir32,tuning-single-n500,2026090603,radius,p50,100.047381491973,m,valid
E001-v2,tuning,E,e-s120-gradient-p2-b070-sir32,tuning-single-n500,2026090603,radius,p95,170.87031137030039,m,valid
E001-v2,tuning,E,e-s120-gradient-p2-b070-sir32,tuning-single-n500,2026090603,radius,p99,189.67392365157707,m,valid
E001-v2,tuning,E,e-s120-gradient-p2-b070-sir32,tuning-single-n500,2026090603,radius,violations,0.0,count,valid
E001-v2,tuning,E,e-s120-gradient-p2-b070-sir32,tuning-single-n500,2026090603,seam300,value,0.4583333333333333,ratio,valid
E001-v2,tuning,E,e-s120-gradient-p2-b070-sir32,tuning-single-n500,2026090604,a4,value,0.0,ratio,valid
E001-v2,tuning,E,e-s120-gradient-p2-b070-sir32,tuning-single-n500,2026090604,radialKs,value,0.08000000000000002,ratio,valid
E001-v2,tuning,E,e-s120-gradient-p2-b070-sir32,tuning-single-n500,2026090604,radius,max,240.5227483034383,m,valid
E001-v2,tuning,E,e-s120-gradient-p2-b070-sir32,tuning-single-n500,2026090604,radius,p50,94.46577003753956,m,valid
E001-v2,tuning,E,e-s120-gradient-p2-b070-sir32,tuning-single-n500,2026090604,radius,p95,184.6099451088666,m,valid
E001-v2,tuning,E,e-s120-gradient-p2-b070-sir32,tuning-single-n500,2026090604,radius,p99,219.36254786040797,m,valid
E001-v2,tuning,E,e-s120-gradient-p2-b070-sir32,tuning-single-n500,2026090604,radius,violations,0.0,count,valid
E001-v2,tuning,E,e-s120-gradient-p2-b070-sir32,tuning-single-n500,2026090604,seam300,value,0.8500000000000001,ratio,valid
E001-v2,tuning,E,e-s120-gradient-p2-b070-sir32,tuning-single-n500,2026090605,a4,value,0.0,ratio,valid
E001-v2,tuning,E,e-s120-gradient-p2-b070-sir32,tuning-single-n500,2026090605,radialKs,value,0.11000000000000004,ratio,valid
E001-v2,tuning,E,e-s120-gradient-p2-b070-sir32,tuning-single-n500,2026090605,radius,max,228.23088269563536,m,valid
E001-v2,tuning,E,e-s120-gradient-p2-b070-sir32,tuning-single-n500,2026090605,radius,p50,88.19115809233155,m,valid
E001-v2,tuning,E,e-s120-gradient-p2-b070-sir32,tuning-single-n500,2026090605,radius,p95,174.3593744980429,m,valid
E001-v2,tuning,E,e-s120-gradient-p2-b070-sir32,tuning-single-n500,2026090605,radius,p99,218.67538942516137,m,valid
E001-v2,tuning,E,e-s120-gradient-p2-b070-sir32,tuning-single-n500,2026090605,radius,violations,0.0,count,valid
E001-v2,tuning,E,e-s120-gradient-p2-b070-sir32,tuning-single-n500,2026090605,seam300,value,0.825,ratio,valid
E001-v2,tuning,E,e-s120-gradient-p2-b100-rejection128,tuning-grid-imbalanced-n4500,,a4,max,0.04460628884997957,ratio,valid
E001-v2,tuning,E,e-s120-gradient-p2-b100-rejection128,tuning-grid-imbalanced-n4500,,a4,median,0.01782647019043611,ratio,valid
E001-v2,tuning,E,e-s120-gradient-p2-b100-rejection128,tuning-grid-imbalanced-n4500,,a4,min,0.0,ratio,valid
E001-v2,tuning,E,e-s120-gradient-p2-b100-rejection128,tuning-grid-imbalanced-n4500,,hotspot50,cv,1.3687431379838138,ratio,valid
E001-v2,tuning,E,e-s120-gradient-p2-b100-rejection128,tuning-grid-imbalanced-n4500,,hotspot50,max,67.0,count,valid
E001-v2,tuning,E,e-s120-gradient-p2-b100-rejection128,tuning-grid-imbalanced-n4500,,hotspot50,p99,50.0,count,valid
E001-v2,tuning,E,e-s120-gradient-p2-b100-rejection128,tuning-grid-imbalanced-n4500,,neighbors10,value,2.7497777777777777,count,valid
E001-v2,tuning,E,e-s120-gradient-p2-b100-rejection128,tuning-grid-imbalanced-n4500,,proximity16,value,0.9511111111111111,ratio,valid
E001-v2,tuning,E,e-s120-gradient-p2-b100-rejection128,tuning-grid-imbalanced-n4500,,proximity24,value,0.984,ratio,valid
E001-v2,tuning,E,e-s120-gradient-p2-b100-rejection128,tuning-grid-imbalanced-n4500,,proximity8,value,0.7155555555555555,ratio,valid
E001-v2,tuning,E,e-s120-gradient-p2-b100-rejection128,tuning-grid-imbalanced-n4500,,radius,max.max,264.68831481335144,m,valid
E001-v2,tuning,E,e-s120-gradient-p2-b100-rejection128,tuning-grid-imbalanced-n4500,,radius,max.median,252.75942696741177,m,valid
E001-v2,tuning,E,e-s120-gradient-p2-b100-rejection128,tuning-grid-imbalanced-n4500,,radius,max.min,244.27158074725745,m,valid
E001-v2,tuning,E,e-s120-gradient-p2-b100-rejection128,tuning-grid-imbalanced-n4500,,radius,p50.max,100.77093670058456,m,valid
E001-v2,tuning,E,e-s120-gradient-p2-b100-rejection128,tuning-grid-imbalanced-n4500,,radius,p50.median,98.91583024494565,m,valid
E001-v2,tuning,E,e-s120-gradient-p2-b100-rejection128,tuning-grid-imbalanced-n4500,,radius,p50.min,93.48508679168462,m,valid
E001-v2,tuning,E,e-s120-gradient-p2-b100-rejection128,tuning-grid-imbalanced-n4500,,radius,p95.max,191.0841063292201,m,valid
E001-v2,tuning,E,e-s120-gradient-p2-b100-rejection128,tuning-grid-imbalanced-n4500,,radius,p95.median,189.4719886035313,m,valid
E001-v2,tuning,E,e-s120-gradient-p2-b100-rejection128,tuning-grid-imbalanced-n4500,,radius,p95.min,183.4348278238816,m,valid
E001-v2,tuning,E,e-s120-gradient-p2-b100-rejection128,tuning-grid-imbalanced-n4500,,radius,p99.max,230.3407096432457,m,valid
E001-v2,tuning,E,e-s120-gradient-p2-b100-rejection128,tuning-grid-imbalanced-n4500,,radius,p99.median,222.96197379353555,m,valid
E001-v2,tuning,E,e-s120-gradient-p2-b100-rejection128,tuning-grid-imbalanced-n4500,,radius,p99.min,220.16671511138236,m,valid
E001-v2,tuning,E,e-s120-gradient-p2-b100-rejection128,tuning-grid-imbalanced-n4500,,radius,violations.max,0.0,count,valid
E001-v2,tuning,E,e-s120-gradient-p2-b100-rejection128,tuning-grid-imbalanced-n4500,,radius,violations.median,0.0,count,valid
E001-v2,tuning,E,e-s120-gradient-p2-b100-rejection128,tuning-grid-imbalanced-n4500,,radius,violations.min,0.0,count,valid
E001-v2,tuning,E,e-s120-gradient-p2-b100-rejection128,tuning-grid-imbalanced-n4500,,samplerFailureCount,value,0.0,count,valid
E001-v2,tuning,E,e-s120-gradient-p2-b100-rejection128,tuning-grid-imbalanced-n4500,,seam300,max,0.34809351276742584,ratio,valid
E001-v2,tuning,E,e-s120-gradient-p2-b100-rejection128,tuning-grid-imbalanced-n4500,,seam300,median,0.3035714285714286,ratio,valid
E001-v2,tuning,E,e-s120-gradient-p2-b100-rejection128,tuning-grid-imbalanced-n4500,,seam300,min,0.19157925407925408,ratio,valid
E001-v2,tuning,E,e-s120-gradient-p2-b100-rejection128,tuning-grid-imbalanced-n4500,2026090601,a4,value,0.020194156303062687,ratio,valid
E001-v2,tuning,E,e-s120-gradient-p2-b100-rejection128,tuning-grid-imbalanced-n4500,2026090601,radius,max,264.68831481335144,m,valid
E001-v2,tuning,E,e-s120-gradient-p2-b100-rejection128,tuning-grid-imbalanced-n4500,2026090601,radius,p50,93.48508679168462,m,valid
E001-v2,tuning,E,e-s120-gradient-p2-b100-rejection128,tuning-grid-imbalanced-n4500,2026090601,radius,p95,191.0841063292201,m,valid
E001-v2,tuning,E,e-s120-gradient-p2-b100-rejection128,tuning-grid-imbalanced-n4500,2026090601,radius,p99,227.83961154505934,m,valid
E001-v2,tuning,E,e-s120-gradient-p2-b100-rejection128,tuning-grid-imbalanced-n4500,2026090601,radius,violations,0.0,count,valid
E001-v2,tuning,E,e-s120-gradient-p2-b100-rejection128,tuning-grid-imbalanced-n4500,2026090601,seam300,value,0.28174019607843137,ratio,valid
E001-v2,tuning,E,e-s120-gradient-p2-b100-rejection128,tuning-grid-imbalanced-n4500,2026090602,a4,value,0.01782647019043611,ratio,valid
E001-v2,tuning,E,e-s120-gradient-p2-b100-rejection128,tuning-grid-imbalanced-n4500,2026090602,radius,max,244.27158074725745,m,valid
E001-v2,tuning,E,e-s120-gradient-p2-b100-rejection128,tuning-grid-imbalanced-n4500,2026090602,radius,p50,98.91583024494565,m,valid
E001-v2,tuning,E,e-s120-gradient-p2-b100-rejection128,tuning-grid-imbalanced-n4500,2026090602,radius,p95,183.4348278238816,m,valid
E001-v2,tuning,E,e-s120-gradient-p2-b100-rejection128,tuning-grid-imbalanced-n4500,2026090602,radius,p99,220.16671511138236,m,valid
E001-v2,tuning,E,e-s120-gradient-p2-b100-rejection128,tuning-grid-imbalanced-n4500,2026090602,radius,violations,0.0,count,valid
E001-v2,tuning,E,e-s120-gradient-p2-b100-rejection128,tuning-grid-imbalanced-n4500,2026090602,seam300,value,0.34809351276742584,ratio,valid
E001-v2,tuning,E,e-s120-gradient-p2-b100-rejection128,tuning-grid-imbalanced-n4500,2026090603,a4,value,0.04460628884997957,ratio,valid
E001-v2,tuning,E,e-s120-gradient-p2-b100-rejection128,tuning-grid-imbalanced-n4500,2026090603,radius,max,256.14640142367995,m,valid
E001-v2,tuning,E,e-s120-gradient-p2-b100-rejection128,tuning-grid-imbalanced-n4500,2026090603,radius,p50,97.63076708941654,m,valid
E001-v2,tuning,E,e-s120-gradient-p2-b100-rejection128,tuning-grid-imbalanced-n4500,2026090603,radius,p95,189.4719886035313,m,valid
E001-v2,tuning,E,e-s120-gradient-p2-b100-rejection128,tuning-grid-imbalanced-n4500,2026090603,radius,p99,222.96197379353555,m,valid
E001-v2,tuning,E,e-s120-gradient-p2-b100-rejection128,tuning-grid-imbalanced-n4500,2026090603,radius,violations,0.0,count,valid
E001-v2,tuning,E,e-s120-gradient-p2-b100-rejection128,tuning-grid-imbalanced-n4500,2026090603,seam300,value,0.3035714285714286,ratio,valid
E001-v2,tuning,E,e-s120-gradient-p2-b100-rejection128,tuning-grid-imbalanced-n4500,2026090604,a4,value,0.0,ratio,valid
E001-v2,tuning,E,e-s120-gradient-p2-b100-rejection128,tuning-grid-imbalanced-n4500,2026090604,radius,max,250.90877098549203,m,valid
E001-v2,tuning,E,e-s120-gradient-p2-b100-rejection128,tuning-grid-imbalanced-n4500,2026090604,radius,p50,99.7701921513936,m,valid
E001-v2,tuning,E,e-s120-gradient-p2-b100-rejection128,tuning-grid-imbalanced-n4500,2026090604,radius,p95,190.85400009611675,m,valid
E001-v2,tuning,E,e-s120-gradient-p2-b100-rejection128,tuning-grid-imbalanced-n4500,2026090604,radius,p99,230.3407096432457,m,valid
E001-v2,tuning,E,e-s120-gradient-p2-b100-rejection128,tuning-grid-imbalanced-n4500,2026090604,radius,violations,0.0,count,valid
E001-v2,tuning,E,e-s120-gradient-p2-b100-rejection128,tuning-grid-imbalanced-n4500,2026090604,seam300,value,0.3376798995460253,ratio,valid
E001-v2,tuning,E,e-s120-gradient-p2-b100-rejection128,tuning-grid-imbalanced-n4500,2026090605,a4,value,0.0,ratio,valid
E001-v2,tuning,E,e-s120-gradient-p2-b100-rejection128,tuning-grid-imbalanced-n4500,2026090605,radius,max,252.75942696741177,m,valid
E001-v2,tuning,E,e-s120-gradient-p2-b100-rejection128,tuning-grid-imbalanced-n4500,2026090605,radius,p50,100.77093670058456,m,valid
E001-v2,tuning,E,e-s120-gradient-p2-b100-rejection128,tuning-grid-imbalanced-n4500,2026090605,radius,p95,186.71153326343494,m,valid
E001-v2,tuning,E,e-s120-gradient-p2-b100-rejection128,tuning-grid-imbalanced-n4500,2026090605,radius,p99,222.8717587750811,m,valid
E001-v2,tuning,E,e-s120-gradient-p2-b100-rejection128,tuning-grid-imbalanced-n4500,2026090605,radius,violations,0.0,count,valid
E001-v2,tuning,E,e-s120-gradient-p2-b100-rejection128,tuning-grid-imbalanced-n4500,2026090605,seam300,value,0.19157925407925408,ratio,valid
E001-v2,tuning,E,e-s120-gradient-p2-b100-rejection128,tuning-single-n500,,a4,max,0.11507205192217243,ratio,valid
E001-v2,tuning,E,e-s120-gradient-p2-b100-rejection128,tuning-single-n500,,a4,median,0.02250904422132457,ratio,valid
E001-v2,tuning,E,e-s120-gradient-p2-b100-rejection128,tuning-single-n500,,a4,min,0.0,ratio,valid
E001-v2,tuning,E,e-s120-gradient-p2-b100-rejection128,tuning-single-n500,,hotspot50,cv,1.8580850357289913,ratio,valid
E001-v2,tuning,E,e-s120-gradient-p2-b100-rejection128,tuning-single-n500,,hotspot50,max,30.0,count,valid
E001-v2,tuning,E,e-s120-gradient-p2-b100-rejection128,tuning-single-n500,,hotspot50,p99,30.0,count,valid
E001-v2,tuning,E,e-s120-gradient-p2-b100-rejection128,tuning-single-n500,,neighbors10,value,1.848,count,valid
E001-v2,tuning,E,e-s120-gradient-p2-b100-rejection128,tuning-single-n500,,proximity16,value,0.898,ratio,valid
E001-v2,tuning,E,e-s120-gradient-p2-b100-rejection128,tuning-single-n500,,proximity24,value,0.96,ratio,valid
E001-v2,tuning,E,e-s120-gradient-p2-b100-rejection128,tuning-single-n500,,proximity8,value,0.636,ratio,valid
E001-v2,tuning,E,e-s120-gradient-p2-b100-rejection128,tuning-single-n500,,radialKs,max,0.10000000000000003,ratio,valid
E001-v2,tuning,E,e-s120-gradient-p2-b100-rejection128,tuning-single-n500,,radialKs,median,0.08999999999999997,ratio,valid
E001-v2,tuning,E,e-s120-gradient-p2-b100-rejection128,tuning-single-n500,,radialKs,min,0.06999999999999995,ratio,valid
E001-v2,tuning,E,e-s120-gradient-p2-b100-rejection128,tuning-single-n500,,radius,max.max,264.38477759912854,m,valid
E001-v2,tuning,E,e-s120-gradient-p2-b100-rejection128,tuning-single-n500,,radius,max.median,244.22736603681926,m,valid
E001-v2,tuning,E,e-s120-gradient-p2-b100-rejection128,tuning-single-n500,,radius,max.min,215.99403323167547,m,valid
E001-v2,tuning,E,e-s120-gradient-p2-b100-rejection128,tuning-single-n500,,radius,p50.max,105.36107897029794,m,valid
E001-v2,tuning,E,e-s120-gradient-p2-b100-rejection128,tuning-single-n500,,radius,p50.median,99.58961361488102,m,valid
E001-v2,tuning,E,e-s120-gradient-p2-b100-rejection128,tuning-single-n500,,radius,p50.min,92.17490325733505,m,valid
E001-v2,tuning,E,e-s120-gradient-p2-b100-rejection128,tuning-single-n500,,radius,p95.max,203.46272129503188,m,valid
E001-v2,tuning,E,e-s120-gradient-p2-b100-rejection128,tuning-single-n500,,radius,p95.median,185.12275728079524,m,valid
E001-v2,tuning,E,e-s120-gradient-p2-b100-rejection128,tuning-single-n500,,radius,p95.min,173.03128808863778,m,valid
E001-v2,tuning,E,e-s120-gradient-p2-b100-rejection128,tuning-single-n500,,radius,p99.max,245.9698003969161,m,valid
E001-v2,tuning,E,e-s120-gradient-p2-b100-rejection128,tuning-single-n500,,radius,p99.median,221.70774540291796,m,valid
E001-v2,tuning,E,e-s120-gradient-p2-b100-rejection128,tuning-single-n500,,radius,p99.min,202.99682783251583,m,valid
E001-v2,tuning,E,e-s120-gradient-p2-b100-rejection128,tuning-single-n500,,radius,violations.max,0.0,count,valid
E001-v2,tuning,E,e-s120-gradient-p2-b100-rejection128,tuning-single-n500,,radius,violations.median,0.0,count,valid
E001-v2,tuning,E,e-s120-gradient-p2-b100-rejection128,tuning-single-n500,,radius,violations.min,0.0,count,valid
E001-v2,tuning,E,e-s120-gradient-p2-b100-rejection128,tuning-single-n500,,samplerFailureCount,value,0.0,count,valid
E001-v2,tuning,E,e-s120-gradient-p2-b100-rejection128,tuning-single-n500,,seam300,max,0.9583333333333333,ratio,valid
E001-v2,tuning,E,e-s120-gradient-p2-b100-rejection128,tuning-single-n500,,seam300,median,0.8333333333333333,ratio,valid
E001-v2,tuning,E,e-s120-gradient-p2-b100-rejection128,tuning-single-n500,,seam300,min,0.5333333333333333,ratio,valid
E001-v2,tuning,E,e-s120-gradient-p2-b100-rejection128,tuning-single-n500,2026090601,a4,value,0.09474540057264458,ratio,valid
E001-v2,tuning,E,e-s120-gradient-p2-b100-rejection128,tuning-single-n500,2026090601,radialKs,value,0.09,ratio,valid
E001-v2,tuning,E,e-s120-gradient-p2-b100-rejection128,tuning-single-n500,2026090601,radius,max,264.38477759912854,m,valid
E001-v2,tuning,E,e-s120-gradient-p2-b100-rejection128,tuning-single-n500,2026090601,radius,p50,102.82224712741375,m,valid
E001-v2,tuning,E,e-s120-gradient-p2-b100-rejection128,tuning-single-n500,2026090601,radius,p95,203.46272129503188,m,valid
E001-v2,tuning,E,e-s120-gradient-p2-b100-rejection128,tuning-single-n500,2026090601,radius,p99,245.9698003969161,m,valid
E001-v2,tuning,E,e-s120-gradient-p2-b100-rejection128,tuning-single-n500,2026090601,radius,violations,0.0,count,valid
E001-v2,tuning,E,e-s120-gradient-p2-b100-rejection128,tuning-single-n500,2026090601,seam300,value,0.7,ratio,valid
E001-v2,tuning,E,e-s120-gradient-p2-b100-rejection128,tuning-single-n500,2026090602,a4,value,0.02250904422132457,ratio,valid
E001-v2,tuning,E,e-s120-gradient-p2-b100-rejection128,tuning-single-n500,2026090602,radialKs,value,0.06999999999999995,ratio,valid
E001-v2,tuning,E,e-s120-gradient-p2-b100-rejection128,tuning-single-n500,2026090602,radius,max,219.53699942768847,m,valid
E001-v2,tuning,E,e-s120-gradient-p2-b100-rejection128,tuning-single-n500,2026090602,radius,p50,93.85849131097558,m,valid
E001-v2,tuning,E,e-s120-gradient-p2-b100-rejection128,tuning-single-n500,2026090602,radius,p95,201.49438780131828,m,valid
E001-v2,tuning,E,e-s120-gradient-p2-b100-rejection128,tuning-single-n500,2026090602,radius,p99,218.5956484239298,m,valid
E001-v2,tuning,E,e-s120-gradient-p2-b100-rejection128,tuning-single-n500,2026090602,radius,violations,0.0,count,valid
E001-v2,tuning,E,e-s120-gradient-p2-b100-rejection128,tuning-single-n500,2026090602,seam300,value,0.5333333333333333,ratio,valid
E001-v2,tuning,E,e-s120-gradient-p2-b100-rejection128,tuning-single-n500,2026090603,a4,value,0.0,ratio,valid
E001-v2,tuning,E,e-s120-gradient-p2-b100-rejection128,tuning-single-n500,2026090603,radialKs,value,0.06999999999999995,ratio,valid
E001-v2,tuning,E,e-s120-gradient-p2-b100-rejection128,tuning-single-n500,2026090603,radius,max,215.99403323167547,m,valid
E001-v2,tuning,E,e-s120-gradient-p2-b100-rejection128,tuning-single-n500,2026090603,radius,p50,92.17490325733505,m,valid
E001-v2,tuning,E,e-s120-gradient-p2-b100-rejection128,tuning-single-n500,2026090603,radius,p95,175.5530953899543,m,valid
E001-v2,tuning,E,e-s120-gradient-p2-b100-rejection128,tuning-single-n500,2026090603,radius,p99,202.99682783251583,m,valid
E001-v2,tuning,E,e-s120-gradient-p2-b100-rejection128,tuning-single-n500,2026090603,radius,violations,0.0,count,valid
E001-v2,tuning,E,e-s120-gradient-p2-b100-rejection128,tuning-single-n500,2026090603,seam300,value,0.8333333333333333,ratio,valid
E001-v2,tuning,E,e-s120-gradient-p2-b100-rejection128,tuning-single-n500,2026090604,a4,value,0.0,ratio,valid
E001-v2,tuning,E,e-s120-gradient-p2-b100-rejection128,tuning-single-n500,2026090604,radialKs,value,0.08999999999999997,ratio,valid
E001-v2,tuning,E,e-s120-gradient-p2-b100-rejection128,tuning-single-n500,2026090604,radius,max,244.22736603681926,m,valid
E001-v2,tuning,E,e-s120-gradient-p2-b100-rejection128,tuning-single-n500,2026090604,radius,p50,99.58961361488102,m,valid
E001-v2,tuning,E,e-s120-gradient-p2-b100-rejection128,tuning-single-n500,2026090604,radius,p95,173.03128808863778,m,valid
E001-v2,tuning,E,e-s120-gradient-p2-b100-rejection128,tuning-single-n500,2026090604,radius,p99,221.70774540291796,m,valid
E001-v2,tuning,E,e-s120-gradient-p2-b100-rejection128,tuning-single-n500,2026090604,radius,violations,0.0,count,valid
E001-v2,tuning,E,e-s120-gradient-p2-b100-rejection128,tuning-single-n500,2026090604,seam300,value,0.9583333333333333,ratio,valid
E001-v2,tuning,E,e-s120-gradient-p2-b100-rejection128,tuning-single-n500,2026090605,a4,value,0.11507205192217243,ratio,valid
E001-v2,tuning,E,e-s120-gradient-p2-b100-rejection128,tuning-single-n500,2026090605,radialKs,value,0.10000000000000003,ratio,valid
E001-v2,tuning,E,e-s120-gradient-p2-b100-rejection128,tuning-single-n500,2026090605,radius,max,261.1429718099526,m,valid
E001-v2,tuning,E,e-s120-gradient-p2-b100-rejection128,tuning-single-n500,2026090605,radius,p50,105.36107897029794,m,valid
E001-v2,tuning,E,e-s120-gradient-p2-b100-rejection128,tuning-single-n500,2026090605,radius,p95,185.12275728079524,m,valid
E001-v2,tuning,E,e-s120-gradient-p2-b100-rejection128,tuning-single-n500,2026090605,radius,p99,239.3367562303523,m,valid
E001-v2,tuning,E,e-s120-gradient-p2-b100-rejection128,tuning-single-n500,2026090605,radius,violations,0.0,count,valid
E001-v2,tuning,E,e-s120-gradient-p2-b100-rejection128,tuning-single-n500,2026090605,seam300,value,0.851190476190476,ratio,valid
E001-v2,tuning,E,e-s120-gradient-p2-b100-sir16,tuning-grid-imbalanced-n4500,,a4,max,0.0318521972357013,ratio,valid
E001-v2,tuning,E,e-s120-gradient-p2-b100-sir16,tuning-grid-imbalanced-n4500,,a4,median,0.0,ratio,valid
E001-v2,tuning,E,e-s120-gradient-p2-b100-sir16,tuning-grid-imbalanced-n4500,,a4,min,0.0,ratio,valid
E001-v2,tuning,E,e-s120-gradient-p2-b100-sir16,tuning-grid-imbalanced-n4500,,hotspot50,cv,1.3998526906626838,ratio,valid
E001-v2,tuning,E,e-s120-gradient-p2-b100-sir16,tuning-grid-imbalanced-n4500,,hotspot50,max,68.0,count,valid
E001-v2,tuning,E,e-s120-gradient-p2-b100-sir16,tuning-grid-imbalanced-n4500,,hotspot50,p99,56.0,count,valid
E001-v2,tuning,E,e-s120-gradient-p2-b100-sir16,tuning-grid-imbalanced-n4500,,neighbors10,value,2.8226666666666667,count,valid
E001-v2,tuning,E,e-s120-gradient-p2-b100-sir16,tuning-grid-imbalanced-n4500,,proximity16,value,0.9455555555555556,ratio,valid
E001-v2,tuning,E,e-s120-gradient-p2-b100-sir16,tuning-grid-imbalanced-n4500,,proximity24,value,0.9848888888888889,ratio,valid
E001-v2,tuning,E,e-s120-gradient-p2-b100-sir16,tuning-grid-imbalanced-n4500,,proximity8,value,0.7204444444444444,ratio,valid
E001-v2,tuning,E,e-s120-gradient-p2-b100-sir16,tuning-grid-imbalanced-n4500,,radius,max.max,260.6950340978667,m,valid
E001-v2,tuning,E,e-s120-gradient-p2-b100-sir16,tuning-grid-imbalanced-n4500,,radius,max.median,247.52346658635568,m,valid
E001-v2,tuning,E,e-s120-gradient-p2-b100-sir16,tuning-grid-imbalanced-n4500,,radius,max.min,239.14085004569603,m,valid
E001-v2,tuning,E,e-s120-gradient-p2-b100-sir16,tuning-grid-imbalanced-n4500,,radius,p50.max,98.62213399552212,m,valid
E001-v2,tuning,E,e-s120-gradient-p2-b100-sir16,tuning-grid-imbalanced-n4500,,radius,p50.median,96.9020706886285,m,valid
E001-v2,tuning,E,e-s120-gradient-p2-b100-sir16,tuning-grid-imbalanced-n4500,,radius,p50.min,94.07671331000506,m,valid
E001-v2,tuning,E,e-s120-gradient-p2-b100-sir16,tuning-grid-imbalanced-n4500,,radius,p95.max,192.50140385120778,m,valid
E001-v2,tuning,E,e-s120-gradient-p2-b100-sir16,tuning-grid-imbalanced-n4500,,radius,p95.median,189.4719886035313,m,valid
E001-v2,tuning,E,e-s120-gradient-p2-b100-sir16,tuning-grid-imbalanced-n4500,,radius,p95.min,188.08475477940206,m,valid
E001-v2,tuning,E,e-s120-gradient-p2-b100-sir16,tuning-grid-imbalanced-n4500,,radius,p99.max,228.6920835556453,m,valid
E001-v2,tuning,E,e-s120-gradient-p2-b100-sir16,tuning-grid-imbalanced-n4500,,radius,p99.median,220.38642352200358,m,valid
E001-v2,tuning,E,e-s120-gradient-p2-b100-sir16,tuning-grid-imbalanced-n4500,,radius,p99.min,215.827069033561,m,valid
E001-v2,tuning,E,e-s120-gradient-p2-b100-sir16,tuning-grid-imbalanced-n4500,,radius,violations.max,0.0,count,valid
E001-v2,tuning,E,e-s120-gradient-p2-b100-sir16,tuning-grid-imbalanced-n4500,,radius,violations.median,0.0,count,valid
E001-v2,tuning,E,e-s120-gradient-p2-b100-sir16,tuning-grid-imbalanced-n4500,,radius,violations.min,0.0,count,valid
E001-v2,tuning,E,e-s120-gradient-p2-b100-sir16,tuning-grid-imbalanced-n4500,,samplerFailureCount,value,0.0,count,valid
E001-v2,tuning,E,e-s120-gradient-p2-b100-sir16,tuning-grid-imbalanced-n4500,,seam300,max,0.5529761904761905,ratio,valid
E001-v2,tuning,E,e-s120-gradient-p2-b100-sir16,tuning-grid-imbalanced-n4500,,seam300,median,0.43663646295225245,ratio,valid
E001-v2,tuning,E,e-s120-gradient-p2-b100-sir16,tuning-grid-imbalanced-n4500,,seam300,min,0.19919786096256686,ratio,valid
E001-v2,tuning,E,e-s120-gradient-p2-b100-sir16,tuning-grid-imbalanced-n4500,2026090601,a4,value,0.0,ratio,valid
E001-v2,tuning,E,e-s120-gradient-p2-b100-sir16,tuning-grid-imbalanced-n4500,2026090601,radius,max,260.40206622840856,m,valid
E001-v2,tuning,E,e-s120-gradient-p2-b100-sir16,tuning-grid-imbalanced-n4500,2026090601,radius,p50,94.07671331000506,m,valid
E001-v2,tuning,E,e-s120-gradient-p2-b100-sir16,tuning-grid-imbalanced-n4500,2026090601,radius,p95,192.50140385120778,m,valid
E001-v2,tuning,E,e-s120-gradient-p2-b100-sir16,tuning-grid-imbalanced-n4500,2026090601,radius,p99,228.47872912037337,m,valid
E001-v2,tuning,E,e-s120-gradient-p2-b100-sir16,tuning-grid-imbalanced-n4500,2026090601,radius,violations,0.0,count,valid
E001-v2,tuning,E,e-s120-gradient-p2-b100-sir16,tuning-grid-imbalanced-n4500,2026090601,seam300,value,0.43663646295225245,ratio,valid
E001-v2,tuning,E,e-s120-gradient-p2-b100-sir16,tuning-grid-imbalanced-n4500,2026090602,a4,value,0.0,ratio,valid
E001-v2,tuning,E,e-s120-gradient-p2-b100-sir16,tuning-grid-imbalanced-n4500,2026090602,radius,max,247.52346658635568,m,valid
E001-v2,tuning,E,e-s120-gradient-p2-b100-sir16,tuning-grid-imbalanced-n4500,2026090602,radius,p50,97.032209507094,m,valid
E001-v2,tuning,E,e-s120-gradient-p2-b100-sir16,tuning-grid-imbalanced-n4500,2026090602,radius,p95,188.08475477940206,m,valid
E001-v2,tuning,E,e-s120-gradient-p2-b100-sir16,tuning-grid-imbalanced-n4500,2026090602,radius,p99,215.827069033561,m,valid
E001-v2,tuning,E,e-s120-gradient-p2-b100-sir16,tuning-grid-imbalanced-n4500,2026090602,radius,violations,0.0,count,valid
E001-v2,tuning,E,e-s120-gradient-p2-b100-sir16,tuning-grid-imbalanced-n4500,2026090602,seam300,value,0.5264423076923077,ratio,valid
E001-v2,tuning,E,e-s120-gradient-p2-b100-sir16,tuning-grid-imbalanced-n4500,2026090603,a4,value,0.0318521972357013,ratio,valid
E001-v2,tuning,E,e-s120-gradient-p2-b100-sir16,tuning-grid-imbalanced-n4500,2026090603,radius,max,239.14085004569603,m,valid
E001-v2,tuning,E,e-s120-gradient-p2-b100-sir16,tuning-grid-imbalanced-n4500,2026090603,radius,p50,96.9020706886285,m,valid
E001-v2,tuning,E,e-s120-gradient-p2-b100-sir16,tuning-grid-imbalanced-n4500,2026090603,radius,p95,189.4719886035313,m,valid
E001-v2,tuning,E,e-s120-gradient-p2-b100-sir16,tuning-grid-imbalanced-n4500,2026090603,radius,p99,216.0623649352612,m,valid
E001-v2,tuning,E,e-s120-gradient-p2-b100-sir16,tuning-grid-imbalanced-n4500,2026090603,radius,violations,0.0,count,valid
E001-v2,tuning,E,e-s120-gradient-p2-b100-sir16,tuning-grid-imbalanced-n4500,2026090603,seam300,value,0.5529761904761905,ratio,valid
E001-v2,tuning,E,e-s120-gradient-p2-b100-sir16,tuning-grid-imbalanced-n4500,2026090604,a4,value,0.0,ratio,valid
E001-v2,tuning,E,e-s120-gradient-p2-b100-sir16,tuning-grid-imbalanced-n4500,2026090604,radius,max,260.6950340978667,m,valid
E001-v2,tuning,E,e-s120-gradient-p2-b100-sir16,tuning-grid-imbalanced-n4500,2026090604,radius,p50,96.4514908368514,m,valid
E001-v2,tuning,E,e-s120-gradient-p2-b100-sir16,tuning-grid-imbalanced-n4500,2026090604,radius,p95,188.30112634413842,m,valid
E001-v2,tuning,E,e-s120-gradient-p2-b100-sir16,tuning-grid-imbalanced-n4500,2026090604,radius,p99,220.38642352200358,m,valid
E001-v2,tuning,E,e-s120-gradient-p2-b100-sir16,tuning-grid-imbalanced-n4500,2026090604,radius,violations,0.0,count,valid
E001-v2,tuning,E,e-s120-gradient-p2-b100-sir16,tuning-grid-imbalanced-n4500,2026090604,seam300,value,0.3373868237026132,ratio,valid
E001-v2,tuning,E,e-s120-gradient-p2-b100-sir16,tuning-grid-imbalanced-n4500,2026090605,a4,value,0.0,ratio,valid
E001-v2,tuning,E,e-s120-gradient-p2-b100-sir16,tuning-grid-imbalanced-n4500,2026090605,radius,max,244.5268507516374,m,valid
E001-v2,tuning,E,e-s120-gradient-p2-b100-sir16,tuning-grid-imbalanced-n4500,2026090605,radius,p50,98.62213399552212,m,valid
E001-v2,tuning,E,e-s120-gradient-p2-b100-sir16,tuning-grid-imbalanced-n4500,2026090605,radius,p95,192.12406450464405,m,valid
E001-v2,tuning,E,e-s120-gradient-p2-b100-sir16,tuning-grid-imbalanced-n4500,2026090605,radius,p99,228.6920835556453,m,valid
E001-v2,tuning,E,e-s120-gradient-p2-b100-sir16,tuning-grid-imbalanced-n4500,2026090605,radius,violations,0.0,count,valid
E001-v2,tuning,E,e-s120-gradient-p2-b100-sir16,tuning-grid-imbalanced-n4500,2026090605,seam300,value,0.19919786096256686,ratio,valid
E001-v2,tuning,E,e-s120-gradient-p2-b100-sir16,tuning-single-n500,,a4,max,0.0,ratio,valid
E001-v2,tuning,E,e-s120-gradient-p2-b100-sir16,tuning-single-n500,,a4,median,0.0,ratio,valid
E001-v2,tuning,E,e-s120-gradient-p2-b100-sir16,tuning-single-n500,,a4,min,0.0,ratio,valid
E001-v2,tuning,E,e-s120-gradient-p2-b100-sir16,tuning-single-n500,,hotspot50,cv,1.812578274171907,ratio,valid
E001-v2,tuning,E,e-s120-gradient-p2-b100-sir16,tuning-single-n500,,hotspot50,max,27.0,count,valid
E001-v2,tuning,E,e-s120-gradient-p2-b100-sir16,tuning-single-n500,,hotspot50,p99,27.0,count,valid
E001-v2,tuning,E,e-s120-gradient-p2-b100-sir16,tuning-single-n500,,neighbors10,value,1.788,count,valid
E001-v2,tuning,E,e-s120-gradient-p2-b100-sir16,tuning-single-n500,,proximity16,value,0.93,ratio,valid
E001-v2,tuning,E,e-s120-gradient-p2-b100-sir16,tuning-single-n500,,proximity24,value,0.96,ratio,valid
E001-v2,tuning,E,e-s120-gradient-p2-b100-sir16,tuning-single-n500,,proximity8,value,0.626,ratio,valid
E001-v2,tuning,E,e-s120-gradient-p2-b100-sir16,tuning-single-n500,,radialKs,max,0.16999999999999998,ratio,valid
E001-v2,tuning,E,e-s120-gradient-p2-b100-sir16,tuning-single-n500,,radialKs,median,0.1499999999999999,ratio,valid
E001-v2,tuning,E,e-s120-gradient-p2-b100-sir16,tuning-single-n500,,radialKs,min,0.060000000000000005,ratio,valid
E001-v2,tuning,E,e-s120-gradient-p2-b100-sir16,tuning-single-n500,,radius,max.max,247.58197594327834,m,valid
E001-v2,tuning,E,e-s120-gradient-p2-b100-sir16,tuning-single-n500,,radius,max.median,233.09654236074596,m,valid
E001-v2,tuning,E,e-s120-gradient-p2-b100-sir16,tuning-single-n500,,radius,max.min,218.38416879174773,m,valid
E001-v2,tuning,E,e-s120-gradient-p2-b100-sir16,tuning-single-n500,,radius,p50.max,107.68085359736322,m,valid
E001-v2,tuning,E,e-s120-gradient-p2-b100-sir16,tuning-single-n500,,radius,p50.median,99.7128620291443,m,valid
E001-v2,tuning,E,e-s120-gradient-p2-b100-sir16,tuning-single-n500,,radius,p50.min,91.21725610300494,m,valid
E001-v2,tuning,E,e-s120-gradient-p2-b100-sir16,tuning-single-n500,,radius,p95.max,196.47906193917717,m,valid
E001-v2,tuning,E,e-s120-gradient-p2-b100-sir16,tuning-single-n500,,radius,p95.median,194.70052355916567,m,valid
E001-v2,tuning,E,e-s120-gradient-p2-b100-sir16,tuning-single-n500,,radius,p95.min,185.97688456908233,m,valid
E001-v2,tuning,E,e-s120-gradient-p2-b100-sir16,tuning-single-n500,,radius,p99.max,233.6280045284237,m,valid
E001-v2,tuning,E,e-s120-gradient-p2-b100-sir16,tuning-single-n500,,radius,p99.median,210.7353247265832,m,valid
E001-v2,tuning,E,e-s120-gradient-p2-b100-sir16,tuning-single-n500,,radius,p99.min,203.72780584614486,m,valid
E001-v2,tuning,E,e-s120-gradient-p2-b100-sir16,tuning-single-n500,,radius,violations.max,0.0,count,valid
E001-v2,tuning,E,e-s120-gradient-p2-b100-sir16,tuning-single-n500,,radius,violations.median,0.0,count,valid
E001-v2,tuning,E,e-s120-gradient-p2-b100-sir16,tuning-single-n500,,radius,violations.min,0.0,count,valid
E001-v2,tuning,E,e-s120-gradient-p2-b100-sir16,tuning-single-n500,,samplerFailureCount,value,0.0,count,valid
E001-v2,tuning,E,e-s120-gradient-p2-b100-sir16,tuning-single-n500,,seam300,max,1.1666666666666665,ratio,valid
E001-v2,tuning,E,e-s120-gradient-p2-b100-sir16,tuning-single-n500,,seam300,median,0.8607142857142858,ratio,valid
E001-v2,tuning,E,e-s120-gradient-p2-b100-sir16,tuning-single-n500,,seam300,min,0.575,ratio,valid
E001-v2,tuning,E,e-s120-gradient-p2-b100-sir16,tuning-single-n500,2026090601,a4,value,0.0,ratio,valid
E001-v2,tuning,E,e-s120-gradient-p2-b100-sir16,tuning-single-n500,2026090601,radialKs,value,0.16999999999999998,ratio,valid
E001-v2,tuning,E,e-s120-gradient-p2-b100-sir16,tuning-single-n500,2026090601,radius,max,228.4353096608731,m,valid
E001-v2,tuning,E,e-s120-gradient-p2-b100-sir16,tuning-single-n500,2026090601,radius,p50,91.21725610300494,m,valid
E001-v2,tuning,E,e-s120-gradient-p2-b100-sir16,tuning-single-n500,2026090601,radius,p95,196.47906193917717,m,valid
E001-v2,tuning,E,e-s120-gradient-p2-b100-sir16,tuning-single-n500,2026090601,radius,p99,203.72780584614486,m,valid
E001-v2,tuning,E,e-s120-gradient-p2-b100-sir16,tuning-single-n500,2026090601,radius,violations,0.0,count,valid
E001-v2,tuning,E,e-s120-gradient-p2-b100-sir16,tuning-single-n500,2026090601,seam300,value,0.7416666666666667,ratio,valid
E001-v2,tuning,E,e-s120-gradient-p2-b100-sir16,tuning-single-n500,2026090602,a4,value,0.0,ratio,valid
E001-v2,tuning,E,e-s120-gradient-p2-b100-sir16,tuning-single-n500,2026090602,radialKs,value,0.09999999999999998,ratio,valid
E001-v2,tuning,E,e-s120-gradient-p2-b100-sir16,tuning-single-n500,2026090602,radius,max,247.39011235907736,m,valid
E001-v2,tuning,E,e-s120-gradient-p2-b100-sir16,tuning-single-n500,2026090602,radius,p50,99.7128620291443,m,valid
E001-v2,tuning,E,e-s120-gradient-p2-b100-sir16,tuning-single-n500,2026090602,radius,p95,194.77964838154674,m,valid
E001-v2,tuning,E,e-s120-gradient-p2-b100-sir16,tuning-single-n500,2026090602,radius,p99,206.1484834889502,m,valid
E001-v2,tuning,E,e-s120-gradient-p2-b100-sir16,tuning-single-n500,2026090602,radius,violations,0.0,count,valid
E001-v2,tuning,E,e-s120-gradient-p2-b100-sir16,tuning-single-n500,2026090602,seam300,value,0.575,ratio,valid
E001-v2,tuning,E,e-s120-gradient-p2-b100-sir16,tuning-single-n500,2026090603,a4,value,0.0,ratio,valid
E001-v2,tuning,E,e-s120-gradient-p2-b100-sir16,tuning-single-n500,2026090603,radialKs,value,0.15,ratio,valid
E001-v2,tuning,E,e-s120-gradient-p2-b100-sir16,tuning-single-n500,2026090603,radius,max,218.38416879174773,m,valid
E001-v2,tuning,E,e-s120-gradient-p2-b100-sir16,tuning-single-n500,2026090603,radius,p50,107.68085359736322,m,valid
E001-v2,tuning,E,e-s120-gradient-p2-b100-sir16,tuning-single-n500,2026090603,radius,p95,185.97688456908233,m,valid
E001-v2,tuning,E,e-s120-gradient-p2-b100-sir16,tuning-single-n500,2026090603,radius,p99,210.7353247265832,m,valid
E001-v2,tuning,E,e-s120-gradient-p2-b100-sir16,tuning-single-n500,2026090603,radius,violations,0.0,count,valid
E001-v2,tuning,E,e-s120-gradient-p2-b100-sir16,tuning-single-n500,2026090603,seam300,value,1.1666666666666665,ratio,valid
E001-v2,tuning,E,e-s120-gradient-p2-b100-sir16,tuning-single-n500,2026090604,a4,value,0.0,ratio,valid
E001-v2,tuning,E,e-s120-gradient-p2-b100-sir16,tuning-single-n500,2026090604,radialKs,value,0.1499999999999999,ratio,valid
E001-v2,tuning,E,e-s120-gradient-p2-b100-sir16,tuning-single-n500,2026090604,radius,max,233.09654236074596,m,valid
E001-v2,tuning,E,e-s120-gradient-p2-b100-sir16,tuning-single-n500,2026090604,radius,p50,104.30171470047202,m,valid
E001-v2,tuning,E,e-s120-gradient-p2-b100-sir16,tuning-single-n500,2026090604,radius,p95,190.3824461659347,m,valid
E001-v2,tuning,E,e-s120-gradient-p2-b100-sir16,tuning-single-n500,2026090604,radius,p99,219.36254786040797,m,valid
E001-v2,tuning,E,e-s120-gradient-p2-b100-sir16,tuning-single-n500,2026090604,radius,violations,0.0,count,valid
E001-v2,tuning,E,e-s120-gradient-p2-b100-sir16,tuning-single-n500,2026090604,seam300,value,0.8607142857142858,ratio,valid
E001-v2,tuning,E,e-s120-gradient-p2-b100-sir16,tuning-single-n500,2026090605,a4,value,0.0,ratio,valid
E001-v2,tuning,E,e-s120-gradient-p2-b100-sir16,tuning-single-n500,2026090605,radialKs,value,0.060000000000000005,ratio,valid
E001-v2,tuning,E,e-s120-gradient-p2-b100-sir16,tuning-single-n500,2026090605,radius,max,247.58197594327834,m,valid
E001-v2,tuning,E,e-s120-gradient-p2-b100-sir16,tuning-single-n500,2026090605,radius,p50,92.35992180625504,m,valid
E001-v2,tuning,E,e-s120-gradient-p2-b100-sir16,tuning-single-n500,2026090605,radius,p95,194.70052355916567,m,valid
E001-v2,tuning,E,e-s120-gradient-p2-b100-sir16,tuning-single-n500,2026090605,radius,p99,233.6280045284237,m,valid
E001-v2,tuning,E,e-s120-gradient-p2-b100-sir16,tuning-single-n500,2026090605,radius,violations,0.0,count,valid
E001-v2,tuning,E,e-s120-gradient-p2-b100-sir16,tuning-single-n500,2026090605,seam300,value,0.9166666666666666,ratio,valid
E001-v2,tuning,E,e-s120-gradient-p2-b100-sir32,tuning-grid-imbalanced-n4500,,a4,max,0.04397251391456023,ratio,valid
E001-v2,tuning,E,e-s120-gradient-p2-b100-sir32,tuning-grid-imbalanced-n4500,,a4,median,0.029175165198256782,ratio,valid
E001-v2,tuning,E,e-s120-gradient-p2-b100-sir32,tuning-grid-imbalanced-n4500,,a4,min,0.0,ratio,valid
E001-v2,tuning,E,e-s120-gradient-p2-b100-sir32,tuning-grid-imbalanced-n4500,,hotspot50,cv,1.3788059246238311,ratio,valid
E001-v2,tuning,E,e-s120-gradient-p2-b100-sir32,tuning-grid-imbalanced-n4500,,hotspot50,max,68.0,count,valid
E001-v2,tuning,E,e-s120-gradient-p2-b100-sir32,tuning-grid-imbalanced-n4500,,hotspot50,p99,53.0,count,valid
E001-v2,tuning,E,e-s120-gradient-p2-b100-sir32,tuning-grid-imbalanced-n4500,,neighbors10,value,2.7288888888888887,count,valid
E001-v2,tuning,E,e-s120-gradient-p2-b100-sir32,tuning-grid-imbalanced-n4500,,proximity16,value,0.9524444444444444,ratio,valid
E001-v2,tuning,E,e-s120-gradient-p2-b100-sir32,tuning-grid-imbalanced-n4500,,proximity24,value,0.9891111111111112,ratio,valid
E001-v2,tuning,E,e-s120-gradient-p2-b100-sir32,tuning-grid-imbalanced-n4500,,proximity8,value,0.7168888888888889,ratio,valid
E001-v2,tuning,E,e-s120-gradient-p2-b100-sir32,tuning-grid-imbalanced-n4500,,radius,max.max,277.50610464130597,m,valid
E001-v2,tuning,E,e-s120-gradient-p2-b100-sir32,tuning-grid-imbalanced-n4500,,radius,max.median,260.41267294419583,m,valid
E001-v2,tuning,E,e-s120-gradient-p2-b100-sir32,tuning-grid-imbalanced-n4500,,radius,max.min,251.66511030733753,m,valid
E001-v2,tuning,E,e-s120-gradient-p2-b100-sir32,tuning-grid-imbalanced-n4500,,radius,p50.max,101.07306741319603,m,valid
E001-v2,tuning,E,e-s120-gradient-p2-b100-sir32,tuning-grid-imbalanced-n4500,,radius,p50.median,98.38096634600564,m,valid
E001-v2,tuning,E,e-s120-gradient-p2-b100-sir32,tuning-grid-imbalanced-n4500,,radius,p50.min,97.12351385658273,m,valid
E001-v2,tuning,E,e-s120-gradient-p2-b100-sir32,tuning-grid-imbalanced-n4500,,radius,p95.max,190.7194475898119,m,valid
E001-v2,tuning,E,e-s120-gradient-p2-b100-sir32,tuning-grid-imbalanced-n4500,,radius,p95.median,188.9462188276195,m,valid
E001-v2,tuning,E,e-s120-gradient-p2-b100-sir32,tuning-grid-imbalanced-n4500,,radius,p95.min,181.09510872373065,m,valid
E001-v2,tuning,E,e-s120-gradient-p2-b100-sir32,tuning-grid-imbalanced-n4500,,radius,p99.max,229.0917864664825,m,valid
E001-v2,tuning,E,e-s120-gradient-p2-b100-sir32,tuning-grid-imbalanced-n4500,,radius,p99.median,221.29909919465956,m,valid
E001-v2,tuning,E,e-s120-gradient-p2-b100-sir32,tuning-grid-imbalanced-n4500,,radius,p99.min,210.97368724975698,m,valid
E001-v2,tuning,E,e-s120-gradient-p2-b100-sir32,tuning-grid-imbalanced-n4500,,radius,violations.max,0.0,count,valid
E001-v2,tuning,E,e-s120-gradient-p2-b100-sir32,tuning-grid-imbalanced-n4500,,radius,violations.median,0.0,count,valid
E001-v2,tuning,E,e-s120-gradient-p2-b100-sir32,tuning-grid-imbalanced-n4500,,radius,violations.min,0.0,count,valid
E001-v2,tuning,E,e-s120-gradient-p2-b100-sir32,tuning-grid-imbalanced-n4500,,samplerFailureCount,value,0.0,count,valid
E001-v2,tuning,E,e-s120-gradient-p2-b100-sir32,tuning-grid-imbalanced-n4500,,seam300,max,0.5924185463659148,ratio,valid
E001-v2,tuning,E,e-s120-gradient-p2-b100-sir32,tuning-grid-imbalanced-n4500,,seam300,median,0.2941511387163561,ratio,valid
E001-v2,tuning,E,e-s120-gradient-p2-b100-sir32,tuning-grid-imbalanced-n4500,,seam300,min,0.11239495798319327,ratio,valid
E001-v2,tuning,E,e-s120-gradient-p2-b100-sir32,tuning-grid-imbalanced-n4500,2026090601,a4,value,0.0,ratio,valid
E001-v2,tuning,E,e-s120-gradient-p2-b100-sir32,tuning-grid-imbalanced-n4500,2026090601,radius,max,277.50610464130597,m,valid
E001-v2,tuning,E,e-s120-gradient-p2-b100-sir32,tuning-grid-imbalanced-n4500,2026090601,radius,p50,101.07306741319603,m,valid
E001-v2,tuning,E,e-s120-gradient-p2-b100-sir32,tuning-grid-imbalanced-n4500,2026090601,radius,p95,189.17483984735622,m,valid
E001-v2,tuning,E,e-s120-gradient-p2-b100-sir32,tuning-grid-imbalanced-n4500,2026090601,radius,p99,227.29960112945716,m,valid
E001-v2,tuning,E,e-s120-gradient-p2-b100-sir32,tuning-grid-imbalanced-n4500,2026090601,radius,violations,0.0,count,valid
E001-v2,tuning,E,e-s120-gradient-p2-b100-sir32,tuning-grid-imbalanced-n4500,2026090601,seam300,value,0.28150210608981224,ratio,valid
E001-v2,tuning,E,e-s120-gradient-p2-b100-sir32,tuning-grid-imbalanced-n4500,2026090602,a4,value,0.04397251391456023,ratio,valid
E001-v2,tuning,E,e-s120-gradient-p2-b100-sir32,tuning-grid-imbalanced-n4500,2026090602,radius,max,251.66511030733753,m,valid
E001-v2,tuning,E,e-s120-gradient-p2-b100-sir32,tuning-grid-imbalanced-n4500,2026090602,radius,p50,98.38096634600564,m,valid
E001-v2,tuning,E,e-s120-gradient-p2-b100-sir32,tuning-grid-imbalanced-n4500,2026090602,radius,p95,181.09510872373065,m,valid
E001-v2,tuning,E,e-s120-gradient-p2-b100-sir32,tuning-grid-imbalanced-n4500,2026090602,radius,p99,210.97368724975698,m,valid
E001-v2,tuning,E,e-s120-gradient-p2-b100-sir32,tuning-grid-imbalanced-n4500,2026090602,radius,violations,0.0,count,valid
E001-v2,tuning,E,e-s120-gradient-p2-b100-sir32,tuning-grid-imbalanced-n4500,2026090602,seam300,value,0.5924185463659148,ratio,valid
E001-v2,tuning,E,e-s120-gradient-p2-b100-sir32,tuning-grid-imbalanced-n4500,2026090603,a4,value,0.034493429895580574,ratio,valid
E001-v2,tuning,E,e-s120-gradient-p2-b100-sir32,tuning-grid-imbalanced-n4500,2026090603,radius,max,256.3916541090865,m,valid
E001-v2,tuning,E,e-s120-gradient-p2-b100-sir32,tuning-grid-imbalanced-n4500,2026090603,radius,p50,100.37850236555502,m,valid
E001-v2,tuning,E,e-s120-gradient-p2-b100-sir32,tuning-grid-imbalanced-n4500,2026090603,radius,p95,188.9462188276195,m,valid
E001-v2,tuning,E,e-s120-gradient-p2-b100-sir32,tuning-grid-imbalanced-n4500,2026090603,radius,p99,229.0917864664825,m,valid
E001-v2,tuning,E,e-s120-gradient-p2-b100-sir32,tuning-grid-imbalanced-n4500,2026090603,radius,violations,0.0,count,valid
E001-v2,tuning,E,e-s120-gradient-p2-b100-sir32,tuning-grid-imbalanced-n4500,2026090603,seam300,value,0.2941511387163561,ratio,valid
E001-v2,tuning,E,e-s120-gradient-p2-b100-sir32,tuning-grid-imbalanced-n4500,2026090604,a4,value,0.029175165198256782,ratio,valid
E001-v2,tuning,E,e-s120-gradient-p2-b100-sir32,tuning-grid-imbalanced-n4500,2026090604,radius,max,260.41267294419583,m,valid
E001-v2,tuning,E,e-s120-gradient-p2-b100-sir32,tuning-grid-imbalanced-n4500,2026090604,radius,p50,97.92096668420263,m,valid
E001-v2,tuning,E,e-s120-gradient-p2-b100-sir32,tuning-grid-imbalanced-n4500,2026090604,radius,p95,190.7194475898119,m,valid
E001-v2,tuning,E,e-s120-gradient-p2-b100-sir32,tuning-grid-imbalanced-n4500,2026090604,radius,p99,221.29909919465956,m,valid
E001-v2,tuning,E,e-s120-gradient-p2-b100-sir32,tuning-grid-imbalanced-n4500,2026090604,radius,violations,0.0,count,valid
E001-v2,tuning,E,e-s120-gradient-p2-b100-sir32,tuning-grid-imbalanced-n4500,2026090604,seam300,value,0.11239495798319327,ratio,valid
E001-v2,tuning,E,e-s120-gradient-p2-b100-sir32,tuning-grid-imbalanced-n4500,2026090605,a4,value,0.0,ratio,valid
E001-v2,tuning,E,e-s120-gradient-p2-b100-sir32,tuning-grid-imbalanced-n4500,2026090605,radius,max,263.442388063703,m,valid
E001-v2,tuning,E,e-s120-gradient-p2-b100-sir32,tuning-grid-imbalanced-n4500,2026090605,radius,p50,97.12351385658273,m,valid
E001-v2,tuning,E,e-s120-gradient-p2-b100-sir32,tuning-grid-imbalanced-n4500,2026090605,radius,p95,184.44440115612446,m,valid
E001-v2,tuning,E,e-s120-gradient-p2-b100-sir32,tuning-grid-imbalanced-n4500,2026090605,radius,p99,213.49490940473547,m,valid
E001-v2,tuning,E,e-s120-gradient-p2-b100-sir32,tuning-grid-imbalanced-n4500,2026090605,radius,violations,0.0,count,valid
E001-v2,tuning,E,e-s120-gradient-p2-b100-sir32,tuning-grid-imbalanced-n4500,2026090605,seam300,value,0.2990338164251208,ratio,valid
E001-v2,tuning,E,e-s120-gradient-p2-b100-sir32,tuning-single-n500,,a4,max,0.14830020898441562,ratio,valid
E001-v2,tuning,E,e-s120-gradient-p2-b100-sir32,tuning-single-n500,,a4,median,0.0,ratio,valid
E001-v2,tuning,E,e-s120-gradient-p2-b100-sir32,tuning-single-n500,,a4,min,0.0,ratio,valid
E001-v2,tuning,E,e-s120-gradient-p2-b100-sir32,tuning-single-n500,,hotspot50,cv,1.9220822042774364,ratio,valid
E001-v2,tuning,E,e-s120-gradient-p2-b100-sir32,tuning-single-n500,,hotspot50,max,31.0,count,valid
E001-v2,tuning,E,e-s120-gradient-p2-b100-sir32,tuning-single-n500,,hotspot50,p99,27.0,count,valid
E001-v2,tuning,E,e-s120-gradient-p2-b100-sir32,tuning-single-n500,,neighbors10,value,2.032,count,valid
E001-v2,tuning,E,e-s120-gradient-p2-b100-sir32,tuning-single-n500,,proximity16,value,0.926,ratio,valid
E001-v2,tuning,E,e-s120-gradient-p2-b100-sir32,tuning-single-n500,,proximity24,value,0.962,ratio,valid
E001-v2,tuning,E,e-s120-gradient-p2-b100-sir32,tuning-single-n500,,proximity8,value,0.672,ratio,valid
E001-v2,tuning,E,e-s120-gradient-p2-b100-sir32,tuning-single-n500,,radialKs,max,0.16000000000000003,ratio,valid
E001-v2,tuning,E,e-s120-gradient-p2-b100-sir32,tuning-single-n500,,radialKs,median,0.08000000000000007,ratio,valid
E001-v2,tuning,E,e-s120-gradient-p2-b100-sir32,tuning-single-n500,,radialKs,min,0.08000000000000002,ratio,valid
E001-v2,tuning,E,e-s120-gradient-p2-b100-sir32,tuning-single-n500,,radius,max.max,240.5227483034383,m,valid
E001-v2,tuning,E,e-s120-gradient-p2-b100-sir32,tuning-single-n500,,radius,max.median,231.28586068857805,m,valid
E001-v2,tuning,E,e-s120-gradient-p2-b100-sir32,tuning-single-n500,,radius,max.min,227.65572751511888,m,valid
E001-v2,tuning,E,e-s120-gradient-p2-b100-sir32,tuning-single-n500,,radius,p50.max,101.28965935461325,m,valid
E001-v2,tuning,E,e-s120-gradient-p2-b100-sir32,tuning-single-n500,,radius,p50.median,95.10693015180827,m,valid
E001-v2,tuning,E,e-s120-gradient-p2-b100-sir32,tuning-single-n500,,radius,p50.min,88.90867885321204,m,valid
E001-v2,tuning,E,e-s120-gradient-p2-b100-sir32,tuning-single-n500,,radius,p95.max,186.80876279287523,m,valid
E001-v2,tuning,E,e-s120-gradient-p2-b100-sir32,tuning-single-n500,,radius,p95.median,176.34316923505253,m,valid
E001-v2,tuning,E,e-s120-gradient-p2-b100-sir32,tuning-single-n500,,radius,p95.min,170.87031137030039,m,valid
E001-v2,tuning,E,e-s120-gradient-p2-b100-sir32,tuning-single-n500,,radius,p99.max,220.9960184443913,m,valid
E001-v2,tuning,E,e-s120-gradient-p2-b100-sir32,tuning-single-n500,,radius,p99.median,218.67538942516137,m,valid
E001-v2,tuning,E,e-s120-gradient-p2-b100-sir32,tuning-single-n500,,radius,p99.min,189.67392365157707,m,valid
E001-v2,tuning,E,e-s120-gradient-p2-b100-sir32,tuning-single-n500,,radius,violations.max,0.0,count,valid
E001-v2,tuning,E,e-s120-gradient-p2-b100-sir32,tuning-single-n500,,radius,violations.median,0.0,count,valid
E001-v2,tuning,E,e-s120-gradient-p2-b100-sir32,tuning-single-n500,,radius,violations.min,0.0,count,valid
E001-v2,tuning,E,e-s120-gradient-p2-b100-sir32,tuning-single-n500,,samplerFailureCount,value,0.0,count,valid
E001-v2,tuning,E,e-s120-gradient-p2-b100-sir32,tuning-single-n500,,seam300,max,0.8500000000000001,ratio,valid
E001-v2,tuning,E,e-s120-gradient-p2-b100-sir32,tuning-single-n500,,seam300,median,0.75,ratio,valid
E001-v2,tuning,E,e-s120-gradient-p2-b100-sir32,tuning-single-n500,,seam300,min,0.0,ratio,valid
E001-v2,tuning,E,e-s120-gradient-p2-b100-sir32,tuning-single-n500,2026090601,a4,value,0.0,ratio,valid
E001-v2,tuning,E,e-s120-gradient-p2-b100-sir32,tuning-single-n500,2026090601,radialKs,value,0.16000000000000003,ratio,valid
E001-v2,tuning,E,e-s120-gradient-p2-b100-sir32,tuning-single-n500,2026090601,radius,max,237.5394568143986,m,valid
E001-v2,tuning,E,e-s120-gradient-p2-b100-sir32,tuning-single-n500,2026090601,radius,p50,89.28689453729449,m,valid
E001-v2,tuning,E,e-s120-gradient-p2-b100-sir32,tuning-single-n500,2026090601,radius,p95,186.80876279287523,m,valid
E001-v2,tuning,E,e-s120-gradient-p2-b100-sir32,tuning-single-n500,2026090601,radius,p99,204.48883389037718,m,valid
E001-v2,tuning,E,e-s120-gradient-p2-b100-sir32,tuning-single-n500,2026090601,radius,violations,0.0,count,valid
E001-v2,tuning,E,e-s120-gradient-p2-b100-sir32,tuning-single-n500,2026090601,seam300,value,0.0,ratio,valid
E001-v2,tuning,E,e-s120-gradient-p2-b100-sir32,tuning-single-n500,2026090602,a4,value,0.0,ratio,valid
E001-v2,tuning,E,e-s120-gradient-p2-b100-sir32,tuning-single-n500,2026090602,radialKs,value,0.08000000000000007,ratio,valid
E001-v2,tuning,E,e-s120-gradient-p2-b100-sir32,tuning-single-n500,2026090602,radius,max,231.28586068857805,m,valid
E001-v2,tuning,E,e-s120-gradient-p2-b100-sir32,tuning-single-n500,2026090602,radius,p50,101.28965935461325,m,valid
E001-v2,tuning,E,e-s120-gradient-p2-b100-sir32,tuning-single-n500,2026090602,radius,p95,176.34316923505253,m,valid
E001-v2,tuning,E,e-s120-gradient-p2-b100-sir32,tuning-single-n500,2026090602,radius,p99,220.9960184443913,m,valid
E001-v2,tuning,E,e-s120-gradient-p2-b100-sir32,tuning-single-n500,2026090602,radius,violations,0.0,count,valid
E001-v2,tuning,E,e-s120-gradient-p2-b100-sir32,tuning-single-n500,2026090602,seam300,value,0.7916666666666667,ratio,valid
E001-v2,tuning,E,e-s120-gradient-p2-b100-sir32,tuning-single-n500,2026090603,a4,value,0.14830020898441562,ratio,valid
E001-v2,tuning,E,e-s120-gradient-p2-b100-sir32,tuning-single-n500,2026090603,radialKs,value,0.08000000000000002,ratio,valid
E001-v2,tuning,E,e-s120-gradient-p2-b100-sir32,tuning-single-n500,2026090603,radius,max,227.65572751511888,m,valid
E001-v2,tuning,E,e-s120-gradient-p2-b100-sir32,tuning-single-n500,2026090603,radius,p50,98.70102848214799,m,valid
E001-v2,tuning,E,e-s120-gradient-p2-b100-sir32,tuning-single-n500,2026090603,radius,p95,170.87031137030039,m,valid
E001-v2,tuning,E,e-s120-gradient-p2-b100-sir32,tuning-single-n500,2026090603,radius,p99,189.67392365157707,m,valid
E001-v2,tuning,E,e-s120-gradient-p2-b100-sir32,tuning-single-n500,2026090603,radius,violations,0.0,count,valid
E001-v2,tuning,E,e-s120-gradient-p2-b100-sir32,tuning-single-n500,2026090603,seam300,value,0.5833333333333333,ratio,valid
E001-v2,tuning,E,e-s120-gradient-p2-b100-sir32,tuning-single-n500,2026090604,a4,value,0.035635395994623335,ratio,valid
E001-v2,tuning,E,e-s120-gradient-p2-b100-sir32,tuning-single-n500,2026090604,radialKs,value,0.08000000000000002,ratio,valid
E001-v2,tuning,E,e-s120-gradient-p2-b100-sir32,tuning-single-n500,2026090604,radius,max,240.5227483034383,m,valid
E001-v2,tuning,E,e-s120-gradient-p2-b100-sir32,tuning-single-n500,2026090604,radius,p50,95.10693015180827,m,valid
E001-v2,tuning,E,e-s120-gradient-p2-b100-sir32,tuning-single-n500,2026090604,radius,p95,184.6099451088666,m,valid
E001-v2,tuning,E,e-s120-gradient-p2-b100-sir32,tuning-single-n500,2026090604,radius,p99,219.36254786040797,m,valid
E001-v2,tuning,E,e-s120-gradient-p2-b100-sir32,tuning-single-n500,2026090604,radius,violations,0.0,count,valid
E001-v2,tuning,E,e-s120-gradient-p2-b100-sir32,tuning-single-n500,2026090604,seam300,value,0.8500000000000001,ratio,valid
E001-v2,tuning,E,e-s120-gradient-p2-b100-sir32,tuning-single-n500,2026090605,a4,value,0.0,ratio,valid
E001-v2,tuning,E,e-s120-gradient-p2-b100-sir32,tuning-single-n500,2026090605,radialKs,value,0.08999999999999997,ratio,valid
E001-v2,tuning,E,e-s120-gradient-p2-b100-sir32,tuning-single-n500,2026090605,radius,max,228.23088269563536,m,valid
E001-v2,tuning,E,e-s120-gradient-p2-b100-sir32,tuning-single-n500,2026090605,radius,p50,88.90867885321204,m,valid
E001-v2,tuning,E,e-s120-gradient-p2-b100-sir32,tuning-single-n500,2026090605,radius,p95,173.87618994658249,m,valid
E001-v2,tuning,E,e-s120-gradient-p2-b100-sir32,tuning-single-n500,2026090605,radius,p99,218.67538942516137,m,valid
E001-v2,tuning,E,e-s120-gradient-p2-b100-sir32,tuning-single-n500,2026090605,radius,violations,0.0,count,valid
E001-v2,tuning,E,e-s120-gradient-p2-b100-sir32,tuning-single-n500,2026090605,seam300,value,0.75,ratio,valid
E001-v2,tuning,E,e-s120-value-p1-b040-rejection128,tuning-grid-imbalanced-n4500,,a4,max,0.030980838037300923,ratio,valid
E001-v2,tuning,E,e-s120-value-p1-b040-rejection128,tuning-grid-imbalanced-n4500,,a4,median,0.0,ratio,valid
E001-v2,tuning,E,e-s120-value-p1-b040-rejection128,tuning-grid-imbalanced-n4500,,a4,min,0.0,ratio,valid
E001-v2,tuning,E,e-s120-value-p1-b040-rejection128,tuning-grid-imbalanced-n4500,,hotspot50,cv,1.375190976636417,ratio,valid
E001-v2,tuning,E,e-s120-value-p1-b040-rejection128,tuning-grid-imbalanced-n4500,,hotspot50,max,70.0,count,valid
E001-v2,tuning,E,e-s120-value-p1-b040-rejection128,tuning-grid-imbalanced-n4500,,hotspot50,p99,50.0,count,valid
E001-v2,tuning,E,e-s120-value-p1-b040-rejection128,tuning-grid-imbalanced-n4500,,neighbors10,value,2.7875555555555556,count,valid
E001-v2,tuning,E,e-s120-value-p1-b040-rejection128,tuning-grid-imbalanced-n4500,,proximity16,value,0.9504444444444444,ratio,valid
E001-v2,tuning,E,e-s120-value-p1-b040-rejection128,tuning-grid-imbalanced-n4500,,proximity24,value,0.9851111111111112,ratio,valid
E001-v2,tuning,E,e-s120-value-p1-b040-rejection128,tuning-grid-imbalanced-n4500,,proximity8,value,0.7175555555555555,ratio,valid
E001-v2,tuning,E,e-s120-value-p1-b040-rejection128,tuning-grid-imbalanced-n4500,,radius,max.max,277.4483435207538,m,valid
E001-v2,tuning,E,e-s120-value-p1-b040-rejection128,tuning-grid-imbalanced-n4500,,radius,max.median,248.66016807626067,m,valid
E001-v2,tuning,E,e-s120-value-p1-b040-rejection128,tuning-grid-imbalanced-n4500,,radius,max.min,244.27158074725745,m,valid
E001-v2,tuning,E,e-s120-value-p1-b040-rejection128,tuning-grid-imbalanced-n4500,,radius,p50.max,100.5366397450014,m,valid
E001-v2,tuning,E,e-s120-value-p1-b040-rejection128,tuning-grid-imbalanced-n4500,,radius,p50.median,98.08721559930646,m,valid
E001-v2,tuning,E,e-s120-value-p1-b040-rejection128,tuning-grid-imbalanced-n4500,,radius,p50.min,94.13829712559385,m,valid
E001-v2,tuning,E,e-s120-value-p1-b040-rejection128,tuning-grid-imbalanced-n4500,,radius,p95.max,193.53427351743454,m,valid
E001-v2,tuning,E,e-s120-value-p1-b040-rejection128,tuning-grid-imbalanced-n4500,,radius,p95.median,191.3896099675555,m,valid
E001-v2,tuning,E,e-s120-value-p1-b040-rejection128,tuning-grid-imbalanced-n4500,,radius,p95.min,187.63693820353066,m,valid
E001-v2,tuning,E,e-s120-value-p1-b040-rejection128,tuning-grid-imbalanced-n4500,,radius,p99.max,230.01731717430687,m,valid
E001-v2,tuning,E,e-s120-value-p1-b040-rejection128,tuning-grid-imbalanced-n4500,,radius,p99.median,223.44074307744322,m,valid
E001-v2,tuning,E,e-s120-value-p1-b040-rejection128,tuning-grid-imbalanced-n4500,,radius,p99.min,216.38695472908773,m,valid
E001-v2,tuning,E,e-s120-value-p1-b040-rejection128,tuning-grid-imbalanced-n4500,,radius,violations.max,0.0,count,valid
E001-v2,tuning,E,e-s120-value-p1-b040-rejection128,tuning-grid-imbalanced-n4500,,radius,violations.median,0.0,count,valid
E001-v2,tuning,E,e-s120-value-p1-b040-rejection128,tuning-grid-imbalanced-n4500,,radius,violations.min,0.0,count,valid
E001-v2,tuning,E,e-s120-value-p1-b040-rejection128,tuning-grid-imbalanced-n4500,,samplerFailureCount,value,0.0,count,valid
E001-v2,tuning,E,e-s120-value-p1-b040-rejection128,tuning-grid-imbalanced-n4500,,seam300,max,0.46735766045548655,ratio,valid
E001-v2,tuning,E,e-s120-value-p1-b040-rejection128,tuning-grid-imbalanced-n4500,,seam300,median,0.31865319865319863,ratio,valid
E001-v2,tuning,E,e-s120-value-p1-b040-rejection128,tuning-grid-imbalanced-n4500,,seam300,min,0.15529615574987626,ratio,valid
E001-v2,tuning,E,e-s120-value-p1-b040-rejection128,tuning-grid-imbalanced-n4500,2026090601,a4,value,0.0,ratio,valid
E001-v2,tuning,E,e-s120-value-p1-b040-rejection128,tuning-grid-imbalanced-n4500,2026090601,radius,max,248.66016807626067,m,valid
E001-v2,tuning,E,e-s120-value-p1-b040-rejection128,tuning-grid-imbalanced-n4500,2026090601,radius,p50,94.13829712559385,m,valid
E001-v2,tuning,E,e-s120-value-p1-b040-rejection128,tuning-grid-imbalanced-n4500,2026090601,radius,p95,191.56309242596305,m,valid
E001-v2,tuning,E,e-s120-value-p1-b040-rejection128,tuning-grid-imbalanced-n4500,2026090601,radius,p99,230.01731717430687,m,valid
E001-v2,tuning,E,e-s120-value-p1-b040-rejection128,tuning-grid-imbalanced-n4500,2026090601,radius,violations,0.0,count,valid
E001-v2,tuning,E,e-s120-value-p1-b040-rejection128,tuning-grid-imbalanced-n4500,2026090601,seam300,value,0.46735766045548655,ratio,valid
E001-v2,tuning,E,e-s120-value-p1-b040-rejection128,tuning-grid-imbalanced-n4500,2026090602,a4,value,0.0,ratio,valid
E001-v2,tuning,E,e-s120-value-p1-b040-rejection128,tuning-grid-imbalanced-n4500,2026090602,radius,max,244.27158074725745,m,valid
E001-v2,tuning,E,e-s120-value-p1-b040-rejection128,tuning-grid-imbalanced-n4500,2026090602,radius,p50,100.5366397450014,m,valid
E001-v2,tuning,E,e-s120-value-p1-b040-rejection128,tuning-grid-imbalanced-n4500,2026090602,radius,p95,193.53427351743454,m,valid
E001-v2,tuning,E,e-s120-value-p1-b040-rejection128,tuning-grid-imbalanced-n4500,2026090602,radius,p99,223.44074307744322,m,valid
E001-v2,tuning,E,e-s120-value-p1-b040-rejection128,tuning-grid-imbalanced-n4500,2026090602,radius,violations,0.0,count,valid
E001-v2,tuning,E,e-s120-value-p1-b040-rejection128,tuning-grid-imbalanced-n4500,2026090602,seam300,value,0.31865319865319863,ratio,valid
E001-v2,tuning,E,e-s120-value-p1-b040-rejection128,tuning-grid-imbalanced-n4500,2026090603,a4,value,0.022027181794721545,ratio,valid
E001-v2,tuning,E,e-s120-value-p1-b040-rejection128,tuning-grid-imbalanced-n4500,2026090603,radius,max,258.056295668152,m,valid
E001-v2,tuning,E,e-s120-value-p1-b040-rejection128,tuning-grid-imbalanced-n4500,2026090603,radius,p50,98.08721559930646,m,valid
E001-v2,tuning,E,e-s120-value-p1-b040-rejection128,tuning-grid-imbalanced-n4500,2026090603,radius,p95,187.63693820353066,m,valid
E001-v2,tuning,E,e-s120-value-p1-b040-rejection128,tuning-grid-imbalanced-n4500,2026090603,radius,p99,225.89007535510947,m,valid
E001-v2,tuning,E,e-s120-value-p1-b040-rejection128,tuning-grid-imbalanced-n4500,2026090603,radius,violations,0.0,count,valid
E001-v2,tuning,E,e-s120-value-p1-b040-rejection128,tuning-grid-imbalanced-n4500,2026090603,seam300,value,0.30315789473684207,ratio,valid
E001-v2,tuning,E,e-s120-value-p1-b040-rejection128,tuning-grid-imbalanced-n4500,2026090604,a4,value,0.030980838037300923,ratio,valid
E001-v2,tuning,E,e-s120-value-p1-b040-rejection128,tuning-grid-imbalanced-n4500,2026090604,radius,max,247.06723364809753,m,valid
E001-v2,tuning,E,e-s120-value-p1-b040-rejection128,tuning-grid-imbalanced-n4500,2026090604,radius,p50,98.99700220142157,m,valid
E001-v2,tuning,E,e-s120-value-p1-b040-rejection128,tuning-grid-imbalanced-n4500,2026090604,radius,p95,191.3896099675555,m,valid
E001-v2,tuning,E,e-s120-value-p1-b040-rejection128,tuning-grid-imbalanced-n4500,2026090604,radius,p99,223.2363732711289,m,valid
E001-v2,tuning,E,e-s120-value-p1-b040-rejection128,tuning-grid-imbalanced-n4500,2026090604,radius,violations,0.0,count,valid
E001-v2,tuning,E,e-s120-value-p1-b040-rejection128,tuning-grid-imbalanced-n4500,2026090604,seam300,value,0.4354449472096531,ratio,valid
E001-v2,tuning,E,e-s120-value-p1-b040-rejection128,tuning-grid-imbalanced-n4500,2026090605,a4,value,0.0,ratio,valid
E001-v2,tuning,E,e-s120-value-p1-b040-rejection128,tuning-grid-imbalanced-n4500,2026090605,radius,max,277.4483435207538,m,valid
E001-v2,tuning,E,e-s120-value-p1-b040-rejection128,tuning-grid-imbalanced-n4500,2026090605,radius,p50,97.77076933445714,m,valid
E001-v2,tuning,E,e-s120-value-p1-b040-rejection128,tuning-grid-imbalanced-n4500,2026090605,radius,p95,188.15993182553464,m,valid
E001-v2,tuning,E,e-s120-value-p1-b040-rejection128,tuning-grid-imbalanced-n4500,2026090605,radius,p99,216.38695472908773,m,valid
E001-v2,tuning,E,e-s120-value-p1-b040-rejection128,tuning-grid-imbalanced-n4500,2026090605,radius,violations,0.0,count,valid
E001-v2,tuning,E,e-s120-value-p1-b040-rejection128,tuning-grid-imbalanced-n4500,2026090605,seam300,value,0.15529615574987626,ratio,valid
E001-v2,tuning,E,e-s120-value-p1-b040-rejection128,tuning-single-n500,,a4,max,0.12783091472594063,ratio,valid
E001-v2,tuning,E,e-s120-value-p1-b040-rejection128,tuning-single-n500,,a4,median,0.06059856252719006,ratio,valid
E001-v2,tuning,E,e-s120-value-p1-b040-rejection128,tuning-single-n500,,a4,min,0.0,ratio,valid
E001-v2,tuning,E,e-s120-value-p1-b040-rejection128,tuning-single-n500,,hotspot50,cv,1.8894401287153835,ratio,valid
E001-v2,tuning,E,e-s120-value-p1-b040-rejection128,tuning-single-n500,,hotspot50,max,29.0,count,valid
E001-v2,tuning,E,e-s120-value-p1-b040-rejection128,tuning-single-n500,,hotspot50,p99,27.0,count,valid
E001-v2,tuning,E,e-s120-value-p1-b040-rejection128,tuning-single-n500,,neighbors10,value,1.96,count,valid
E001-v2,tuning,E,e-s120-value-p1-b040-rejection128,tuning-single-n500,,proximity16,value,0.904,ratio,valid
E001-v2,tuning,E,e-s120-value-p1-b040-rejection128,tuning-single-n500,,proximity24,value,0.966,ratio,valid
E001-v2,tuning,E,e-s120-value-p1-b040-rejection128,tuning-single-n500,,proximity8,value,0.646,ratio,valid
E001-v2,tuning,E,e-s120-value-p1-b040-rejection128,tuning-single-n500,,radialKs,max,0.07000000000000006,ratio,valid
E001-v2,tuning,E,e-s120-value-p1-b040-rejection128,tuning-single-n500,,radialKs,median,0.07,ratio,valid
E001-v2,tuning,E,e-s120-value-p1-b040-rejection128,tuning-single-n500,,radialKs,min,0.050000000000000044,ratio,valid
E001-v2,tuning,E,e-s120-value-p1-b040-rejection128,tuning-single-n500,,radius,max.max,264.38477759912854,m,valid
E001-v2,tuning,E,e-s120-value-p1-b040-rejection128,tuning-single-n500,,radius,max.median,238.23494327121574,m,valid
E001-v2,tuning,E,e-s120-value-p1-b040-rejection128,tuning-single-n500,,radius,max.min,212.8158773092968,m,valid
E001-v2,tuning,E,e-s120-value-p1-b040-rejection128,tuning-single-n500,,radius,p50.max,104.1094471370368,m,valid
E001-v2,tuning,E,e-s120-value-p1-b040-rejection128,tuning-single-n500,,radius,p50.median,92.75249198771665,m,valid
E001-v2,tuning,E,e-s120-value-p1-b040-rejection128,tuning-single-n500,,radius,p50.min,88.24457792320013,m,valid
E001-v2,tuning,E,e-s120-value-p1-b040-rejection128,tuning-single-n500,,radius,p95.max,203.5353627588223,m,valid
E001-v2,tuning,E,e-s120-value-p1-b040-rejection128,tuning-single-n500,,radius,p95.median,187.550046259564,m,valid
E001-v2,tuning,E,e-s120-value-p1-b040-rejection128,tuning-single-n500,,radius,p95.min,180.67204118617977,m,valid
E001-v2,tuning,E,e-s120-value-p1-b040-rejection128,tuning-single-n500,,radius,p99.max,245.9698003969161,m,valid
E001-v2,tuning,E,e-s120-value-p1-b040-rejection128,tuning-single-n500,,radius,p99.median,226.56651716302218,m,valid
E001-v2,tuning,E,e-s120-value-p1-b040-rejection128,tuning-single-n500,,radius,p99.min,199.31537015770854,m,valid
E001-v2,tuning,E,e-s120-value-p1-b040-rejection128,tuning-single-n500,,radius,violations.max,0.0,count,valid
E001-v2,tuning,E,e-s120-value-p1-b040-rejection128,tuning-single-n500,,radius,violations.median,0.0,count,valid
E001-v2,tuning,E,e-s120-value-p1-b040-rejection128,tuning-single-n500,,radius,violations.min,0.0,count,valid
E001-v2,tuning,E,e-s120-value-p1-b040-rejection128,tuning-single-n500,,samplerFailureCount,value,0.0,count,valid
E001-v2,tuning,E,e-s120-value-p1-b040-rejection128,tuning-single-n500,,seam300,max,0.9583333333333333,ratio,valid
E001-v2,tuning,E,e-s120-value-p1-b040-rejection128,tuning-single-n500,,seam300,median,0.7083333333333333,ratio,valid
E001-v2,tuning,E,e-s120-value-p1-b040-rejection128,tuning-single-n500,,seam300,min,0.5833333333333333,ratio,valid
E001-v2,tuning,E,e-s120-value-p1-b040-rejection128,tuning-single-n500,2026090601,a4,value,0.0,ratio,valid
E001-v2,tuning,E,e-s120-value-p1-b040-rejection128,tuning-single-n500,2026090601,radialKs,value,0.07,ratio,valid
E001-v2,tuning,E,e-s120-value-p1-b040-rejection128,tuning-single-n500,2026090601,radius,max,264.38477759912854,m,valid
E001-v2,tuning,E,e-s120-value-p1-b040-rejection128,tuning-single-n500,2026090601,radius,p50,103.91071902841995,m,valid
E001-v2,tuning,E,e-s120-value-p1-b040-rejection128,tuning-single-n500,2026090601,radius,p95,203.5353627588223,m,valid
E001-v2,tuning,E,e-s120-value-p1-b040-rejection128,tuning-single-n500,2026090601,radius,p99,245.9698003969161,m,valid
E001-v2,tuning,E,e-s120-value-p1-b040-rejection128,tuning-single-n500,2026090601,radius,violations,0.0,count,valid
E001-v2,tuning,E,e-s120-value-p1-b040-rejection128,tuning-single-n500,2026090601,seam300,value,0.9583333333333333,ratio,valid
E001-v2,tuning,E,e-s120-value-p1-b040-rejection128,tuning-single-n500,2026090602,a4,value,0.12783091472594063,ratio,valid
E001-v2,tuning,E,e-s120-value-p1-b040-rejection128,tuning-single-n500,2026090602,radialKs,value,0.07000000000000006,ratio,valid
E001-v2,tuning,E,e-s120-value-p1-b040-rejection128,tuning-single-n500,2026090602,radius,max,225.19461230184413,m,valid
E001-v2,tuning,E,e-s120-value-p1-b040-rejection128,tuning-single-n500,2026090602,radius,p50,104.1094471370368,m,valid
E001-v2,tuning,E,e-s120-value-p1-b040-rejection128,tuning-single-n500,2026090602,radius,p95,201.7408393494146,m,valid
E001-v2,tuning,E,e-s120-value-p1-b040-rejection128,tuning-single-n500,2026090602,radius,p99,219.53699942768847,m,valid
E001-v2,tuning,E,e-s120-value-p1-b040-rejection128,tuning-single-n500,2026090602,radius,violations,0.0,count,valid
E001-v2,tuning,E,e-s120-value-p1-b040-rejection128,tuning-single-n500,2026090602,seam300,value,0.5833333333333333,ratio,valid
E001-v2,tuning,E,e-s120-value-p1-b040-rejection128,tuning-single-n500,2026090603,a4,value,0.09770755935500593,ratio,valid
E001-v2,tuning,E,e-s120-value-p1-b040-rejection128,tuning-single-n500,2026090603,radialKs,value,0.06999999999999995,ratio,valid
E001-v2,tuning,E,e-s120-value-p1-b040-rejection128,tuning-single-n500,2026090603,radius,max,238.23494327121574,m,valid
E001-v2,tuning,E,e-s120-value-p1-b040-rejection128,tuning-single-n500,2026090603,radius,p50,92.75249198771665,m,valid
E001-v2,tuning,E,e-s120-value-p1-b040-rejection128,tuning-single-n500,2026090603,radius,p95,187.550046259564,m,valid
E001-v2,tuning,E,e-s120-value-p1-b040-rejection128,tuning-single-n500,2026090603,radius,p99,226.56651716302218,m,valid
E001-v2,tuning,E,e-s120-value-p1-b040-rejection128,tuning-single-n500,2026090603,radius,violations,0.0,count,valid
E001-v2,tuning,E,e-s120-value-p1-b040-rejection128,tuning-single-n500,2026090603,seam300,value,0.7083333333333333,ratio,valid
E001-v2,tuning,E,e-s120-value-p1-b040-rejection128,tuning-single-n500,2026090604,a4,value,0.06059856252719006,ratio,valid
E001-v2,tuning,E,e-s120-value-p1-b040-rejection128,tuning-single-n500,2026090604,radialKs,value,0.07000000000000006,ratio,valid
E001-v2,tuning,E,e-s120-value-p1-b040-rejection128,tuning-single-n500,2026090604,radius,max,244.22736603681926,m,valid
E001-v2,tuning,E,e-s120-value-p1-b040-rejection128,tuning-single-n500,2026090604,radius,p50,88.24457792320013,m,valid
E001-v2,tuning,E,e-s120-value-p1-b040-rejection128,tuning-single-n500,2026090604,radius,p95,180.67204118617977,m,valid
E001-v2,tuning,E,e-s120-value-p1-b040-rejection128,tuning-single-n500,2026090604,radius,p99,232.8816108101641,m,valid
E001-v2,tuning,E,e-s120-value-p1-b040-rejection128,tuning-single-n500,2026090604,radius,violations,0.0,count,valid
E001-v2,tuning,E,e-s120-value-p1-b040-rejection128,tuning-single-n500,2026090604,seam300,value,0.7,ratio,valid
E001-v2,tuning,E,e-s120-value-p1-b040-rejection128,tuning-single-n500,2026090605,a4,value,0.04975950756301234,ratio,valid
E001-v2,tuning,E,e-s120-value-p1-b040-rejection128,tuning-single-n500,2026090605,radialKs,value,0.050000000000000044,ratio,valid
E001-v2,tuning,E,e-s120-value-p1-b040-rejection128,tuning-single-n500,2026090605,radius,max,212.8158773092968,m,valid
E001-v2,tuning,E,e-s120-value-p1-b040-rejection128,tuning-single-n500,2026090605,radius,p50,92.13194140042833,m,valid
E001-v2,tuning,E,e-s120-value-p1-b040-rejection128,tuning-single-n500,2026090605,radius,p95,181.54841757936677,m,valid
E001-v2,tuning,E,e-s120-value-p1-b040-rejection128,tuning-single-n500,2026090605,radius,p99,199.31537015770854,m,valid
E001-v2,tuning,E,e-s120-value-p1-b040-rejection128,tuning-single-n500,2026090605,radius,violations,0.0,count,valid
E001-v2,tuning,E,e-s120-value-p1-b040-rejection128,tuning-single-n500,2026090605,seam300,value,0.7083333333333333,ratio,valid
E001-v2,tuning,E,e-s120-value-p1-b040-sir16,tuning-grid-imbalanced-n4500,,a4,max,0.03635121680599015,ratio,valid
E001-v2,tuning,E,e-s120-value-p1-b040-sir16,tuning-grid-imbalanced-n4500,,a4,median,0.0,ratio,valid
E001-v2,tuning,E,e-s120-value-p1-b040-sir16,tuning-grid-imbalanced-n4500,,a4,min,0.0,ratio,valid
E001-v2,tuning,E,e-s120-value-p1-b040-sir16,tuning-grid-imbalanced-n4500,,hotspot50,cv,1.393233170243469,ratio,valid
E001-v2,tuning,E,e-s120-value-p1-b040-sir16,tuning-grid-imbalanced-n4500,,hotspot50,max,66.0,count,valid
E001-v2,tuning,E,e-s120-value-p1-b040-sir16,tuning-grid-imbalanced-n4500,,hotspot50,p99,52.0,count,valid
E001-v2,tuning,E,e-s120-value-p1-b040-sir16,tuning-grid-imbalanced-n4500,,neighbors10,value,2.7968888888888888,count,valid
E001-v2,tuning,E,e-s120-value-p1-b040-sir16,tuning-grid-imbalanced-n4500,,proximity16,value,0.9524444444444444,ratio,valid
E001-v2,tuning,E,e-s120-value-p1-b040-sir16,tuning-grid-imbalanced-n4500,,proximity24,value,0.986,ratio,valid
E001-v2,tuning,E,e-s120-value-p1-b040-sir16,tuning-grid-imbalanced-n4500,,proximity8,value,0.7251111111111112,ratio,valid
E001-v2,tuning,E,e-s120-value-p1-b040-sir16,tuning-grid-imbalanced-n4500,,radius,max.max,260.6950340978667,m,valid
E001-v2,tuning,E,e-s120-value-p1-b040-sir16,tuning-grid-imbalanced-n4500,,radius,max.median,251.9781875235995,m,valid
E001-v2,tuning,E,e-s120-value-p1-b040-sir16,tuning-grid-imbalanced-n4500,,radius,max.min,244.5268507516374,m,valid
E001-v2,tuning,E,e-s120-value-p1-b040-sir16,tuning-grid-imbalanced-n4500,,radius,p50.max,98.06165009765404,m,valid
E001-v2,tuning,E,e-s120-value-p1-b040-sir16,tuning-grid-imbalanced-n4500,,radius,p50.median,96.59341154984241,m,valid
E001-v2,tuning,E,e-s120-value-p1-b040-sir16,tuning-grid-imbalanced-n4500,,radius,p50.min,94.24937864155918,m,valid
E001-v2,tuning,E,e-s120-value-p1-b040-sir16,tuning-grid-imbalanced-n4500,,radius,p95.max,192.50140385120778,m,valid
E001-v2,tuning,E,e-s120-value-p1-b040-sir16,tuning-grid-imbalanced-n4500,,radius,p95.median,189.41488331964723,m,valid
E001-v2,tuning,E,e-s120-value-p1-b040-sir16,tuning-grid-imbalanced-n4500,,radius,p95.min,186.09744411139735,m,valid
E001-v2,tuning,E,e-s120-value-p1-b040-sir16,tuning-grid-imbalanced-n4500,,radius,p99.max,231.82513042605376,m,valid
E001-v2,tuning,E,e-s120-value-p1-b040-sir16,tuning-grid-imbalanced-n4500,,radius,p99.median,224.33042454329748,m,valid
E001-v2,tuning,E,e-s120-value-p1-b040-sir16,tuning-grid-imbalanced-n4500,,radius,p99.min,219.3590706210696,m,valid
E001-v2,tuning,E,e-s120-value-p1-b040-sir16,tuning-grid-imbalanced-n4500,,radius,violations.max,0.0,count,valid
E001-v2,tuning,E,e-s120-value-p1-b040-sir16,tuning-grid-imbalanced-n4500,,radius,violations.median,0.0,count,valid
E001-v2,tuning,E,e-s120-value-p1-b040-sir16,tuning-grid-imbalanced-n4500,,radius,violations.min,0.0,count,valid
E001-v2,tuning,E,e-s120-value-p1-b040-sir16,tuning-grid-imbalanced-n4500,,samplerFailureCount,value,0.0,count,valid
E001-v2,tuning,E,e-s120-value-p1-b040-sir16,tuning-grid-imbalanced-n4500,,seam300,max,0.5738970588235295,ratio,valid
E001-v2,tuning,E,e-s120-value-p1-b040-sir16,tuning-grid-imbalanced-n4500,,seam300,median,0.32731284733573063,ratio,valid
E001-v2,tuning,E,e-s120-value-p1-b040-sir16,tuning-grid-imbalanced-n4500,,seam300,min,0.15160130718954248,ratio,valid
E001-v2,tuning,E,e-s120-value-p1-b040-sir16,tuning-grid-imbalanced-n4500,2026090601,a4,value,0.018204414881039854,ratio,valid
E001-v2,tuning,E,e-s120-value-p1-b040-sir16,tuning-grid-imbalanced-n4500,2026090601,radius,max,260.40206622840856,m,valid
E001-v2,tuning,E,e-s120-value-p1-b040-sir16,tuning-grid-imbalanced-n4500,2026090601,radius,p50,94.24937864155918,m,valid
E001-v2,tuning,E,e-s120-value-p1-b040-sir16,tuning-grid-imbalanced-n4500,2026090601,radius,p95,192.50140385120778,m,valid
E001-v2,tuning,E,e-s120-value-p1-b040-sir16,tuning-grid-imbalanced-n4500,2026090601,radius,p99,231.82513042605376,m,valid
E001-v2,tuning,E,e-s120-value-p1-b040-sir16,tuning-grid-imbalanced-n4500,2026090601,radius,violations,0.0,count,valid
E001-v2,tuning,E,e-s120-value-p1-b040-sir16,tuning-grid-imbalanced-n4500,2026090601,seam300,value,0.24018379281537175,ratio,valid
E001-v2,tuning,E,e-s120-value-p1-b040-sir16,tuning-grid-imbalanced-n4500,2026090602,a4,value,0.0,ratio,valid
E001-v2,tuning,E,e-s120-value-p1-b040-sir16,tuning-grid-imbalanced-n4500,2026090602,radius,max,247.52346658635568,m,valid
E001-v2,tuning,E,e-s120-value-p1-b040-sir16,tuning-grid-imbalanced-n4500,2026090602,radius,p50,96.59341154984241,m,valid
E001-v2,tuning,E,e-s120-value-p1-b040-sir16,tuning-grid-imbalanced-n4500,2026090602,radius,p95,189.41488331964723,m,valid
E001-v2,tuning,E,e-s120-value-p1-b040-sir16,tuning-grid-imbalanced-n4500,2026090602,radius,p99,225.87052973223115,m,valid
E001-v2,tuning,E,e-s120-value-p1-b040-sir16,tuning-grid-imbalanced-n4500,2026090602,radius,violations,0.0,count,valid
E001-v2,tuning,E,e-s120-value-p1-b040-sir16,tuning-grid-imbalanced-n4500,2026090602,seam300,value,0.5738970588235295,ratio,valid
E001-v2,tuning,E,e-s120-value-p1-b040-sir16,tuning-grid-imbalanced-n4500,2026090603,a4,value,0.03635121680599015,ratio,valid
E001-v2,tuning,E,e-s120-value-p1-b040-sir16,tuning-grid-imbalanced-n4500,2026090603,radius,max,251.9781875235995,m,valid
E001-v2,tuning,E,e-s120-value-p1-b040-sir16,tuning-grid-imbalanced-n4500,2026090603,radius,p50,98.06165009765404,m,valid
E001-v2,tuning,E,e-s120-value-p1-b040-sir16,tuning-grid-imbalanced-n4500,2026090603,radius,p95,191.34924740455065,m,valid
E001-v2,tuning,E,e-s120-value-p1-b040-sir16,tuning-grid-imbalanced-n4500,2026090603,radius,p99,219.3590706210696,m,valid
E001-v2,tuning,E,e-s120-value-p1-b040-sir16,tuning-grid-imbalanced-n4500,2026090603,radius,violations,0.0,count,valid
E001-v2,tuning,E,e-s120-value-p1-b040-sir16,tuning-grid-imbalanced-n4500,2026090603,seam300,value,0.32731284733573063,ratio,valid
E001-v2,tuning,E,e-s120-value-p1-b040-sir16,tuning-grid-imbalanced-n4500,2026090604,a4,value,0.0,ratio,valid
E001-v2,tuning,E,e-s120-value-p1-b040-sir16,tuning-grid-imbalanced-n4500,2026090604,radius,max,260.6950340978667,m,valid
E001-v2,tuning,E,e-s120-value-p1-b040-sir16,tuning-grid-imbalanced-n4500,2026090604,radius,p50,95.26394901978686,m,valid
E001-v2,tuning,E,e-s120-value-p1-b040-sir16,tuning-grid-imbalanced-n4500,2026090604,radius,p95,186.09744411139735,m,valid
E001-v2,tuning,E,e-s120-value-p1-b040-sir16,tuning-grid-imbalanced-n4500,2026090604,radius,p99,224.33042454329748,m,valid
E001-v2,tuning,E,e-s120-value-p1-b040-sir16,tuning-grid-imbalanced-n4500,2026090604,radius,violations,0.0,count,valid
E001-v2,tuning,E,e-s120-value-p1-b040-sir16,tuning-grid-imbalanced-n4500,2026090604,seam300,value,0.3296878560036455,ratio,valid
E001-v2,tuning,E,e-s120-value-p1-b040-sir16,tuning-grid-imbalanced-n4500,2026090605,a4,value,0.0,ratio,valid
E001-v2,tuning,E,e-s120-value-p1-b040-sir16,tuning-grid-imbalanced-n4500,2026090605,radius,max,244.5268507516374,m,valid
E001-v2,tuning,E,e-s120-value-p1-b040-sir16,tuning-grid-imbalanced-n4500,2026090605,radius,p50,98.05662557995527,m,valid
E001-v2,tuning,E,e-s120-value-p1-b040-sir16,tuning-grid-imbalanced-n4500,2026090605,radius,p95,188.6429501751618,m,valid
E001-v2,tuning,E,e-s120-value-p1-b040-sir16,tuning-grid-imbalanced-n4500,2026090605,radius,p99,222.10158914071582,m,valid
E001-v2,tuning,E,e-s120-value-p1-b040-sir16,tuning-grid-imbalanced-n4500,2026090605,radius,violations,0.0,count,valid
E001-v2,tuning,E,e-s120-value-p1-b040-sir16,tuning-grid-imbalanced-n4500,2026090605,seam300,value,0.15160130718954248,ratio,valid
E001-v2,tuning,E,e-s120-value-p1-b040-sir16,tuning-single-n500,,a4,max,0.11065745946545558,ratio,valid
E001-v2,tuning,E,e-s120-value-p1-b040-sir16,tuning-single-n500,,a4,median,0.0,ratio,valid
E001-v2,tuning,E,e-s120-value-p1-b040-sir16,tuning-single-n500,,a4,min,0.0,ratio,valid
E001-v2,tuning,E,e-s120-value-p1-b040-sir16,tuning-single-n500,,hotspot50,cv,1.8217705673327824,ratio,valid
E001-v2,tuning,E,e-s120-value-p1-b040-sir16,tuning-single-n500,,hotspot50,max,31.0,count,valid
E001-v2,tuning,E,e-s120-value-p1-b040-sir16,tuning-single-n500,,hotspot50,p99,26.0,count,valid
E001-v2,tuning,E,e-s120-value-p1-b040-sir16,tuning-single-n500,,neighbors10,value,1.892,count,valid
E001-v2,tuning,E,e-s120-value-p1-b040-sir16,tuning-single-n500,,proximity16,value,0.922,ratio,valid
E001-v2,tuning,E,e-s120-value-p1-b040-sir16,tuning-single-n500,,proximity24,value,0.956,ratio,valid
E001-v2,tuning,E,e-s120-value-p1-b040-sir16,tuning-single-n500,,proximity8,value,0.652,ratio,valid
E001-v2,tuning,E,e-s120-value-p1-b040-sir16,tuning-single-n500,,radialKs,max,0.18000000000000005,ratio,valid
E001-v2,tuning,E,e-s120-value-p1-b040-sir16,tuning-single-n500,,radialKs,median,0.09999999999999998,ratio,valid
E001-v2,tuning,E,e-s120-value-p1-b040-sir16,tuning-single-n500,,radialKs,min,0.060000000000000005,ratio,valid
E001-v2,tuning,E,e-s120-value-p1-b040-sir16,tuning-single-n500,,radius,max.max,247.39011235907736,m,valid
E001-v2,tuning,E,e-s120-value-p1-b040-sir16,tuning-single-n500,,radius,max.median,233.09654236074596,m,valid
E001-v2,tuning,E,e-s120-value-p1-b040-sir16,tuning-single-n500,,radius,max.min,218.38416879174773,m,valid
E001-v2,tuning,E,e-s120-value-p1-b040-sir16,tuning-single-n500,,radius,p50.max,111.87534518435305,m,valid
E001-v2,tuning,E,e-s120-value-p1-b040-sir16,tuning-single-n500,,radius,p50.median,95.27826745071489,m,valid
E001-v2,tuning,E,e-s120-value-p1-b040-sir16,tuning-single-n500,,radius,p50.min,91.00948570992932,m,valid
E001-v2,tuning,E,e-s120-value-p1-b040-sir16,tuning-single-n500,,radius,p95.max,196.47906193917717,m,valid
E001-v2,tuning,E,e-s120-value-p1-b040-sir16,tuning-single-n500,,radius,p95.median,191.40107022939122,m,valid
E001-v2,tuning,E,e-s120-value-p1-b040-sir16,tuning-single-n500,,radius,p95.min,182.1372193065513,m,valid
E001-v2,tuning,E,e-s120-value-p1-b040-sir16,tuning-single-n500,,radius,p99.max,228.45663756666616,m,valid
E001-v2,tuning,E,e-s120-value-p1-b040-sir16,tuning-single-n500,,radius,p99.median,210.7353247265832,m,valid
E001-v2,tuning,E,e-s120-value-p1-b040-sir16,tuning-single-n500,,radius,p99.min,203.72780584614486,m,valid
E001-v2,tuning,E,e-s120-value-p1-b040-sir16,tuning-single-n500,,radius,violations.max,0.0,count,valid
E001-v2,tuning,E,e-s120-value-p1-b040-sir16,tuning-single-n500,,radius,violations.median,0.0,count,valid
E001-v2,tuning,E,e-s120-value-p1-b040-sir16,tuning-single-n500,,radius,violations.min,0.0,count,valid
E001-v2,tuning,E,e-s120-value-p1-b040-sir16,tuning-single-n500,,samplerFailureCount,value,0.0,count,valid
E001-v2,tuning,E,e-s120-value-p1-b040-sir16,tuning-single-n500,,seam300,max,1.025,ratio,valid
E001-v2,tuning,E,e-s120-value-p1-b040-sir16,tuning-single-n500,,seam300,median,0.8011904761904762,ratio,valid
E001-v2,tuning,E,e-s120-value-p1-b040-sir16,tuning-single-n500,,seam300,min,0.45,ratio,valid
E001-v2,tuning,E,e-s120-value-p1-b040-sir16,tuning-single-n500,2026090601,a4,value,0.0,ratio,valid
E001-v2,tuning,E,e-s120-value-p1-b040-sir16,tuning-single-n500,2026090601,radialKs,value,0.16999999999999998,ratio,valid
E001-v2,tuning,E,e-s120-value-p1-b040-sir16,tuning-single-n500,2026090601,radius,max,228.4353096608731,m,valid
E001-v2,tuning,E,e-s120-value-p1-b040-sir16,tuning-single-n500,2026090601,radius,p50,91.21725610300494,m,valid
E001-v2,tuning,E,e-s120-value-p1-b040-sir16,tuning-single-n500,2026090601,radius,p95,196.47906193917717,m,valid
E001-v2,tuning,E,e-s120-value-p1-b040-sir16,tuning-single-n500,2026090601,radius,p99,203.72780584614486,m,valid
E001-v2,tuning,E,e-s120-value-p1-b040-sir16,tuning-single-n500,2026090601,radius,violations,0.0,count,valid
E001-v2,tuning,E,e-s120-value-p1-b040-sir16,tuning-single-n500,2026090601,seam300,value,0.8011904761904762,ratio,valid
E001-v2,tuning,E,e-s120-value-p1-b040-sir16,tuning-single-n500,2026090602,a4,value,0.0,ratio,valid
E001-v2,tuning,E,e-s120-value-p1-b040-sir16,tuning-single-n500,2026090602,radialKs,value,0.09999999999999998,ratio,valid
E001-v2,tuning,E,e-s120-value-p1-b040-sir16,tuning-single-n500,2026090602,radius,max,247.39011235907736,m,valid
E001-v2,tuning,E,e-s120-value-p1-b040-sir16,tuning-single-n500,2026090602,radius,p50,103.85292948896601,m,valid
E001-v2,tuning,E,e-s120-value-p1-b040-sir16,tuning-single-n500,2026090602,radius,p95,196.40409126035618,m,valid
E001-v2,tuning,E,e-s120-value-p1-b040-sir16,tuning-single-n500,2026090602,radius,p99,206.1484834889502,m,valid
E001-v2,tuning,E,e-s120-value-p1-b040-sir16,tuning-single-n500,2026090602,radius,violations,0.0,count,valid
E001-v2,tuning,E,e-s120-value-p1-b040-sir16,tuning-single-n500,2026090602,seam300,value,0.45,ratio,valid
E001-v2,tuning,E,e-s120-value-p1-b040-sir16,tuning-single-n500,2026090603,a4,value,0.0,ratio,valid
E001-v2,tuning,E,e-s120-value-p1-b040-sir16,tuning-single-n500,2026090603,radialKs,value,0.18000000000000005,ratio,valid
E001-v2,tuning,E,e-s120-value-p1-b040-sir16,tuning-single-n500,2026090603,radius,max,218.38416879174773,m,valid
E001-v2,tuning,E,e-s120-value-p1-b040-sir16,tuning-single-n500,2026090603,radius,p50,111.87534518435305,m,valid
E001-v2,tuning,E,e-s120-value-p1-b040-sir16,tuning-single-n500,2026090603,radius,p95,182.1372193065513,m,valid
E001-v2,tuning,E,e-s120-value-p1-b040-sir16,tuning-single-n500,2026090603,radius,p99,210.7353247265832,m,valid
E001-v2,tuning,E,e-s120-value-p1-b040-sir16,tuning-single-n500,2026090603,radius,violations,0.0,count,valid
E001-v2,tuning,E,e-s120-value-p1-b040-sir16,tuning-single-n500,2026090603,seam300,value,0.75,ratio,valid
E001-v2,tuning,E,e-s120-value-p1-b040-sir16,tuning-single-n500,2026090604,a4,value,0.0,ratio,valid
E001-v2,tuning,E,e-s120-value-p1-b040-sir16,tuning-single-n500,2026090604,radialKs,value,0.07999999999999996,ratio,valid
E001-v2,tuning,E,e-s120-value-p1-b040-sir16,tuning-single-n500,2026090604,radius,max,233.09654236074596,m,valid
E001-v2,tuning,E,e-s120-value-p1-b040-sir16,tuning-single-n500,2026090604,radius,p50,95.27826745071489,m,valid
E001-v2,tuning,E,e-s120-value-p1-b040-sir16,tuning-single-n500,2026090604,radius,p95,190.3824461659347,m,valid
E001-v2,tuning,E,e-s120-value-p1-b040-sir16,tuning-single-n500,2026090604,radius,p99,219.36254786040797,m,valid
E001-v2,tuning,E,e-s120-value-p1-b040-sir16,tuning-single-n500,2026090604,radius,violations,0.0,count,valid
E001-v2,tuning,E,e-s120-value-p1-b040-sir16,tuning-single-n500,2026090604,seam300,value,1.025,ratio,valid
E001-v2,tuning,E,e-s120-value-p1-b040-sir16,tuning-single-n500,2026090605,a4,value,0.11065745946545558,ratio,valid
E001-v2,tuning,E,e-s120-value-p1-b040-sir16,tuning-single-n500,2026090605,radialKs,value,0.060000000000000005,ratio,valid
E001-v2,tuning,E,e-s120-value-p1-b040-sir16,tuning-single-n500,2026090605,radius,max,233.6280045284237,m,valid
E001-v2,tuning,E,e-s120-value-p1-b040-sir16,tuning-single-n500,2026090605,radius,p50,91.00948570992932,m,valid
E001-v2,tuning,E,e-s120-value-p1-b040-sir16,tuning-single-n500,2026090605,radius,p95,191.40107022939122,m,valid
E001-v2,tuning,E,e-s120-value-p1-b040-sir16,tuning-single-n500,2026090605,radius,p99,228.45663756666616,m,valid
E001-v2,tuning,E,e-s120-value-p1-b040-sir16,tuning-single-n500,2026090605,radius,violations,0.0,count,valid
E001-v2,tuning,E,e-s120-value-p1-b040-sir16,tuning-single-n500,2026090605,seam300,value,1.0,ratio,valid
E001-v2,tuning,E,e-s120-value-p1-b040-sir32,tuning-grid-imbalanced-n4500,,a4,max,0.04503056895424955,ratio,valid
E001-v2,tuning,E,e-s120-value-p1-b040-sir32,tuning-grid-imbalanced-n4500,,a4,median,0.0,ratio,valid
E001-v2,tuning,E,e-s120-value-p1-b040-sir32,tuning-grid-imbalanced-n4500,,a4,min,0.0,ratio,valid
E001-v2,tuning,E,e-s120-value-p1-b040-sir32,tuning-grid-imbalanced-n4500,,hotspot50,cv,1.3718982793519674,ratio,valid
E001-v2,tuning,E,e-s120-value-p1-b040-sir32,tuning-grid-imbalanced-n4500,,hotspot50,max,64.0,count,valid
E001-v2,tuning,E,e-s120-value-p1-b040-sir32,tuning-grid-imbalanced-n4500,,hotspot50,p99,55.0,count,valid
E001-v2,tuning,E,e-s120-value-p1-b040-sir32,tuning-grid-imbalanced-n4500,,neighbors10,value,2.7133333333333334,count,valid
E001-v2,tuning,E,e-s120-value-p1-b040-sir32,tuning-grid-imbalanced-n4500,,proximity16,value,0.9517777777777777,ratio,valid
E001-v2,tuning,E,e-s120-value-p1-b040-sir32,tuning-grid-imbalanced-n4500,,proximity24,value,0.9877777777777778,ratio,valid
E001-v2,tuning,E,e-s120-value-p1-b040-sir32,tuning-grid-imbalanced-n4500,,proximity8,value,0.7131111111111111,ratio,valid
E001-v2,tuning,E,e-s120-value-p1-b040-sir32,tuning-grid-imbalanced-n4500,,radius,max.max,277.50610464130597,m,valid
E001-v2,tuning,E,e-s120-value-p1-b040-sir32,tuning-grid-imbalanced-n4500,,radius,max.median,260.41267294419583,m,valid
E001-v2,tuning,E,e-s120-value-p1-b040-sir32,tuning-grid-imbalanced-n4500,,radius,max.min,256.06353827126856,m,valid
E001-v2,tuning,E,e-s120-value-p1-b040-sir32,tuning-grid-imbalanced-n4500,,radius,p50.max,100.66773806230619,m,valid
E001-v2,tuning,E,e-s120-value-p1-b040-sir32,tuning-grid-imbalanced-n4500,,radius,p50.median,98.06671472065305,m,valid
E001-v2,tuning,E,e-s120-value-p1-b040-sir32,tuning-grid-imbalanced-n4500,,radius,p50.min,96.9719550949799,m,valid
E001-v2,tuning,E,e-s120-value-p1-b040-sir32,tuning-grid-imbalanced-n4500,,radius,p95.max,189.5633966490945,m,valid
E001-v2,tuning,E,e-s120-value-p1-b040-sir32,tuning-grid-imbalanced-n4500,,radius,p95.median,186.66189018885026,m,valid
E001-v2,tuning,E,e-s120-value-p1-b040-sir32,tuning-grid-imbalanced-n4500,,radius,p95.min,183.10727451952118,m,valid
E001-v2,tuning,E,e-s120-value-p1-b040-sir32,tuning-grid-imbalanced-n4500,,radius,p99.max,229.7901654679641,m,valid
E001-v2,tuning,E,e-s120-value-p1-b040-sir32,tuning-grid-imbalanced-n4500,,radius,p99.median,221.0652241040053,m,valid
E001-v2,tuning,E,e-s120-value-p1-b040-sir32,tuning-grid-imbalanced-n4500,,radius,p99.min,212.87441846896309,m,valid
E001-v2,tuning,E,e-s120-value-p1-b040-sir32,tuning-grid-imbalanced-n4500,,radius,violations.max,0.0,count,valid
E001-v2,tuning,E,e-s120-value-p1-b040-sir32,tuning-grid-imbalanced-n4500,,radius,violations.median,0.0,count,valid
E001-v2,tuning,E,e-s120-value-p1-b040-sir32,tuning-grid-imbalanced-n4500,,radius,violations.min,0.0,count,valid
E001-v2,tuning,E,e-s120-value-p1-b040-sir32,tuning-grid-imbalanced-n4500,,samplerFailureCount,value,0.0,count,valid
E001-v2,tuning,E,e-s120-value-p1-b040-sir32,tuning-grid-imbalanced-n4500,,seam300,max,0.6850597695218439,ratio,valid
E001-v2,tuning,E,e-s120-value-p1-b040-sir32,tuning-grid-imbalanced-n4500,,seam300,median,0.2786700206398349,ratio,valid
E001-v2,tuning,E,e-s120-value-p1-b040-sir32,tuning-grid-imbalanced-n4500,,seam300,min,0.14097744360902253,ratio,valid
E001-v2,tuning,E,e-s120-value-p1-b040-sir32,tuning-grid-imbalanced-n4500,2026090601,a4,value,0.0,ratio,valid
E001-v2,tuning,E,e-s120-value-p1-b040-sir32,tuning-grid-imbalanced-n4500,2026090601,radius,max,277.50610464130597,m,valid
E001-v2,tuning,E,e-s120-value-p1-b040-sir32,tuning-grid-imbalanced-n4500,2026090601,radius,p50,99.24636220590371,m,valid
E001-v2,tuning,E,e-s120-value-p1-b040-sir32,tuning-grid-imbalanced-n4500,2026090601,radius,p95,183.10727451952118,m,valid
E001-v2,tuning,E,e-s120-value-p1-b040-sir32,tuning-grid-imbalanced-n4500,2026090601,radius,p99,221.0652241040053,m,valid
E001-v2,tuning,E,e-s120-value-p1-b040-sir32,tuning-grid-imbalanced-n4500,2026090601,radius,violations,0.0,count,valid
E001-v2,tuning,E,e-s120-value-p1-b040-sir32,tuning-grid-imbalanced-n4500,2026090601,seam300,value,0.14097744360902253,ratio,valid
E001-v2,tuning,E,e-s120-value-p1-b040-sir32,tuning-grid-imbalanced-n4500,2026090602,a4,value,0.04503056895424955,ratio,valid
E001-v2,tuning,E,e-s120-value-p1-b040-sir32,tuning-grid-imbalanced-n4500,2026090602,radius,max,256.06353827126856,m,valid
E001-v2,tuning,E,e-s120-value-p1-b040-sir32,tuning-grid-imbalanced-n4500,2026090602,radius,p50,97.96060362330628,m,valid
E001-v2,tuning,E,e-s120-value-p1-b040-sir32,tuning-grid-imbalanced-n4500,2026090602,radius,p95,185.00336134405774,m,valid
E001-v2,tuning,E,e-s120-value-p1-b040-sir32,tuning-grid-imbalanced-n4500,2026090602,radius,p99,212.93681465780256,m,valid
E001-v2,tuning,E,e-s120-value-p1-b040-sir32,tuning-grid-imbalanced-n4500,2026090602,radius,violations,0.0,count,valid
E001-v2,tuning,E,e-s120-value-p1-b040-sir32,tuning-grid-imbalanced-n4500,2026090602,seam300,value,0.6850597695218439,ratio,valid
E001-v2,tuning,E,e-s120-value-p1-b040-sir32,tuning-grid-imbalanced-n4500,2026090603,a4,value,0.021413558013208028,ratio,valid
E001-v2,tuning,E,e-s120-value-p1-b040-sir32,tuning-grid-imbalanced-n4500,2026090603,radius,max,256.3916541090865,m,valid
E001-v2,tuning,E,e-s120-value-p1-b040-sir32,tuning-grid-imbalanced-n4500,2026090603,radius,p50,100.66773806230619,m,valid
E001-v2,tuning,E,e-s120-value-p1-b040-sir32,tuning-grid-imbalanced-n4500,2026090603,radius,p95,188.9462188276195,m,valid
E001-v2,tuning,E,e-s120-value-p1-b040-sir32,tuning-grid-imbalanced-n4500,2026090603,radius,p99,229.7901654679641,m,valid
E001-v2,tuning,E,e-s120-value-p1-b040-sir32,tuning-grid-imbalanced-n4500,2026090603,radius,violations,0.0,count,valid
E001-v2,tuning,E,e-s120-value-p1-b040-sir32,tuning-grid-imbalanced-n4500,2026090603,seam300,value,0.3211201298701299,ratio,valid
E001-v2,tuning,E,e-s120-value-p1-b040-sir32,tuning-grid-imbalanced-n4500,2026090604,a4,value,0.0,ratio,valid
E001-v2,tuning,E,e-s120-value-p1-b040-sir32,tuning-grid-imbalanced-n4500,2026090604,radius,max,260.41267294419583,m,valid
E001-v2,tuning,E,e-s120-value-p1-b040-sir32,tuning-grid-imbalanced-n4500,2026090604,radius,p50,96.9719550949799,m,valid
E001-v2,tuning,E,e-s120-value-p1-b040-sir32,tuning-grid-imbalanced-n4500,2026090604,radius,p95,189.5633966490945,m,valid
E001-v2,tuning,E,e-s120-value-p1-b040-sir32,tuning-grid-imbalanced-n4500,2026090604,radius,p99,222.66196939326292,m,valid
E001-v2,tuning,E,e-s120-value-p1-b040-sir32,tuning-grid-imbalanced-n4500,2026090604,radius,violations,0.0,count,valid
E001-v2,tuning,E,e-s120-value-p1-b040-sir32,tuning-grid-imbalanced-n4500,2026090604,seam300,value,0.19893162393162395,ratio,valid
E001-v2,tuning,E,e-s120-value-p1-b040-sir32,tuning-grid-imbalanced-n4500,2026090605,a4,value,0.0,ratio,valid
E001-v2,tuning,E,e-s120-value-p1-b040-sir32,tuning-grid-imbalanced-n4500,2026090605,radius,max,263.442388063703,m,valid
E001-v2,tuning,E,e-s120-value-p1-b040-sir32,tuning-grid-imbalanced-n4500,2026090605,radius,p50,98.06671472065305,m,valid
E001-v2,tuning,E,e-s120-value-p1-b040-sir32,tuning-grid-imbalanced-n4500,2026090605,radius,p95,186.66189018885026,m,valid
E001-v2,tuning,E,e-s120-value-p1-b040-sir32,tuning-grid-imbalanced-n4500,2026090605,radius,p99,212.87441846896309,m,valid
E001-v2,tuning,E,e-s120-value-p1-b040-sir32,tuning-grid-imbalanced-n4500,2026090605,radius,violations,0.0,count,valid
E001-v2,tuning,E,e-s120-value-p1-b040-sir32,tuning-grid-imbalanced-n4500,2026090605,seam300,value,0.2786700206398349,ratio,valid
E001-v2,tuning,E,e-s120-value-p1-b040-sir32,tuning-single-n500,,a4,max,0.11781137200990782,ratio,valid
E001-v2,tuning,E,e-s120-value-p1-b040-sir32,tuning-single-n500,,a4,median,0.0,ratio,valid
E001-v2,tuning,E,e-s120-value-p1-b040-sir32,tuning-single-n500,,a4,min,0.0,ratio,valid
E001-v2,tuning,E,e-s120-value-p1-b040-sir32,tuning-single-n500,,hotspot50,cv,1.8608729134468072,ratio,valid
E001-v2,tuning,E,e-s120-value-p1-b040-sir32,tuning-single-n500,,hotspot50,max,28.0,count,valid
E001-v2,tuning,E,e-s120-value-p1-b040-sir32,tuning-single-n500,,hotspot50,p99,26.0,count,valid
E001-v2,tuning,E,e-s120-value-p1-b040-sir32,tuning-single-n500,,neighbors10,value,2.08,count,valid
E001-v2,tuning,E,e-s120-value-p1-b040-sir32,tuning-single-n500,,proximity16,value,0.928,ratio,valid
E001-v2,tuning,E,e-s120-value-p1-b040-sir32,tuning-single-n500,,proximity24,value,0.964,ratio,valid
E001-v2,tuning,E,e-s120-value-p1-b040-sir32,tuning-single-n500,,proximity8,value,0.698,ratio,valid
E001-v2,tuning,E,e-s120-value-p1-b040-sir32,tuning-single-n500,,radialKs,max,0.16000000000000003,ratio,valid
E001-v2,tuning,E,e-s120-value-p1-b040-sir32,tuning-single-n500,,radialKs,median,0.10999999999999999,ratio,valid
E001-v2,tuning,E,e-s120-value-p1-b040-sir32,tuning-single-n500,,radialKs,min,0.08000000000000002,ratio,valid
E001-v2,tuning,E,e-s120-value-p1-b040-sir32,tuning-single-n500,,radius,max.max,240.5227483034383,m,valid
E001-v2,tuning,E,e-s120-value-p1-b040-sir32,tuning-single-n500,,radius,max.median,231.28586068857805,m,valid
E001-v2,tuning,E,e-s120-value-p1-b040-sir32,tuning-single-n500,,radius,max.min,189.67392365157707,m,valid
E001-v2,tuning,E,e-s120-value-p1-b040-sir32,tuning-single-n500,,radius,p50.max,101.28965935461325,m,valid
E001-v2,tuning,E,e-s120-value-p1-b040-sir32,tuning-single-n500,,radius,p50.median,95.27826745071489,m,valid
E001-v2,tuning,E,e-s120-value-p1-b040-sir32,tuning-single-n500,,radius,p50.min,88.19115809233155,m,valid
E001-v2,tuning,E,e-s120-value-p1-b040-sir32,tuning-single-n500,,radius,p95.max,186.80876279287523,m,valid
E001-v2,tuning,E,e-s120-value-p1-b040-sir32,tuning-single-n500,,radius,p95.median,182.34701988518154,m,valid
E001-v2,tuning,E,e-s120-value-p1-b040-sir32,tuning-single-n500,,radius,p95.min,171.68716552072692,m,valid
E001-v2,tuning,E,e-s120-value-p1-b040-sir32,tuning-single-n500,,radius,p99.max,220.9960184443913,m,valid
E001-v2,tuning,E,e-s120-value-p1-b040-sir32,tuning-single-n500,,radius,p99.median,204.48883389037718,m,valid
E001-v2,tuning,E,e-s120-value-p1-b040-sir32,tuning-single-n500,,radius,p99.min,187.67812322945161,m,valid
E001-v2,tuning,E,e-s120-value-p1-b040-sir32,tuning-single-n500,,radius,violations.max,0.0,count,valid
E001-v2,tuning,E,e-s120-value-p1-b040-sir32,tuning-single-n500,,radius,violations.median,0.0,count,valid
E001-v2,tuning,E,e-s120-value-p1-b040-sir32,tuning-single-n500,,radius,violations.min,0.0,count,valid
E001-v2,tuning,E,e-s120-value-p1-b040-sir32,tuning-single-n500,,samplerFailureCount,value,0.0,count,valid
E001-v2,tuning,E,e-s120-value-p1-b040-sir32,tuning-single-n500,,seam300,max,1.0583333333333333,ratio,valid
E001-v2,tuning,E,e-s120-value-p1-b040-sir32,tuning-single-n500,,seam300,median,0.7833333333333333,ratio,valid
E001-v2,tuning,E,e-s120-value-p1-b040-sir32,tuning-single-n500,,seam300,min,0.3333333333333333,ratio,valid
E001-v2,tuning,E,e-s120-value-p1-b040-sir32,tuning-single-n500,2026090601,a4,value,0.11781137200990782,ratio,valid
E001-v2,tuning,E,e-s120-value-p1-b040-sir32,tuning-single-n500,2026090601,radialKs,value,0.16000000000000003,ratio,valid
E001-v2,tuning,E,e-s120-value-p1-b040-sir32,tuning-single-n500,2026090601,radius,max,237.5394568143986,m,valid
E001-v2,tuning,E,e-s120-value-p1-b040-sir32,tuning-single-n500,2026090601,radius,p50,89.39248280646223,m,valid
E001-v2,tuning,E,e-s120-value-p1-b040-sir32,tuning-single-n500,2026090601,radius,p95,186.80876279287523,m,valid
E001-v2,tuning,E,e-s120-value-p1-b040-sir32,tuning-single-n500,2026090601,radius,p99,204.48883389037718,m,valid
E001-v2,tuning,E,e-s120-value-p1-b040-sir32,tuning-single-n500,2026090601,radius,violations,0.0,count,valid
E001-v2,tuning,E,e-s120-value-p1-b040-sir32,tuning-single-n500,2026090601,seam300,value,0.3333333333333333,ratio,valid
E001-v2,tuning,E,e-s120-value-p1-b040-sir32,tuning-single-n500,2026090602,a4,value,0.0,ratio,valid
E001-v2,tuning,E,e-s120-value-p1-b040-sir32,tuning-single-n500,2026090602,radialKs,value,0.08000000000000007,ratio,valid
E001-v2,tuning,E,e-s120-value-p1-b040-sir32,tuning-single-n500,2026090602,radius,max,231.28586068857805,m,valid
E001-v2,tuning,E,e-s120-value-p1-b040-sir32,tuning-single-n500,2026090602,radius,p50,101.28965935461325,m,valid
E001-v2,tuning,E,e-s120-value-p1-b040-sir32,tuning-single-n500,2026090602,radius,p95,182.34701988518154,m,valid
E001-v2,tuning,E,e-s120-value-p1-b040-sir32,tuning-single-n500,2026090602,radius,p99,220.9960184443913,m,valid
E001-v2,tuning,E,e-s120-value-p1-b040-sir32,tuning-single-n500,2026090602,radius,violations,0.0,count,valid
E001-v2,tuning,E,e-s120-value-p1-b040-sir32,tuning-single-n500,2026090602,seam300,value,0.7833333333333333,ratio,valid
E001-v2,tuning,E,e-s120-value-p1-b040-sir32,tuning-single-n500,2026090603,a4,value,0.0,ratio,valid
E001-v2,tuning,E,e-s120-value-p1-b040-sir32,tuning-single-n500,2026090603,radialKs,value,0.12,ratio,valid
E001-v2,tuning,E,e-s120-value-p1-b040-sir32,tuning-single-n500,2026090603,radius,max,189.67392365157707,m,valid
E001-v2,tuning,E,e-s120-value-p1-b040-sir32,tuning-single-n500,2026090603,radius,p50,98.50199017478202,m,valid
E001-v2,tuning,E,e-s120-value-p1-b040-sir32,tuning-single-n500,2026090603,radius,p95,178.6668823486838,m,valid
E001-v2,tuning,E,e-s120-value-p1-b040-sir32,tuning-single-n500,2026090603,radius,p99,187.67812322945161,m,valid
E001-v2,tuning,E,e-s120-value-p1-b040-sir32,tuning-single-n500,2026090603,radius,violations,0.0,count,valid
E001-v2,tuning,E,e-s120-value-p1-b040-sir32,tuning-single-n500,2026090603,seam300,value,0.45,ratio,valid
E001-v2,tuning,E,e-s120-value-p1-b040-sir32,tuning-single-n500,2026090604,a4,value,0.0473416206018634,ratio,valid
E001-v2,tuning,E,e-s120-value-p1-b040-sir32,tuning-single-n500,2026090604,radialKs,value,0.08000000000000002,ratio,valid
E001-v2,tuning,E,e-s120-value-p1-b040-sir32,tuning-single-n500,2026090604,radius,max,240.5227483034383,m,valid
E001-v2,tuning,E,e-s120-value-p1-b040-sir32,tuning-single-n500,2026090604,radius,p50,95.27826745071489,m,valid
E001-v2,tuning,E,e-s120-value-p1-b040-sir32,tuning-single-n500,2026090604,radius,p95,184.6099451088666,m,valid
E001-v2,tuning,E,e-s120-value-p1-b040-sir32,tuning-single-n500,2026090604,radius,p99,198.22442148967957,m,valid
E001-v2,tuning,E,e-s120-value-p1-b040-sir32,tuning-single-n500,2026090604,radius,violations,0.0,count,valid
E001-v2,tuning,E,e-s120-value-p1-b040-sir32,tuning-single-n500,2026090604,seam300,value,0.825,ratio,valid
E001-v2,tuning,E,e-s120-value-p1-b040-sir32,tuning-single-n500,2026090605,a4,value,0.0,ratio,valid
E001-v2,tuning,E,e-s120-value-p1-b040-sir32,tuning-single-n500,2026090605,radialKs,value,0.10999999999999999,ratio,valid
E001-v2,tuning,E,e-s120-value-p1-b040-sir32,tuning-single-n500,2026090605,radius,max,228.23088269563536,m,valid
E001-v2,tuning,E,e-s120-value-p1-b040-sir32,tuning-single-n500,2026090605,radius,p50,88.19115809233155,m,valid
E001-v2,tuning,E,e-s120-value-p1-b040-sir32,tuning-single-n500,2026090605,radius,p95,171.68716552072692,m,valid
E001-v2,tuning,E,e-s120-value-p1-b040-sir32,tuning-single-n500,2026090605,radius,p99,218.67538942516137,m,valid
E001-v2,tuning,E,e-s120-value-p1-b040-sir32,tuning-single-n500,2026090605,radius,violations,0.0,count,valid
E001-v2,tuning,E,e-s120-value-p1-b040-sir32,tuning-single-n500,2026090605,seam300,value,1.0583333333333333,ratio,valid
E001-v2,tuning,E,e-s120-value-p1-b070-rejection128,tuning-grid-imbalanced-n4500,,a4,max,0.039560874622073174,ratio,valid
E001-v2,tuning,E,e-s120-value-p1-b070-rejection128,tuning-grid-imbalanced-n4500,,a4,median,0.029946723420122903,ratio,valid
E001-v2,tuning,E,e-s120-value-p1-b070-rejection128,tuning-grid-imbalanced-n4500,,a4,min,0.0,ratio,valid
E001-v2,tuning,E,e-s120-value-p1-b070-rejection128,tuning-grid-imbalanced-n4500,,hotspot50,cv,1.4054699490838565,ratio,valid
E001-v2,tuning,E,e-s120-value-p1-b070-rejection128,tuning-grid-imbalanced-n4500,,hotspot50,max,69.0,count,valid
E001-v2,tuning,E,e-s120-value-p1-b070-rejection128,tuning-grid-imbalanced-n4500,,hotspot50,p99,56.0,count,valid
E001-v2,tuning,E,e-s120-value-p1-b070-rejection128,tuning-grid-imbalanced-n4500,,neighbors10,value,2.907111111111111,count,valid
E001-v2,tuning,E,e-s120-value-p1-b070-rejection128,tuning-grid-imbalanced-n4500,,proximity16,value,0.946,ratio,valid
E001-v2,tuning,E,e-s120-value-p1-b070-rejection128,tuning-grid-imbalanced-n4500,,proximity24,value,0.9837777777777778,ratio,valid
E001-v2,tuning,E,e-s120-value-p1-b070-rejection128,tuning-grid-imbalanced-n4500,,proximity8,value,0.7293333333333333,ratio,valid
E001-v2,tuning,E,e-s120-value-p1-b070-rejection128,tuning-grid-imbalanced-n4500,,radius,max.max,258.056295668152,m,valid
E001-v2,tuning,E,e-s120-value-p1-b070-rejection128,tuning-grid-imbalanced-n4500,,radius,max.median,250.90877098549203,m,valid
E001-v2,tuning,E,e-s120-value-p1-b070-rejection128,tuning-grid-imbalanced-n4500,,radius,max.min,244.27158074725745,m,valid
E001-v2,tuning,E,e-s120-value-p1-b070-rejection128,tuning-grid-imbalanced-n4500,,radius,p50.max,99.77223871132992,m,valid
E001-v2,tuning,E,e-s120-value-p1-b070-rejection128,tuning-grid-imbalanced-n4500,,radius,p50.median,97.38374137704831,m,valid
E001-v2,tuning,E,e-s120-value-p1-b070-rejection128,tuning-grid-imbalanced-n4500,,radius,p50.min,93.19233003611414,m,valid
E001-v2,tuning,E,e-s120-value-p1-b070-rejection128,tuning-grid-imbalanced-n4500,,radius,p95.max,191.02296052098708,m,valid
E001-v2,tuning,E,e-s120-value-p1-b070-rejection128,tuning-grid-imbalanced-n4500,,radius,p95.median,187.92632053253874,m,valid
E001-v2,tuning,E,e-s120-value-p1-b070-rejection128,tuning-grid-imbalanced-n4500,,radius,p95.min,185.91294410737726,m,valid
E001-v2,tuning,E,e-s120-value-p1-b070-rejection128,tuning-grid-imbalanced-n4500,,radius,p99.max,229.41470516533363,m,valid
E001-v2,tuning,E,e-s120-value-p1-b070-rejection128,tuning-grid-imbalanced-n4500,,radius,p99.median,222.71961415067662,m,valid
E001-v2,tuning,E,e-s120-value-p1-b070-rejection128,tuning-grid-imbalanced-n4500,,radius,p99.min,216.73336918985464,m,valid
E001-v2,tuning,E,e-s120-value-p1-b070-rejection128,tuning-grid-imbalanced-n4500,,radius,violations.max,0.0,count,valid
E001-v2,tuning,E,e-s120-value-p1-b070-rejection128,tuning-grid-imbalanced-n4500,,radius,violations.median,0.0,count,valid
E001-v2,tuning,E,e-s120-value-p1-b070-rejection128,tuning-grid-imbalanced-n4500,,radius,violations.min,0.0,count,valid
E001-v2,tuning,E,e-s120-value-p1-b070-rejection128,tuning-grid-imbalanced-n4500,,samplerFailureCount,value,0.0,count,valid
E001-v2,tuning,E,e-s120-value-p1-b070-rejection128,tuning-grid-imbalanced-n4500,,seam300,max,0.4195728840125392,ratio,valid
E001-v2,tuning,E,e-s120-value-p1-b070-rejection128,tuning-grid-imbalanced-n4500,,seam300,median,0.32697378193701726,ratio,valid
E001-v2,tuning,E,e-s120-value-p1-b070-rejection128,tuning-grid-imbalanced-n4500,,seam300,min,0.22898809523809524,ratio,valid
E001-v2,tuning,E,e-s120-value-p1-b070-rejection128,tuning-grid-imbalanced-n4500,2026090601,a4,value,0.03314249165808697,ratio,valid
E001-v2,tuning,E,e-s120-value-p1-b070-rejection128,tuning-grid-imbalanced-n4500,2026090601,radius,max,248.66016807626067,m,valid
E001-v2,tuning,E,e-s120-value-p1-b070-rejection128,tuning-grid-imbalanced-n4500,2026090601,radius,p50,93.19233003611414,m,valid
E001-v2,tuning,E,e-s120-value-p1-b070-rejection128,tuning-grid-imbalanced-n4500,2026090601,radius,p95,190.2577029830298,m,valid
E001-v2,tuning,E,e-s120-value-p1-b070-rejection128,tuning-grid-imbalanced-n4500,2026090601,radius,p99,222.2926512935273,m,valid
E001-v2,tuning,E,e-s120-value-p1-b070-rejection128,tuning-grid-imbalanced-n4500,2026090601,radius,violations,0.0,count,valid
E001-v2,tuning,E,e-s120-value-p1-b070-rejection128,tuning-grid-imbalanced-n4500,2026090601,seam300,value,0.348343685300207,ratio,valid
E001-v2,tuning,E,e-s120-value-p1-b070-rejection128,tuning-grid-imbalanced-n4500,2026090602,a4,value,0.039560874622073174,ratio,valid
E001-v2,tuning,E,e-s120-value-p1-b070-rejection128,tuning-grid-imbalanced-n4500,2026090602,radius,max,244.27158074725745,m,valid
E001-v2,tuning,E,e-s120-value-p1-b070-rejection128,tuning-grid-imbalanced-n4500,2026090602,radius,p50,99.77223871132992,m,valid
E001-v2,tuning,E,e-s120-value-p1-b070-rejection128,tuning-grid-imbalanced-n4500,2026090602,radius,p95,191.02296052098708,m,valid
E001-v2,tuning,E,e-s120-value-p1-b070-rejection128,tuning-grid-imbalanced-n4500,2026090602,radius,p99,223.44074307744322,m,valid
E001-v2,tuning,E,e-s120-value-p1-b070-rejection128,tuning-grid-imbalanced-n4500,2026090602,radius,violations,0.0,count,valid
E001-v2,tuning,E,e-s120-value-p1-b070-rejection128,tuning-grid-imbalanced-n4500,2026090602,seam300,value,0.3172805958132045,ratio,valid
E001-v2,tuning,E,e-s120-value-p1-b070-rejection128,tuning-grid-imbalanced-n4500,2026090603,a4,value,0.029946723420122903,ratio,valid
E001-v2,tuning,E,e-s120-value-p1-b070-rejection128,tuning-grid-imbalanced-n4500,2026090603,radius,max,258.056295668152,m,valid
E001-v2,tuning,E,e-s120-value-p1-b070-rejection128,tuning-grid-imbalanced-n4500,2026090603,radius,p50,96.00652601426276,m,valid
E001-v2,tuning,E,e-s120-value-p1-b070-rejection128,tuning-grid-imbalanced-n4500,2026090603,radius,p95,187.55753803170577,m,valid
E001-v2,tuning,E,e-s120-value-p1-b070-rejection128,tuning-grid-imbalanced-n4500,2026090603,radius,p99,222.71961415067662,m,valid
E001-v2,tuning,E,e-s120-value-p1-b070-rejection128,tuning-grid-imbalanced-n4500,2026090603,radius,violations,0.0,count,valid
E001-v2,tuning,E,e-s120-value-p1-b070-rejection128,tuning-grid-imbalanced-n4500,2026090603,seam300,value,0.32697378193701726,ratio,valid
E001-v2,tuning,E,e-s120-value-p1-b070-rejection128,tuning-grid-imbalanced-n4500,2026090604,a4,value,0.0,ratio,valid
E001-v2,tuning,E,e-s120-value-p1-b070-rejection128,tuning-grid-imbalanced-n4500,2026090604,radius,max,250.90877098549203,m,valid
E001-v2,tuning,E,e-s120-value-p1-b070-rejection128,tuning-grid-imbalanced-n4500,2026090604,radius,p50,99.11602068200258,m,valid
E001-v2,tuning,E,e-s120-value-p1-b070-rejection128,tuning-grid-imbalanced-n4500,2026090604,radius,p95,185.91294410737726,m,valid
E001-v2,tuning,E,e-s120-value-p1-b070-rejection128,tuning-grid-imbalanced-n4500,2026090604,radius,p99,229.41470516533363,m,valid
E001-v2,tuning,E,e-s120-value-p1-b070-rejection128,tuning-grid-imbalanced-n4500,2026090604,radius,violations,0.0,count,valid
E001-v2,tuning,E,e-s120-value-p1-b070-rejection128,tuning-grid-imbalanced-n4500,2026090604,seam300,value,0.4195728840125392,ratio,valid
E001-v2,tuning,E,e-s120-value-p1-b070-rejection128,tuning-grid-imbalanced-n4500,2026090605,a4,value,0.0,ratio,valid
E001-v2,tuning,E,e-s120-value-p1-b070-rejection128,tuning-grid-imbalanced-n4500,2026090605,radius,max,252.75942696741177,m,valid
E001-v2,tuning,E,e-s120-value-p1-b070-rejection128,tuning-grid-imbalanced-n4500,2026090605,radius,p50,97.38374137704831,m,valid
E001-v2,tuning,E,e-s120-value-p1-b070-rejection128,tuning-grid-imbalanced-n4500,2026090605,radius,p95,187.92632053253874,m,valid
E001-v2,tuning,E,e-s120-value-p1-b070-rejection128,tuning-grid-imbalanced-n4500,2026090605,radius,p99,216.73336918985464,m,valid
E001-v2,tuning,E,e-s120-value-p1-b070-rejection128,tuning-grid-imbalanced-n4500,2026090605,radius,violations,0.0,count,valid
E001-v2,tuning,E,e-s120-value-p1-b070-rejection128,tuning-grid-imbalanced-n4500,2026090605,seam300,value,0.22898809523809524,ratio,valid
E001-v2,tuning,E,e-s120-value-p1-b070-rejection128,tuning-single-n500,,a4,max,0.12308373088772565,ratio,valid
E001-v2,tuning,E,e-s120-value-p1-b070-rejection128,tuning-single-n500,,a4,median,0.0,ratio,valid
E001-v2,tuning,E,e-s120-value-p1-b070-rejection128,tuning-single-n500,,a4,min,0.0,ratio,valid
E001-v2,tuning,E,e-s120-value-p1-b070-rejection128,tuning-single-n500,,hotspot50,cv,1.8661275411932614,ratio,valid
E001-v2,tuning,E,e-s120-value-p1-b070-rejection128,tuning-single-n500,,hotspot50,max,28.0,count,valid
E001-v2,tuning,E,e-s120-value-p1-b070-rejection128,tuning-single-n500,,hotspot50,p99,27.0,count,valid
E001-v2,tuning,E,e-s120-value-p1-b070-rejection128,tuning-single-n500,,neighbors10,value,1.912,count,valid
E001-v2,tuning,E,e-s120-value-p1-b070-rejection128,tuning-single-n500,,proximity16,value,0.914,ratio,valid
E001-v2,tuning,E,e-s120-value-p1-b070-rejection128,tuning-single-n500,,proximity24,value,0.968,ratio,valid
E001-v2,tuning,E,e-s120-value-p1-b070-rejection128,tuning-single-n500,,proximity8,value,0.652,ratio,valid
E001-v2,tuning,E,e-s120-value-p1-b070-rejection128,tuning-single-n500,,radialKs,max,0.10999999999999999,ratio,valid
E001-v2,tuning,E,e-s120-value-p1-b070-rejection128,tuning-single-n500,,radialKs,median,0.09000000000000008,ratio,valid
E001-v2,tuning,E,e-s120-value-p1-b070-rejection128,tuning-single-n500,,radialKs,min,0.07000000000000006,ratio,valid
E001-v2,tuning,E,e-s120-value-p1-b070-rejection128,tuning-single-n500,,radius,max.max,264.38477759912854,m,valid
E001-v2,tuning,E,e-s120-value-p1-b070-rejection128,tuning-single-n500,,radius,max.median,244.22736603681926,m,valid
E001-v2,tuning,E,e-s120-value-p1-b070-rejection128,tuning-single-n500,,radius,max.min,225.19461230184413,m,valid
E001-v2,tuning,E,e-s120-value-p1-b070-rejection128,tuning-single-n500,,radius,p50.max,109.26083947653413,m,valid
E001-v2,tuning,E,e-s120-value-p1-b070-rejection128,tuning-single-n500,,radius,p50.median,101.05580567666554,m,valid
E001-v2,tuning,E,e-s120-value-p1-b070-rejection128,tuning-single-n500,,radius,p50.min,91.34593689428813,m,valid
E001-v2,tuning,E,e-s120-value-p1-b070-rejection128,tuning-single-n500,,radius,p95.max,206.15483362157897,m,valid
E001-v2,tuning,E,e-s120-value-p1-b070-rejection128,tuning-single-n500,,radius,p95.median,181.54841757936677,m,valid
E001-v2,tuning,E,e-s120-value-p1-b070-rejection128,tuning-single-n500,,radius,p95.min,171.18569116418672,m,valid
E001-v2,tuning,E,e-s120-value-p1-b070-rejection128,tuning-single-n500,,radius,p99.max,245.9698003969161,m,valid
E001-v2,tuning,E,e-s120-value-p1-b070-rejection128,tuning-single-n500,,radius,p99.median,212.8158773092968,m,valid
E001-v2,tuning,E,e-s120-value-p1-b070-rejection128,tuning-single-n500,,radius,p99.min,202.99682783251583,m,valid
E001-v2,tuning,E,e-s120-value-p1-b070-rejection128,tuning-single-n500,,radius,violations.max,0.0,count,valid
E001-v2,tuning,E,e-s120-value-p1-b070-rejection128,tuning-single-n500,,radius,violations.median,0.0,count,valid
E001-v2,tuning,E,e-s120-value-p1-b070-rejection128,tuning-single-n500,,radius,violations.min,0.0,count,valid
E001-v2,tuning,E,e-s120-value-p1-b070-rejection128,tuning-single-n500,,samplerFailureCount,value,0.0,count,valid
E001-v2,tuning,E,e-s120-value-p1-b070-rejection128,tuning-single-n500,,seam300,max,1.0833333333333333,ratio,valid
E001-v2,tuning,E,e-s120-value-p1-b070-rejection128,tuning-single-n500,,seam300,median,0.7083333333333333,ratio,valid
E001-v2,tuning,E,e-s120-value-p1-b070-rejection128,tuning-single-n500,,seam300,min,0.325,ratio,valid
E001-v2,tuning,E,e-s120-value-p1-b070-rejection128,tuning-single-n500,2026090601,a4,value,0.12308373088772565,ratio,valid
E001-v2,tuning,E,e-s120-value-p1-b070-rejection128,tuning-single-n500,2026090601,radialKs,value,0.09000000000000008,ratio,valid
E001-v2,tuning,E,e-s120-value-p1-b070-rejection128,tuning-single-n500,2026090601,radius,max,264.38477759912854,m,valid
E001-v2,tuning,E,e-s120-value-p1-b070-rejection128,tuning-single-n500,2026090601,radius,p50,101.05580567666554,m,valid
E001-v2,tuning,E,e-s120-value-p1-b070-rejection128,tuning-single-n500,2026090601,radius,p95,201.21719613710226,m,valid
E001-v2,tuning,E,e-s120-value-p1-b070-rejection128,tuning-single-n500,2026090601,radius,p99,245.9698003969161,m,valid
E001-v2,tuning,E,e-s120-value-p1-b070-rejection128,tuning-single-n500,2026090601,radius,violations,0.0,count,valid
E001-v2,tuning,E,e-s120-value-p1-b070-rejection128,tuning-single-n500,2026090601,seam300,value,0.7083333333333333,ratio,valid
E001-v2,tuning,E,e-s120-value-p1-b070-rejection128,tuning-single-n500,2026090602,a4,value,0.0,ratio,valid
E001-v2,tuning,E,e-s120-value-p1-b070-rejection128,tuning-single-n500,2026090602,radialKs,value,0.07000000000000006,ratio,valid
E001-v2,tuning,E,e-s120-value-p1-b070-rejection128,tuning-single-n500,2026090602,radius,max,225.19461230184413,m,valid
E001-v2,tuning,E,e-s120-value-p1-b070-rejection128,tuning-single-n500,2026090602,radius,p50,109.26083947653413,m,valid
E001-v2,tuning,E,e-s120-value-p1-b070-rejection128,tuning-single-n500,2026090602,radius,p95,206.15483362157897,m,valid
E001-v2,tuning,E,e-s120-value-p1-b070-rejection128,tuning-single-n500,2026090602,radius,p99,219.53699942768847,m,valid
E001-v2,tuning,E,e-s120-value-p1-b070-rejection128,tuning-single-n500,2026090602,radius,violations,0.0,count,valid
E001-v2,tuning,E,e-s120-value-p1-b070-rejection128,tuning-single-n500,2026090602,seam300,value,0.325,ratio,valid
E001-v2,tuning,E,e-s120-value-p1-b070-rejection128,tuning-single-n500,2026090603,a4,value,0.0,ratio,valid
E001-v2,tuning,E,e-s120-value-p1-b070-rejection128,tuning-single-n500,2026090603,radialKs,value,0.07999999999999996,ratio,valid
E001-v2,tuning,E,e-s120-value-p1-b070-rejection128,tuning-single-n500,2026090603,radius,max,238.23494327121574,m,valid
E001-v2,tuning,E,e-s120-value-p1-b070-rejection128,tuning-single-n500,2026090603,radius,p50,95.01677711724153,m,valid
E001-v2,tuning,E,e-s120-value-p1-b070-rejection128,tuning-single-n500,2026090603,radius,p95,175.5530953899543,m,valid
E001-v2,tuning,E,e-s120-value-p1-b070-rejection128,tuning-single-n500,2026090603,radius,p99,202.99682783251583,m,valid
E001-v2,tuning,E,e-s120-value-p1-b070-rejection128,tuning-single-n500,2026090603,radius,violations,0.0,count,valid
E001-v2,tuning,E,e-s120-value-p1-b070-rejection128,tuning-single-n500,2026090603,seam300,value,1.0833333333333333,ratio,valid
E001-v2,tuning,E,e-s120-value-p1-b070-rejection128,tuning-single-n500,2026090604,a4,value,0.0,ratio,valid
E001-v2,tuning,E,e-s120-value-p1-b070-rejection128,tuning-single-n500,2026090604,radialKs,value,0.10999999999999999,ratio,valid
E001-v2,tuning,E,e-s120-value-p1-b070-rejection128,tuning-single-n500,2026090604,radius,max,244.22736603681926,m,valid
E001-v2,tuning,E,e-s120-value-p1-b070-rejection128,tuning-single-n500,2026090604,radius,p50,91.34593689428813,m,valid
E001-v2,tuning,E,e-s120-value-p1-b070-rejection128,tuning-single-n500,2026090604,radius,p95,171.18569116418672,m,valid
E001-v2,tuning,E,e-s120-value-p1-b070-rejection128,tuning-single-n500,2026090604,radius,p99,212.62536335895408,m,valid
E001-v2,tuning,E,e-s120-value-p1-b070-rejection128,tuning-single-n500,2026090604,radius,violations,0.0,count,valid
E001-v2,tuning,E,e-s120-value-p1-b070-rejection128,tuning-single-n500,2026090604,seam300,value,0.7083333333333333,ratio,valid
E001-v2,tuning,E,e-s120-value-p1-b070-rejection128,tuning-single-n500,2026090605,a4,value,0.0,ratio,valid
E001-v2,tuning,E,e-s120-value-p1-b070-rejection128,tuning-single-n500,2026090605,radialKs,value,0.10000000000000003,ratio,valid
E001-v2,tuning,E,e-s120-value-p1-b070-rejection128,tuning-single-n500,2026090605,radius,max,261.1429718099526,m,valid
E001-v2,tuning,E,e-s120-value-p1-b070-rejection128,tuning-single-n500,2026090605,radius,p50,103.204399042544,m,valid
E001-v2,tuning,E,e-s120-value-p1-b070-rejection128,tuning-single-n500,2026090605,radius,p95,181.54841757936677,m,valid
E001-v2,tuning,E,e-s120-value-p1-b070-rejection128,tuning-single-n500,2026090605,radius,p99,212.8158773092968,m,valid
E001-v2,tuning,E,e-s120-value-p1-b070-rejection128,tuning-single-n500,2026090605,radius,violations,0.0,count,valid
E001-v2,tuning,E,e-s120-value-p1-b070-rejection128,tuning-single-n500,2026090605,seam300,value,0.9166666666666666,ratio,valid
E001-v2,tuning,E,e-s120-value-p1-b070-sir16,tuning-grid-imbalanced-n4500,,a4,max,0.020700619049623767,ratio,valid
E001-v2,tuning,E,e-s120-value-p1-b070-sir16,tuning-grid-imbalanced-n4500,,a4,median,0.0,ratio,valid
E001-v2,tuning,E,e-s120-value-p1-b070-sir16,tuning-grid-imbalanced-n4500,,a4,min,0.0,ratio,valid
E001-v2,tuning,E,e-s120-value-p1-b070-sir16,tuning-grid-imbalanced-n4500,,hotspot50,cv,1.4105406370923488,ratio,valid
E001-v2,tuning,E,e-s120-value-p1-b070-sir16,tuning-grid-imbalanced-n4500,,hotspot50,max,70.0,count,valid
E001-v2,tuning,E,e-s120-value-p1-b070-sir16,tuning-grid-imbalanced-n4500,,hotspot50,p99,51.0,count,valid
E001-v2,tuning,E,e-s120-value-p1-b070-sir16,tuning-grid-imbalanced-n4500,,neighbors10,value,2.8444444444444446,count,valid
E001-v2,tuning,E,e-s120-value-p1-b070-sir16,tuning-grid-imbalanced-n4500,,proximity16,value,0.9491111111111111,ratio,valid
E001-v2,tuning,E,e-s120-value-p1-b070-sir16,tuning-grid-imbalanced-n4500,,proximity24,value,0.9862222222222222,ratio,valid
E001-v2,tuning,E,e-s120-value-p1-b070-sir16,tuning-grid-imbalanced-n4500,,proximity8,value,0.7273333333333334,ratio,valid
E001-v2,tuning,E,e-s120-value-p1-b070-sir16,tuning-grid-imbalanced-n4500,,radius,max.max,260.6950340978667,m,valid
E001-v2,tuning,E,e-s120-value-p1-b070-sir16,tuning-grid-imbalanced-n4500,,radius,max.median,251.9781875235995,m,valid
E001-v2,tuning,E,e-s120-value-p1-b070-sir16,tuning-grid-imbalanced-n4500,,radius,max.min,244.5268507516374,m,valid
E001-v2,tuning,E,e-s120-value-p1-b070-sir16,tuning-grid-imbalanced-n4500,,radius,p50.max,99.11146661640532,m,valid
E001-v2,tuning,E,e-s120-value-p1-b070-sir16,tuning-grid-imbalanced-n4500,,radius,p50.median,95.71607753391326,m,valid
E001-v2,tuning,E,e-s120-value-p1-b070-sir16,tuning-grid-imbalanced-n4500,,radius,p50.min,93.63034688952985,m,valid
E001-v2,tuning,E,e-s120-value-p1-b070-sir16,tuning-grid-imbalanced-n4500,,radius,p95.max,196.21425287258313,m,valid
E001-v2,tuning,E,e-s120-value-p1-b070-sir16,tuning-grid-imbalanced-n4500,,radius,p95.median,187.4655462385949,m,valid
E001-v2,tuning,E,e-s120-value-p1-b070-sir16,tuning-grid-imbalanced-n4500,,radius,p95.min,186.54353120528302,m,valid
E001-v2,tuning,E,e-s120-value-p1-b070-sir16,tuning-grid-imbalanced-n4500,,radius,p99.max,233.83542484851424,m,valid
E001-v2,tuning,E,e-s120-value-p1-b070-sir16,tuning-grid-imbalanced-n4500,,radius,p99.median,221.00862414823834,m,valid
E001-v2,tuning,E,e-s120-value-p1-b070-sir16,tuning-grid-imbalanced-n4500,,radius,p99.min,219.3590706210696,m,valid
E001-v2,tuning,E,e-s120-value-p1-b070-sir16,tuning-grid-imbalanced-n4500,,radius,violations.max,0.0,count,valid
E001-v2,tuning,E,e-s120-value-p1-b070-sir16,tuning-grid-imbalanced-n4500,,radius,violations.median,0.0,count,valid
E001-v2,tuning,E,e-s120-value-p1-b070-sir16,tuning-grid-imbalanced-n4500,,radius,violations.min,0.0,count,valid
E001-v2,tuning,E,e-s120-value-p1-b070-sir16,tuning-grid-imbalanced-n4500,,samplerFailureCount,value,0.0,count,valid
E001-v2,tuning,E,e-s120-value-p1-b070-sir16,tuning-grid-imbalanced-n4500,,seam300,max,0.5803101503759398,ratio,valid
E001-v2,tuning,E,e-s120-value-p1-b070-sir16,tuning-grid-imbalanced-n4500,,seam300,median,0.29464285714285715,ratio,valid
E001-v2,tuning,E,e-s120-value-p1-b070-sir16,tuning-grid-imbalanced-n4500,,seam300,min,0.15387426900584794,ratio,valid
E001-v2,tuning,E,e-s120-value-p1-b070-sir16,tuning-grid-imbalanced-n4500,2026090601,a4,value,0.0,ratio,valid
E001-v2,tuning,E,e-s120-value-p1-b070-sir16,tuning-grid-imbalanced-n4500,2026090601,radius,max,260.40206622840856,m,valid
E001-v2,tuning,E,e-s120-value-p1-b070-sir16,tuning-grid-imbalanced-n4500,2026090601,radius,p50,93.63034688952985,m,valid
E001-v2,tuning,E,e-s120-value-p1-b070-sir16,tuning-grid-imbalanced-n4500,2026090601,radius,p95,192.71654178768458,m,valid
E001-v2,tuning,E,e-s120-value-p1-b070-sir16,tuning-grid-imbalanced-n4500,2026090601,radius,p99,233.83542484851424,m,valid
E001-v2,tuning,E,e-s120-value-p1-b070-sir16,tuning-grid-imbalanced-n4500,2026090601,radius,violations,0.0,count,valid
E001-v2,tuning,E,e-s120-value-p1-b070-sir16,tuning-grid-imbalanced-n4500,2026090601,seam300,value,0.29464285714285715,ratio,valid
E001-v2,tuning,E,e-s120-value-p1-b070-sir16,tuning-grid-imbalanced-n4500,2026090602,a4,value,0.0,ratio,valid
E001-v2,tuning,E,e-s120-value-p1-b070-sir16,tuning-grid-imbalanced-n4500,2026090602,radius,max,247.52346658635568,m,valid
E001-v2,tuning,E,e-s120-value-p1-b070-sir16,tuning-grid-imbalanced-n4500,2026090602,radius,p50,95.71607753391326,m,valid
E001-v2,tuning,E,e-s120-value-p1-b070-sir16,tuning-grid-imbalanced-n4500,2026090602,radius,p95,187.2964147000933,m,valid
E001-v2,tuning,E,e-s120-value-p1-b070-sir16,tuning-grid-imbalanced-n4500,2026090602,radius,p99,225.87052973223115,m,valid
E001-v2,tuning,E,e-s120-value-p1-b070-sir16,tuning-grid-imbalanced-n4500,2026090602,radius,violations,0.0,count,valid
E001-v2,tuning,E,e-s120-value-p1-b070-sir16,tuning-grid-imbalanced-n4500,2026090602,seam300,value,0.5803101503759398,ratio,valid
E001-v2,tuning,E,e-s120-value-p1-b070-sir16,tuning-grid-imbalanced-n4500,2026090603,a4,value,0.020700619049623767,ratio,valid
E001-v2,tuning,E,e-s120-value-p1-b070-sir16,tuning-grid-imbalanced-n4500,2026090603,radius,max,251.9781875235995,m,valid
E001-v2,tuning,E,e-s120-value-p1-b070-sir16,tuning-grid-imbalanced-n4500,2026090603,radius,p50,98.03327975358468,m,valid
E001-v2,tuning,E,e-s120-value-p1-b070-sir16,tuning-grid-imbalanced-n4500,2026090603,radius,p95,196.21425287258313,m,valid
E001-v2,tuning,E,e-s120-value-p1-b070-sir16,tuning-grid-imbalanced-n4500,2026090603,radius,p99,219.3590706210696,m,valid
E001-v2,tuning,E,e-s120-value-p1-b070-sir16,tuning-grid-imbalanced-n4500,2026090603,radius,violations,0.0,count,valid
E001-v2,tuning,E,e-s120-value-p1-b070-sir16,tuning-grid-imbalanced-n4500,2026090603,seam300,value,0.38646616541353385,ratio,valid
E001-v2,tuning,E,e-s120-value-p1-b070-sir16,tuning-grid-imbalanced-n4500,2026090604,a4,value,0.0,ratio,valid
E001-v2,tuning,E,e-s120-value-p1-b070-sir16,tuning-grid-imbalanced-n4500,2026090604,radius,max,260.6950340978667,m,valid
E001-v2,tuning,E,e-s120-value-p1-b070-sir16,tuning-grid-imbalanced-n4500,2026090604,radius,p50,94.89686921731256,m,valid
E001-v2,tuning,E,e-s120-value-p1-b070-sir16,tuning-grid-imbalanced-n4500,2026090604,radius,p95,186.54353120528302,m,valid
E001-v2,tuning,E,e-s120-value-p1-b070-sir16,tuning-grid-imbalanced-n4500,2026090604,radius,p99,221.00862414823834,m,valid
E001-v2,tuning,E,e-s120-value-p1-b070-sir16,tuning-grid-imbalanced-n4500,2026090604,radius,violations,0.0,count,valid
E001-v2,tuning,E,e-s120-value-p1-b070-sir16,tuning-grid-imbalanced-n4500,2026090604,seam300,value,0.2257085020242915,ratio,valid
E001-v2,tuning,E,e-s120-value-p1-b070-sir16,tuning-grid-imbalanced-n4500,2026090605,a4,value,0.011885277636627828,ratio,valid
E001-v2,tuning,E,e-s120-value-p1-b070-sir16,tuning-grid-imbalanced-n4500,2026090605,radius,max,244.5268507516374,m,valid
E001-v2,tuning,E,e-s120-value-p1-b070-sir16,tuning-grid-imbalanced-n4500,2026090605,radius,p50,99.11146661640532,m,valid
E001-v2,tuning,E,e-s120-value-p1-b070-sir16,tuning-grid-imbalanced-n4500,2026090605,radius,p95,187.4655462385949,m,valid
E001-v2,tuning,E,e-s120-value-p1-b070-sir16,tuning-grid-imbalanced-n4500,2026090605,radius,p99,220.30548091949737,m,valid
E001-v2,tuning,E,e-s120-value-p1-b070-sir16,tuning-grid-imbalanced-n4500,2026090605,radius,violations,0.0,count,valid
E001-v2,tuning,E,e-s120-value-p1-b070-sir16,tuning-grid-imbalanced-n4500,2026090605,seam300,value,0.15387426900584794,ratio,valid
E001-v2,tuning,E,e-s120-value-p1-b070-sir16,tuning-single-n500,,a4,max,0.08464469908443502,ratio,valid
E001-v2,tuning,E,e-s120-value-p1-b070-sir16,tuning-single-n500,,a4,median,0.0,ratio,valid
E001-v2,tuning,E,e-s120-value-p1-b070-sir16,tuning-single-n500,,a4,min,0.0,ratio,valid
E001-v2,tuning,E,e-s120-value-p1-b070-sir16,tuning-single-n500,,hotspot50,cv,1.7972601369862982,ratio,valid
E001-v2,tuning,E,e-s120-value-p1-b070-sir16,tuning-single-n500,,hotspot50,max,27.0,count,valid
E001-v2,tuning,E,e-s120-value-p1-b070-sir16,tuning-single-n500,,hotspot50,p99,25.0,count,valid
E001-v2,tuning,E,e-s120-value-p1-b070-sir16,tuning-single-n500,,neighbors10,value,1.736,count,valid
E001-v2,tuning,E,e-s120-value-p1-b070-sir16,tuning-single-n500,,proximity16,value,0.926,ratio,valid
E001-v2,tuning,E,e-s120-value-p1-b070-sir16,tuning-single-n500,,proximity24,value,0.964,ratio,valid
E001-v2,tuning,E,e-s120-value-p1-b070-sir16,tuning-single-n500,,proximity8,value,0.626,ratio,valid
E001-v2,tuning,E,e-s120-value-p1-b070-sir16,tuning-single-n500,,radialKs,max,0.20000000000000007,ratio,valid
E001-v2,tuning,E,e-s120-value-p1-b070-sir16,tuning-single-n500,,radialKs,median,0.08999999999999997,ratio,valid
E001-v2,tuning,E,e-s120-value-p1-b070-sir16,tuning-single-n500,,radialKs,min,0.06,ratio,valid
E001-v2,tuning,E,e-s120-value-p1-b070-sir16,tuning-single-n500,,radius,max.max,247.39011235907736,m,valid
E001-v2,tuning,E,e-s120-value-p1-b070-sir16,tuning-single-n500,,radius,max.median,228.45663756666616,m,valid
E001-v2,tuning,E,e-s120-value-p1-b070-sir16,tuning-single-n500,,radius,max.min,218.38416879174773,m,valid
E001-v2,tuning,E,e-s120-value-p1-b070-sir16,tuning-single-n500,,radius,p50.max,113.8556309090444,m,valid
E001-v2,tuning,E,e-s120-value-p1-b070-sir16,tuning-single-n500,,radius,p50.median,96.03416838880662,m,valid
E001-v2,tuning,E,e-s120-value-p1-b070-sir16,tuning-single-n500,,radius,p50.min,91.86000583028225,m,valid
E001-v2,tuning,E,e-s120-value-p1-b070-sir16,tuning-single-n500,,radius,p95.max,197.73355069956241,m,valid
E001-v2,tuning,E,e-s120-value-p1-b070-sir16,tuning-single-n500,,radius,p95.median,191.40107022939122,m,valid
E001-v2,tuning,E,e-s120-value-p1-b070-sir16,tuning-single-n500,,radius,p95.min,186.88807794537908,m,valid
E001-v2,tuning,E,e-s120-value-p1-b070-sir16,tuning-single-n500,,radius,p99.max,219.36254786040797,m,valid
E001-v2,tuning,E,e-s120-value-p1-b070-sir16,tuning-single-n500,,radius,p99.median,210.7353247265832,m,valid
E001-v2,tuning,E,e-s120-value-p1-b070-sir16,tuning-single-n500,,radius,p99.min,203.72780584614486,m,valid
E001-v2,tuning,E,e-s120-value-p1-b070-sir16,tuning-single-n500,,radius,violations.max,0.0,count,valid
E001-v2,tuning,E,e-s120-value-p1-b070-sir16,tuning-single-n500,,radius,violations.median,0.0,count,valid
E001-v2,tuning,E,e-s120-value-p1-b070-sir16,tuning-single-n500,,radius,violations.min,0.0,count,valid
E001-v2,tuning,E,e-s120-value-p1-b070-sir16,tuning-single-n500,,samplerFailureCount,value,0.0,count,valid
E001-v2,tuning,E,e-s120-value-p1-b070-sir16,tuning-single-n500,,seam300,max,1.1916666666666667,ratio,valid
E001-v2,tuning,E,e-s120-value-p1-b070-sir16,tuning-single-n500,,seam300,median,0.8011904761904762,ratio,valid
E001-v2,tuning,E,e-s120-value-p1-b070-sir16,tuning-single-n500,,seam300,min,0.625,ratio,valid
E001-v2,tuning,E,e-s120-value-p1-b070-sir16,tuning-single-n500,2026090601,a4,value,0.0,ratio,valid
E001-v2,tuning,E,e-s120-value-p1-b070-sir16,tuning-single-n500,2026090601,radialKs,value,0.15999999999999998,ratio,valid
E001-v2,tuning,E,e-s120-value-p1-b070-sir16,tuning-single-n500,2026090601,radius,max,228.4353096608731,m,valid
E001-v2,tuning,E,e-s120-value-p1-b070-sir16,tuning-single-n500,2026090601,radius,p50,91.86000583028225,m,valid
E001-v2,tuning,E,e-s120-value-p1-b070-sir16,tuning-single-n500,2026090601,radius,p95,196.47906193917717,m,valid
E001-v2,tuning,E,e-s120-value-p1-b070-sir16,tuning-single-n500,2026090601,radius,p99,203.72780584614486,m,valid
E001-v2,tuning,E,e-s120-value-p1-b070-sir16,tuning-single-n500,2026090601,radius,violations,0.0,count,valid
E001-v2,tuning,E,e-s120-value-p1-b070-sir16,tuning-single-n500,2026090601,seam300,value,0.8011904761904762,ratio,valid
E001-v2,tuning,E,e-s120-value-p1-b070-sir16,tuning-single-n500,2026090602,a4,value,0.0,ratio,valid
E001-v2,tuning,E,e-s120-value-p1-b070-sir16,tuning-single-n500,2026090602,radialKs,value,0.08999999999999997,ratio,valid
E001-v2,tuning,E,e-s120-value-p1-b070-sir16,tuning-single-n500,2026090602,radius,max,247.39011235907736,m,valid
E001-v2,tuning,E,e-s120-value-p1-b070-sir16,tuning-single-n500,2026090602,radius,p50,104.26941600979127,m,valid
E001-v2,tuning,E,e-s120-value-p1-b070-sir16,tuning-single-n500,2026090602,radius,p95,197.73355069956241,m,valid
E001-v2,tuning,E,e-s120-value-p1-b070-sir16,tuning-single-n500,2026090602,radius,p99,206.1484834889502,m,valid
E001-v2,tuning,E,e-s120-value-p1-b070-sir16,tuning-single-n500,2026090602,radius,violations,0.0,count,valid
E001-v2,tuning,E,e-s120-value-p1-b070-sir16,tuning-single-n500,2026090602,seam300,value,0.625,ratio,valid
E001-v2,tuning,E,e-s120-value-p1-b070-sir16,tuning-single-n500,2026090603,a4,value,0.0,ratio,valid
E001-v2,tuning,E,e-s120-value-p1-b070-sir16,tuning-single-n500,2026090603,radialKs,value,0.20000000000000007,ratio,valid
E001-v2,tuning,E,e-s120-value-p1-b070-sir16,tuning-single-n500,2026090603,radius,max,218.38416879174773,m,valid
E001-v2,tuning,E,e-s120-value-p1-b070-sir16,tuning-single-n500,2026090603,radius,p50,113.8556309090444,m,valid
E001-v2,tuning,E,e-s120-value-p1-b070-sir16,tuning-single-n500,2026090603,radius,p95,186.88807794537908,m,valid
E001-v2,tuning,E,e-s120-value-p1-b070-sir16,tuning-single-n500,2026090603,radius,p99,210.7353247265832,m,valid
E001-v2,tuning,E,e-s120-value-p1-b070-sir16,tuning-single-n500,2026090603,radius,violations,0.0,count,valid
E001-v2,tuning,E,e-s120-value-p1-b070-sir16,tuning-single-n500,2026090603,seam300,value,0.869047619047619,ratio,valid
E001-v2,tuning,E,e-s120-value-p1-b070-sir16,tuning-single-n500,2026090604,a4,value,0.05073537328377404,ratio,valid
E001-v2,tuning,E,e-s120-value-p1-b070-sir16,tuning-single-n500,2026090604,radialKs,value,0.08999999999999997,ratio,valid
E001-v2,tuning,E,e-s120-value-p1-b070-sir16,tuning-single-n500,2026090604,radius,max,233.09654236074596,m,valid
E001-v2,tuning,E,e-s120-value-p1-b070-sir16,tuning-single-n500,2026090604,radius,p50,96.03416838880662,m,valid
E001-v2,tuning,E,e-s120-value-p1-b070-sir16,tuning-single-n500,2026090604,radius,p95,190.3824461659347,m,valid
E001-v2,tuning,E,e-s120-value-p1-b070-sir16,tuning-single-n500,2026090604,radius,p99,219.36254786040797,m,valid
E001-v2,tuning,E,e-s120-value-p1-b070-sir16,tuning-single-n500,2026090604,radius,violations,0.0,count,valid
E001-v2,tuning,E,e-s120-value-p1-b070-sir16,tuning-single-n500,2026090604,seam300,value,0.75,ratio,valid
E001-v2,tuning,E,e-s120-value-p1-b070-sir16,tuning-single-n500,2026090605,a4,value,0.08464469908443502,ratio,valid
E001-v2,tuning,E,e-s120-value-p1-b070-sir16,tuning-single-n500,2026090605,radialKs,value,0.06,ratio,valid
E001-v2,tuning,E,e-s120-value-p1-b070-sir16,tuning-single-n500,2026090605,radius,max,228.45663756666616,m,valid
E001-v2,tuning,E,e-s120-value-p1-b070-sir16,tuning-single-n500,2026090605,radius,p50,93.91505582604837,m,valid
E001-v2,tuning,E,e-s120-value-p1-b070-sir16,tuning-single-n500,2026090605,radius,p95,191.40107022939122,m,valid
E001-v2,tuning,E,e-s120-value-p1-b070-sir16,tuning-single-n500,2026090605,radius,p99,217.2243597416772,m,valid
E001-v2,tuning,E,e-s120-value-p1-b070-sir16,tuning-single-n500,2026090605,radius,violations,0.0,count,valid
E001-v2,tuning,E,e-s120-value-p1-b070-sir16,tuning-single-n500,2026090605,seam300,value,1.1916666666666667,ratio,valid
E001-v2,tuning,E,e-s120-value-p1-b070-sir32,tuning-grid-imbalanced-n4500,,a4,max,0.059483525667178246,ratio,valid
E001-v2,tuning,E,e-s120-value-p1-b070-sir32,tuning-grid-imbalanced-n4500,,a4,median,0.0,ratio,valid
E001-v2,tuning,E,e-s120-value-p1-b070-sir32,tuning-grid-imbalanced-n4500,,a4,min,0.0,ratio,valid
E001-v2,tuning,E,e-s120-value-p1-b070-sir32,tuning-grid-imbalanced-n4500,,hotspot50,cv,1.387750858203462,ratio,valid
E001-v2,tuning,E,e-s120-value-p1-b070-sir32,tuning-grid-imbalanced-n4500,,hotspot50,max,61.0,count,valid
E001-v2,tuning,E,e-s120-value-p1-b070-sir32,tuning-grid-imbalanced-n4500,,hotspot50,p99,57.0,count,valid
E001-v2,tuning,E,e-s120-value-p1-b070-sir32,tuning-grid-imbalanced-n4500,,neighbors10,value,2.7391111111111113,count,valid
E001-v2,tuning,E,e-s120-value-p1-b070-sir32,tuning-grid-imbalanced-n4500,,proximity16,value,0.954,ratio,valid
E001-v2,tuning,E,e-s120-value-p1-b070-sir32,tuning-grid-imbalanced-n4500,,proximity24,value,0.9868888888888889,ratio,valid
E001-v2,tuning,E,e-s120-value-p1-b070-sir32,tuning-grid-imbalanced-n4500,,proximity8,value,0.71,ratio,valid
E001-v2,tuning,E,e-s120-value-p1-b070-sir32,tuning-grid-imbalanced-n4500,,radius,max.max,263.442388063703,m,valid
E001-v2,tuning,E,e-s120-value-p1-b070-sir32,tuning-grid-imbalanced-n4500,,radius,max.median,256.3916541090865,m,valid
E001-v2,tuning,E,e-s120-value-p1-b070-sir32,tuning-grid-imbalanced-n4500,,radius,max.min,244.87397656814304,m,valid
E001-v2,tuning,E,e-s120-value-p1-b070-sir32,tuning-grid-imbalanced-n4500,,radius,p50.max,100.05198280632578,m,valid
E001-v2,tuning,E,e-s120-value-p1-b070-sir32,tuning-grid-imbalanced-n4500,,radius,p50.median,98.58916122569437,m,valid
E001-v2,tuning,E,e-s120-value-p1-b070-sir32,tuning-grid-imbalanced-n4500,,radius,p50.min,97.65629478157351,m,valid
E001-v2,tuning,E,e-s120-value-p1-b070-sir32,tuning-grid-imbalanced-n4500,,radius,p95.max,187.63919591615175,m,valid
E001-v2,tuning,E,e-s120-value-p1-b070-sir32,tuning-grid-imbalanced-n4500,,radius,p95.median,185.24712385916064,m,valid
E001-v2,tuning,E,e-s120-value-p1-b070-sir32,tuning-grid-imbalanced-n4500,,radius,p95.min,183.10727451952118,m,valid
E001-v2,tuning,E,e-s120-value-p1-b070-sir32,tuning-grid-imbalanced-n4500,,radius,p99.max,229.7901654679641,m,valid
E001-v2,tuning,E,e-s120-value-p1-b070-sir32,tuning-grid-imbalanced-n4500,,radius,p99.median,221.0652241040053,m,valid
E001-v2,tuning,E,e-s120-value-p1-b070-sir32,tuning-grid-imbalanced-n4500,,radius,p99.min,209.18926997185616,m,valid
E001-v2,tuning,E,e-s120-value-p1-b070-sir32,tuning-grid-imbalanced-n4500,,radius,violations.max,0.0,count,valid
E001-v2,tuning,E,e-s120-value-p1-b070-sir32,tuning-grid-imbalanced-n4500,,radius,violations.median,0.0,count,valid
E001-v2,tuning,E,e-s120-value-p1-b070-sir32,tuning-grid-imbalanced-n4500,,radius,violations.min,0.0,count,valid
E001-v2,tuning,E,e-s120-value-p1-b070-sir32,tuning-grid-imbalanced-n4500,,samplerFailureCount,value,0.0,count,valid
E001-v2,tuning,E,e-s120-value-p1-b070-sir32,tuning-grid-imbalanced-n4500,,seam300,max,0.6121431028551771,ratio,valid
E001-v2,tuning,E,e-s120-value-p1-b070-sir32,tuning-grid-imbalanced-n4500,,seam300,median,0.24545565302144248,ratio,valid
E001-v2,tuning,E,e-s120-value-p1-b070-sir32,tuning-grid-imbalanced-n4500,,seam300,min,0.15316205533596838,ratio,valid
E001-v2,tuning,E,e-s120-value-p1-b070-sir32,tuning-grid-imbalanced-n4500,2026090601,a4,value,0.0,ratio,valid
E001-v2,tuning,E,e-s120-value-p1-b070-sir32,tuning-grid-imbalanced-n4500,2026090601,radius,max,244.87397656814304,m,valid
E001-v2,tuning,E,e-s120-value-p1-b070-sir32,tuning-grid-imbalanced-n4500,2026090601,radius,p50,98.58916122569437,m,valid
E001-v2,tuning,E,e-s120-value-p1-b070-sir32,tuning-grid-imbalanced-n4500,2026090601,radius,p95,183.10727451952118,m,valid
E001-v2,tuning,E,e-s120-value-p1-b070-sir32,tuning-grid-imbalanced-n4500,2026090601,radius,p99,221.0652241040053,m,valid
E001-v2,tuning,E,e-s120-value-p1-b070-sir32,tuning-grid-imbalanced-n4500,2026090601,radius,violations,0.0,count,valid
E001-v2,tuning,E,e-s120-value-p1-b070-sir32,tuning-grid-imbalanced-n4500,2026090601,seam300,value,0.21469155844155843,ratio,valid
E001-v2,tuning,E,e-s120-value-p1-b070-sir32,tuning-grid-imbalanced-n4500,2026090602,a4,value,0.059483525667178246,ratio,valid
E001-v2,tuning,E,e-s120-value-p1-b070-sir32,tuning-grid-imbalanced-n4500,2026090602,radius,max,256.06353827126856,m,valid
E001-v2,tuning,E,e-s120-value-p1-b070-sir32,tuning-grid-imbalanced-n4500,2026090602,radius,p50,97.65629478157351,m,valid
E001-v2,tuning,E,e-s120-value-p1-b070-sir32,tuning-grid-imbalanced-n4500,2026090602,radius,p95,185.00336134405774,m,valid
E001-v2,tuning,E,e-s120-value-p1-b070-sir32,tuning-grid-imbalanced-n4500,2026090602,radius,p99,215.35662297018234,m,valid
E001-v2,tuning,E,e-s120-value-p1-b070-sir32,tuning-grid-imbalanced-n4500,2026090602,radius,violations,0.0,count,valid
E001-v2,tuning,E,e-s120-value-p1-b070-sir32,tuning-grid-imbalanced-n4500,2026090602,seam300,value,0.6121431028551771,ratio,valid
E001-v2,tuning,E,e-s120-value-p1-b070-sir32,tuning-grid-imbalanced-n4500,2026090603,a4,value,0.027393426297882165,ratio,valid
E001-v2,tuning,E,e-s120-value-p1-b070-sir32,tuning-grid-imbalanced-n4500,2026090603,radius,max,256.3916541090865,m,valid
E001-v2,tuning,E,e-s120-value-p1-b070-sir32,tuning-grid-imbalanced-n4500,2026090603,radius,p50,100.05198280632578,m,valid
E001-v2,tuning,E,e-s120-value-p1-b070-sir32,tuning-grid-imbalanced-n4500,2026090603,radius,p95,187.63919591615175,m,valid
E001-v2,tuning,E,e-s120-value-p1-b070-sir32,tuning-grid-imbalanced-n4500,2026090603,radius,p99,229.7901654679641,m,valid
E001-v2,tuning,E,e-s120-value-p1-b070-sir32,tuning-grid-imbalanced-n4500,2026090603,radius,violations,0.0,count,valid
E001-v2,tuning,E,e-s120-value-p1-b070-sir32,tuning-grid-imbalanced-n4500,2026090603,seam300,value,0.35312257187257184,ratio,valid
E001-v2,tuning,E,e-s120-value-p1-b070-sir32,tuning-grid-imbalanced-n4500,2026090604,a4,value,0.0,ratio,valid
E001-v2,tuning,E,e-s120-value-p1-b070-sir32,tuning-grid-imbalanced-n4500,2026090604,radius,max,260.41267294419583,m,valid
E001-v2,tuning,E,e-s120-value-p1-b070-sir32,tuning-grid-imbalanced-n4500,2026090604,radius,p50,98.08808086394744,m,valid
E001-v2,tuning,E,e-s120-value-p1-b070-sir32,tuning-grid-imbalanced-n4500,2026090604,radius,p95,186.66315791360125,m,valid
E001-v2,tuning,E,e-s120-value-p1-b070-sir32,tuning-grid-imbalanced-n4500,2026090604,radius,p99,221.29909919465956,m,valid
E001-v2,tuning,E,e-s120-value-p1-b070-sir32,tuning-grid-imbalanced-n4500,2026090604,radius,violations,0.0,count,valid
E001-v2,tuning,E,e-s120-value-p1-b070-sir32,tuning-grid-imbalanced-n4500,2026090604,seam300,value,0.15316205533596838,ratio,valid
E001-v2,tuning,E,e-s120-value-p1-b070-sir32,tuning-grid-imbalanced-n4500,2026090605,a4,value,0.0,ratio,valid
E001-v2,tuning,E,e-s120-value-p1-b070-sir32,tuning-grid-imbalanced-n4500,2026090605,radius,max,263.442388063703,m,valid
E001-v2,tuning,E,e-s120-value-p1-b070-sir32,tuning-grid-imbalanced-n4500,2026090605,radius,p50,99.26224740826788,m,valid
E001-v2,tuning,E,e-s120-value-p1-b070-sir32,tuning-grid-imbalanced-n4500,2026090605,radius,p95,185.24712385916064,m,valid
E001-v2,tuning,E,e-s120-value-p1-b070-sir32,tuning-grid-imbalanced-n4500,2026090605,radius,p99,209.18926997185616,m,valid
E001-v2,tuning,E,e-s120-value-p1-b070-sir32,tuning-grid-imbalanced-n4500,2026090605,radius,violations,0.0,count,valid
E001-v2,tuning,E,e-s120-value-p1-b070-sir32,tuning-grid-imbalanced-n4500,2026090605,seam300,value,0.24545565302144248,ratio,valid
E001-v2,tuning,E,e-s120-value-p1-b070-sir32,tuning-single-n500,,a4,max,0.08560174252049932,ratio,valid
E001-v2,tuning,E,e-s120-value-p1-b070-sir32,tuning-single-n500,,a4,median,0.02169470475786993,ratio,valid
E001-v2,tuning,E,e-s120-value-p1-b070-sir32,tuning-single-n500,,a4,min,0.0,ratio,valid
E001-v2,tuning,E,e-s120-value-p1-b070-sir32,tuning-single-n500,,hotspot50,cv,1.947683752563544,ratio,valid
E001-v2,tuning,E,e-s120-value-p1-b070-sir32,tuning-single-n500,,hotspot50,max,31.0,count,valid
E001-v2,tuning,E,e-s120-value-p1-b070-sir32,tuning-single-n500,,hotspot50,p99,29.0,count,valid
E001-v2,tuning,E,e-s120-value-p1-b070-sir32,tuning-single-n500,,neighbors10,value,2.188,count,valid
E001-v2,tuning,E,e-s120-value-p1-b070-sir32,tuning-single-n500,,proximity16,value,0.924,ratio,valid
E001-v2,tuning,E,e-s120-value-p1-b070-sir32,tuning-single-n500,,proximity24,value,0.97,ratio,valid
E001-v2,tuning,E,e-s120-value-p1-b070-sir32,tuning-single-n500,,proximity8,value,0.696,ratio,valid
E001-v2,tuning,E,e-s120-value-p1-b070-sir32,tuning-single-n500,,radialKs,max,0.16000000000000003,ratio,valid
E001-v2,tuning,E,e-s120-value-p1-b070-sir32,tuning-single-n500,,radialKs,median,0.09999999999999998,ratio,valid
E001-v2,tuning,E,e-s120-value-p1-b070-sir32,tuning-single-n500,,radialKs,min,0.06999999999999995,ratio,valid
E001-v2,tuning,E,e-s120-value-p1-b070-sir32,tuning-single-n500,,radius,max.max,240.5227483034383,m,valid
E001-v2,tuning,E,e-s120-value-p1-b070-sir32,tuning-single-n500,,radius,max.median,228.23088269563536,m,valid
E001-v2,tuning,E,e-s120-value-p1-b070-sir32,tuning-single-n500,,radius,max.min,189.67392365157707,m,valid
E001-v2,tuning,E,e-s120-value-p1-b070-sir32,tuning-single-n500,,radius,p50.max,98.50199017478202,m,valid
E001-v2,tuning,E,e-s120-value-p1-b070-sir32,tuning-single-n500,,radius,p50.median,91.38341198448184,m,valid
E001-v2,tuning,E,e-s120-value-p1-b070-sir32,tuning-single-n500,,radius,p50.min,87.65121277069781,m,valid
E001-v2,tuning,E,e-s120-value-p1-b070-sir32,tuning-single-n500,,radius,p95.max,188.9729548299609,m,valid
E001-v2,tuning,E,e-s120-value-p1-b070-sir32,tuning-single-n500,,radius,p95.median,175.3339735408257,m,valid
E001-v2,tuning,E,e-s120-value-p1-b070-sir32,tuning-single-n500,,radius,p95.min,163.98784821650958,m,valid
E001-v2,tuning,E,e-s120-value-p1-b070-sir32,tuning-single-n500,,radius,p99.max,218.67538942516137,m,valid
E001-v2,tuning,E,e-s120-value-p1-b070-sir32,tuning-single-n500,,radius,p99.median,204.48883389037718,m,valid
E001-v2,tuning,E,e-s120-value-p1-b070-sir32,tuning-single-n500,,radius,p99.min,187.67812322945161,m,valid
E001-v2,tuning,E,e-s120-value-p1-b070-sir32,tuning-single-n500,,radius,violations.max,0.0,count,valid
E001-v2,tuning,E,e-s120-value-p1-b070-sir32,tuning-single-n500,,radius,violations.median,0.0,count,valid
E001-v2,tuning,E,e-s120-value-p1-b070-sir32,tuning-single-n500,,radius,violations.min,0.0,count,valid
E001-v2,tuning,E,e-s120-value-p1-b070-sir32,tuning-single-n500,,samplerFailureCount,value,0.0,count,valid
E001-v2,tuning,E,e-s120-value-p1-b070-sir32,tuning-single-n500,,seam300,max,1.1,ratio,valid
E001-v2,tuning,E,e-s120-value-p1-b070-sir32,tuning-single-n500,,seam300,median,0.5833333333333333,ratio,valid
E001-v2,tuning,E,e-s120-value-p1-b070-sir32,tuning-single-n500,,seam300,min,0.20833333333333331,ratio,valid
E001-v2,tuning,E,e-s120-value-p1-b070-sir32,tuning-single-n500,2026090601,a4,value,0.08560174252049932,ratio,valid
E001-v2,tuning,E,e-s120-value-p1-b070-sir32,tuning-single-n500,2026090601,radialKs,value,0.16000000000000003,ratio,valid
E001-v2,tuning,E,e-s120-value-p1-b070-sir32,tuning-single-n500,2026090601,radius,max,237.5394568143986,m,valid
E001-v2,tuning,E,e-s120-value-p1-b070-sir32,tuning-single-n500,2026090601,radius,p50,89.39248280646223,m,valid
E001-v2,tuning,E,e-s120-value-p1-b070-sir32,tuning-single-n500,2026090601,radius,p95,188.9729548299609,m,valid
E001-v2,tuning,E,e-s120-value-p1-b070-sir32,tuning-single-n500,2026090601,radius,p99,204.48883389037718,m,valid
E001-v2,tuning,E,e-s120-value-p1-b070-sir32,tuning-single-n500,2026090601,radius,violations,0.0,count,valid
E001-v2,tuning,E,e-s120-value-p1-b070-sir32,tuning-single-n500,2026090601,seam300,value,0.20833333333333331,ratio,valid
E001-v2,tuning,E,e-s120-value-p1-b070-sir32,tuning-single-n500,2026090602,a4,value,0.0,ratio,valid
E001-v2,tuning,E,e-s120-value-p1-b070-sir32,tuning-single-n500,2026090602,radialKs,value,0.1100000000000001,ratio,valid
E001-v2,tuning,E,e-s120-value-p1-b070-sir32,tuning-single-n500,2026090602,radius,max,220.9960184443913,m,valid
E001-v2,tuning,E,e-s120-value-p1-b070-sir32,tuning-single-n500,2026090602,radius,p50,91.38341198448184,m,valid
E001-v2,tuning,E,e-s120-value-p1-b070-sir32,tuning-single-n500,2026090602,radius,p95,176.22840095293606,m,valid
E001-v2,tuning,E,e-s120-value-p1-b070-sir32,tuning-single-n500,2026090602,radius,p99,208.57618415668563,m,valid
E001-v2,tuning,E,e-s120-value-p1-b070-sir32,tuning-single-n500,2026090602,radius,violations,0.0,count,valid
E001-v2,tuning,E,e-s120-value-p1-b070-sir32,tuning-single-n500,2026090602,seam300,value,0.5833333333333333,ratio,valid
E001-v2,tuning,E,e-s120-value-p1-b070-sir32,tuning-single-n500,2026090603,a4,value,0.048544430731077025,ratio,valid
E001-v2,tuning,E,e-s120-value-p1-b070-sir32,tuning-single-n500,2026090603,radialKs,value,0.08999999999999997,ratio,valid
E001-v2,tuning,E,e-s120-value-p1-b070-sir32,tuning-single-n500,2026090603,radius,max,189.67392365157707,m,valid
E001-v2,tuning,E,e-s120-value-p1-b070-sir32,tuning-single-n500,2026090603,radius,p50,98.50199017478202,m,valid
E001-v2,tuning,E,e-s120-value-p1-b070-sir32,tuning-single-n500,2026090603,radius,p95,175.3339735408257,m,valid
E001-v2,tuning,E,e-s120-value-p1-b070-sir32,tuning-single-n500,2026090603,radius,p99,187.67812322945161,m,valid
E001-v2,tuning,E,e-s120-value-p1-b070-sir32,tuning-single-n500,2026090603,radius,violations,0.0,count,valid
E001-v2,tuning,E,e-s120-value-p1-b070-sir32,tuning-single-n500,2026090603,seam300,value,0.45,ratio,valid
E001-v2,tuning,E,e-s120-value-p1-b070-sir32,tuning-single-n500,2026090604,a4,value,0.02169470475786993,ratio,valid
E001-v2,tuning,E,e-s120-value-p1-b070-sir32,tuning-single-n500,2026090604,radialKs,value,0.06999999999999995,ratio,valid
E001-v2,tuning,E,e-s120-value-p1-b070-sir32,tuning-single-n500,2026090604,radius,max,240.5227483034383,m,valid
E001-v2,tuning,E,e-s120-value-p1-b070-sir32,tuning-single-n500,2026090604,radius,p50,93.03800783132668,m,valid
E001-v2,tuning,E,e-s120-value-p1-b070-sir32,tuning-single-n500,2026090604,radius,p95,163.98784821650958,m,valid
E001-v2,tuning,E,e-s120-value-p1-b070-sir32,tuning-single-n500,2026090604,radius,p99,198.22442148967957,m,valid
E001-v2,tuning,E,e-s120-value-p1-b070-sir32,tuning-single-n500,2026090604,radius,violations,0.0,count,valid
E001-v2,tuning,E,e-s120-value-p1-b070-sir32,tuning-single-n500,2026090604,seam300,value,0.9083333333333333,ratio,valid
E001-v2,tuning,E,e-s120-value-p1-b070-sir32,tuning-single-n500,2026090605,a4,value,0.0,ratio,valid
E001-v2,tuning,E,e-s120-value-p1-b070-sir32,tuning-single-n500,2026090605,radialKs,value,0.09999999999999998,ratio,valid
E001-v2,tuning,E,e-s120-value-p1-b070-sir32,tuning-single-n500,2026090605,radius,max,228.23088269563536,m,valid
E001-v2,tuning,E,e-s120-value-p1-b070-sir32,tuning-single-n500,2026090605,radius,p50,87.65121277069781,m,valid
E001-v2,tuning,E,e-s120-value-p1-b070-sir32,tuning-single-n500,2026090605,radius,p95,171.68716552072692,m,valid
E001-v2,tuning,E,e-s120-value-p1-b070-sir32,tuning-single-n500,2026090605,radius,p99,218.67538942516137,m,valid
E001-v2,tuning,E,e-s120-value-p1-b070-sir32,tuning-single-n500,2026090605,radius,violations,0.0,count,valid
E001-v2,tuning,E,e-s120-value-p1-b070-sir32,tuning-single-n500,2026090605,seam300,value,1.1,ratio,valid
E001-v2,tuning,E,e-s120-value-p1-b100-rejection128,tuning-grid-imbalanced-n4500,,a4,max,0.05929592940895754,ratio,valid
E001-v2,tuning,E,e-s120-value-p1-b100-rejection128,tuning-grid-imbalanced-n4500,,a4,median,0.004680033243012872,ratio,valid
E001-v2,tuning,E,e-s120-value-p1-b100-rejection128,tuning-grid-imbalanced-n4500,,a4,min,0.0,ratio,valid
E001-v2,tuning,E,e-s120-value-p1-b100-rejection128,tuning-grid-imbalanced-n4500,,hotspot50,cv,1.3986329833885023,ratio,valid
E001-v2,tuning,E,e-s120-value-p1-b100-rejection128,tuning-grid-imbalanced-n4500,,hotspot50,max,77.0,count,valid
E001-v2,tuning,E,e-s120-value-p1-b100-rejection128,tuning-grid-imbalanced-n4500,,hotspot50,p99,51.0,count,valid
E001-v2,tuning,E,e-s120-value-p1-b100-rejection128,tuning-grid-imbalanced-n4500,,neighbors10,value,2.8333333333333335,count,valid
E001-v2,tuning,E,e-s120-value-p1-b100-rejection128,tuning-grid-imbalanced-n4500,,proximity16,value,0.9537777777777777,ratio,valid
E001-v2,tuning,E,e-s120-value-p1-b100-rejection128,tuning-grid-imbalanced-n4500,,proximity24,value,0.9846666666666667,ratio,valid
E001-v2,tuning,E,e-s120-value-p1-b100-rejection128,tuning-grid-imbalanced-n4500,,proximity8,value,0.7217777777777777,ratio,valid
E001-v2,tuning,E,e-s120-value-p1-b100-rejection128,tuning-grid-imbalanced-n4500,,radius,max.max,259.3975614767598,m,valid
E001-v2,tuning,E,e-s120-value-p1-b100-rejection128,tuning-grid-imbalanced-n4500,,radius,max.median,252.75942696741177,m,valid
E001-v2,tuning,E,e-s120-value-p1-b100-rejection128,tuning-grid-imbalanced-n4500,,radius,max.min,244.27158074725745,m,valid
E001-v2,tuning,E,e-s120-value-p1-b100-rejection128,tuning-grid-imbalanced-n4500,,radius,p50.max,99.97872075321128,m,valid
E001-v2,tuning,E,e-s120-value-p1-b100-rejection128,tuning-grid-imbalanced-n4500,,radius,p50.median,98.86475199284517,m,valid
E001-v2,tuning,E,e-s120-value-p1-b100-rejection128,tuning-grid-imbalanced-n4500,,radius,p50.min,95.31821983356477,m,valid
E001-v2,tuning,E,e-s120-value-p1-b100-rejection128,tuning-grid-imbalanced-n4500,,radius,p95.max,193.8061494544413,m,valid
E001-v2,tuning,E,e-s120-value-p1-b100-rejection128,tuning-grid-imbalanced-n4500,,radius,p95.median,187.44887050290126,m,valid
E001-v2,tuning,E,e-s120-value-p1-b100-rejection128,tuning-grid-imbalanced-n4500,,radius,p95.min,185.83925167930923,m,valid
E001-v2,tuning,E,e-s120-value-p1-b100-rejection128,tuning-grid-imbalanced-n4500,,radius,p99.max,229.78719550841694,m,valid
E001-v2,tuning,E,e-s120-value-p1-b100-rejection128,tuning-grid-imbalanced-n4500,,radius,p99.median,223.44074307744322,m,valid
E001-v2,tuning,E,e-s120-value-p1-b100-rejection128,tuning-grid-imbalanced-n4500,,radius,p99.min,220.30061431561836,m,valid
E001-v2,tuning,E,e-s120-value-p1-b100-rejection128,tuning-grid-imbalanced-n4500,,radius,violations.max,0.0,count,valid
E001-v2,tuning,E,e-s120-value-p1-b100-rejection128,tuning-grid-imbalanced-n4500,,radius,violations.median,0.0,count,valid
E001-v2,tuning,E,e-s120-value-p1-b100-rejection128,tuning-grid-imbalanced-n4500,,radius,violations.min,0.0,count,valid
E001-v2,tuning,E,e-s120-value-p1-b100-rejection128,tuning-grid-imbalanced-n4500,,samplerFailureCount,value,0.0,count,valid
E001-v2,tuning,E,e-s120-value-p1-b100-rejection128,tuning-grid-imbalanced-n4500,,seam300,max,0.4517383512544803,ratio,valid
E001-v2,tuning,E,e-s120-value-p1-b100-rejection128,tuning-grid-imbalanced-n4500,,seam300,median,0.28609945609945614,ratio,valid
E001-v2,tuning,E,e-s120-value-p1-b100-rejection128,tuning-grid-imbalanced-n4500,,seam300,min,0.19861111111111113,ratio,valid
E001-v2,tuning,E,e-s120-value-p1-b100-rejection128,tuning-grid-imbalanced-n4500,2026090601,a4,value,0.05929592940895754,ratio,valid
E001-v2,tuning,E,e-s120-value-p1-b100-rejection128,tuning-grid-imbalanced-n4500,2026090601,radius,max,259.3975614767598,m,valid
E001-v2,tuning,E,e-s120-value-p1-b100-rejection128,tuning-grid-imbalanced-n4500,2026090601,radius,p50,95.31821983356477,m,valid
E001-v2,tuning,E,e-s120-value-p1-b100-rejection128,tuning-grid-imbalanced-n4500,2026090601,radius,p95,193.8061494544413,m,valid
E001-v2,tuning,E,e-s120-value-p1-b100-rejection128,tuning-grid-imbalanced-n4500,2026090601,radius,p99,227.89034761750716,m,valid
E001-v2,tuning,E,e-s120-value-p1-b100-rejection128,tuning-grid-imbalanced-n4500,2026090601,radius,violations,0.0,count,valid
E001-v2,tuning,E,e-s120-value-p1-b100-rejection128,tuning-grid-imbalanced-n4500,2026090601,seam300,value,0.19861111111111113,ratio,valid
E001-v2,tuning,E,e-s120-value-p1-b100-rejection128,tuning-grid-imbalanced-n4500,2026090602,a4,value,0.03969268671666938,ratio,valid
E001-v2,tuning,E,e-s120-value-p1-b100-rejection128,tuning-grid-imbalanced-n4500,2026090602,radius,max,244.27158074725745,m,valid
E001-v2,tuning,E,e-s120-value-p1-b100-rejection128,tuning-grid-imbalanced-n4500,2026090602,radius,p50,99.11423033130355,m,valid
E001-v2,tuning,E,e-s120-value-p1-b100-rejection128,tuning-grid-imbalanced-n4500,2026090602,radius,p95,187.44887050290126,m,valid
E001-v2,tuning,E,e-s120-value-p1-b100-rejection128,tuning-grid-imbalanced-n4500,2026090602,radius,p99,223.44074307744322,m,valid
E001-v2,tuning,E,e-s120-value-p1-b100-rejection128,tuning-grid-imbalanced-n4500,2026090602,radius,violations,0.0,count,valid
E001-v2,tuning,E,e-s120-value-p1-b100-rejection128,tuning-grid-imbalanced-n4500,2026090602,seam300,value,0.21291666666666667,ratio,valid
E001-v2,tuning,E,e-s120-value-p1-b100-rejection128,tuning-grid-imbalanced-n4500,2026090603,a4,value,0.0,ratio,valid
E001-v2,tuning,E,e-s120-value-p1-b100-rejection128,tuning-grid-imbalanced-n4500,2026090603,radius,max,256.14640142367995,m,valid
E001-v2,tuning,E,e-s120-value-p1-b100-rejection128,tuning-grid-imbalanced-n4500,2026090603,radius,p50,98.47748150346199,m,valid
E001-v2,tuning,E,e-s120-value-p1-b100-rejection128,tuning-grid-imbalanced-n4500,2026090603,radius,p95,190.07393041502704,m,valid
E001-v2,tuning,E,e-s120-value-p1-b100-rejection128,tuning-grid-imbalanced-n4500,2026090603,radius,p99,222.71961415067662,m,valid
E001-v2,tuning,E,e-s120-value-p1-b100-rejection128,tuning-grid-imbalanced-n4500,2026090603,radius,violations,0.0,count,valid
E001-v2,tuning,E,e-s120-value-p1-b100-rejection128,tuning-grid-imbalanced-n4500,2026090603,seam300,value,0.4517383512544803,ratio,valid
E001-v2,tuning,E,e-s120-value-p1-b100-rejection128,tuning-grid-imbalanced-n4500,2026090604,a4,value,0.0,ratio,valid
E001-v2,tuning,E,e-s120-value-p1-b100-rejection128,tuning-grid-imbalanced-n4500,2026090604,radius,max,250.90877098549203,m,valid
E001-v2,tuning,E,e-s120-value-p1-b100-rejection128,tuning-grid-imbalanced-n4500,2026090604,radius,p50,99.97872075321128,m,valid
E001-v2,tuning,E,e-s120-value-p1-b100-rejection128,tuning-grid-imbalanced-n4500,2026090604,radius,p95,185.83925167930923,m,valid
E001-v2,tuning,E,e-s120-value-p1-b100-rejection128,tuning-grid-imbalanced-n4500,2026090604,radius,p99,229.78719550841694,m,valid
E001-v2,tuning,E,e-s120-value-p1-b100-rejection128,tuning-grid-imbalanced-n4500,2026090604,radius,violations,0.0,count,valid
E001-v2,tuning,E,e-s120-value-p1-b100-rejection128,tuning-grid-imbalanced-n4500,2026090604,seam300,value,0.2922427035330261,ratio,valid
E001-v2,tuning,E,e-s120-value-p1-b100-rejection128,tuning-grid-imbalanced-n4500,2026090605,a4,value,0.004680033243012872,ratio,valid
E001-v2,tuning,E,e-s120-value-p1-b100-rejection128,tuning-grid-imbalanced-n4500,2026090605,radius,max,252.75942696741177,m,valid
E001-v2,tuning,E,e-s120-value-p1-b100-rejection128,tuning-grid-imbalanced-n4500,2026090605,radius,p50,98.86475199284517,m,valid
E001-v2,tuning,E,e-s120-value-p1-b100-rejection128,tuning-grid-imbalanced-n4500,2026090605,radius,p95,186.71153326343494,m,valid
E001-v2,tuning,E,e-s120-value-p1-b100-rejection128,tuning-grid-imbalanced-n4500,2026090605,radius,p99,220.30061431561836,m,valid
E001-v2,tuning,E,e-s120-value-p1-b100-rejection128,tuning-grid-imbalanced-n4500,2026090605,radius,violations,0.0,count,valid
E001-v2,tuning,E,e-s120-value-p1-b100-rejection128,tuning-grid-imbalanced-n4500,2026090605,seam300,value,0.28609945609945614,ratio,valid
E001-v2,tuning,E,e-s120-value-p1-b100-rejection128,tuning-single-n500,,a4,max,0.13854304909969287,ratio,valid
E001-v2,tuning,E,e-s120-value-p1-b100-rejection128,tuning-single-n500,,a4,median,0.0,ratio,valid
E001-v2,tuning,E,e-s120-value-p1-b100-rejection128,tuning-single-n500,,a4,min,0.0,ratio,valid
E001-v2,tuning,E,e-s120-value-p1-b100-rejection128,tuning-single-n500,,hotspot50,cv,1.8368843186221626,ratio,valid
E001-v2,tuning,E,e-s120-value-p1-b100-rejection128,tuning-single-n500,,hotspot50,max,29.0,count,valid
E001-v2,tuning,E,e-s120-value-p1-b100-rejection128,tuning-single-n500,,hotspot50,p99,27.0,count,valid
E001-v2,tuning,E,e-s120-value-p1-b100-rejection128,tuning-single-n500,,neighbors10,value,1.872,count,valid
E001-v2,tuning,E,e-s120-value-p1-b100-rejection128,tuning-single-n500,,proximity16,value,0.904,ratio,valid
E001-v2,tuning,E,e-s120-value-p1-b100-rejection128,tuning-single-n500,,proximity24,value,0.96,ratio,valid
E001-v2,tuning,E,e-s120-value-p1-b100-rejection128,tuning-single-n500,,proximity8,value,0.64,ratio,valid
E001-v2,tuning,E,e-s120-value-p1-b100-rejection128,tuning-single-n500,,radialKs,max,0.14,ratio,valid
E001-v2,tuning,E,e-s120-value-p1-b100-rejection128,tuning-single-n500,,radialKs,median,0.08999999999999997,ratio,valid
E001-v2,tuning,E,e-s120-value-p1-b100-rejection128,tuning-single-n500,,radialKs,min,0.06999999999999995,ratio,valid
E001-v2,tuning,E,e-s120-value-p1-b100-rejection128,tuning-single-n500,,radius,max.max,264.38477759912854,m,valid
E001-v2,tuning,E,e-s120-value-p1-b100-rejection128,tuning-single-n500,,radius,max.median,244.22736603681926,m,valid
E001-v2,tuning,E,e-s120-value-p1-b100-rejection128,tuning-single-n500,,radius,max.min,215.99403323167547,m,valid
E001-v2,tuning,E,e-s120-value-p1-b100-rejection128,tuning-single-n500,,radius,p50.max,109.56369275699389,m,valid
E001-v2,tuning,E,e-s120-value-p1-b100-rejection128,tuning-single-n500,,radius,p50.median,101.964772248929,m,valid
E001-v2,tuning,E,e-s120-value-p1-b100-rejection128,tuning-single-n500,,radius,p50.min,92.77447548854633,m,valid
E001-v2,tuning,E,e-s120-value-p1-b100-rejection128,tuning-single-n500,,radius,p95.max,203.46272129503188,m,valid
E001-v2,tuning,E,e-s120-value-p1-b100-rejection128,tuning-single-n500,,radius,p95.median,183.86723734152295,m,valid
E001-v2,tuning,E,e-s120-value-p1-b100-rejection128,tuning-single-n500,,radius,p95.min,171.18569116418672,m,valid
E001-v2,tuning,E,e-s120-value-p1-b100-rejection128,tuning-single-n500,,radius,p99.max,245.9698003969161,m,valid
E001-v2,tuning,E,e-s120-value-p1-b100-rejection128,tuning-single-n500,,radius,p99.median,212.62536335895408,m,valid
E001-v2,tuning,E,e-s120-value-p1-b100-rejection128,tuning-single-n500,,radius,p99.min,202.99682783251583,m,valid
E001-v2,tuning,E,e-s120-value-p1-b100-rejection128,tuning-single-n500,,radius,violations.max,0.0,count,valid
E001-v2,tuning,E,e-s120-value-p1-b100-rejection128,tuning-single-n500,,radius,violations.median,0.0,count,valid
E001-v2,tuning,E,e-s120-value-p1-b100-rejection128,tuning-single-n500,,radius,violations.min,0.0,count,valid
E001-v2,tuning,E,e-s120-value-p1-b100-rejection128,tuning-single-n500,,samplerFailureCount,value,0.0,count,valid
E001-v2,tuning,E,e-s120-value-p1-b100-rejection128,tuning-single-n500,,seam300,max,1.0,ratio,valid
E001-v2,tuning,E,e-s120-value-p1-b100-rejection128,tuning-single-n500,,seam300,median,0.8333333333333334,ratio,valid
E001-v2,tuning,E,e-s120-value-p1-b100-rejection128,tuning-single-n500,,seam300,min,0.7678571428571428,ratio,valid
E001-v2,tuning,E,e-s120-value-p1-b100-rejection128,tuning-single-n500,2026090601,a4,value,0.13854304909969287,ratio,valid
E001-v2,tuning,E,e-s120-value-p1-b100-rejection128,tuning-single-n500,2026090601,radialKs,value,0.07,ratio,valid
E001-v2,tuning,E,e-s120-value-p1-b100-rejection128,tuning-single-n500,2026090601,radius,max,264.38477759912854,m,valid
E001-v2,tuning,E,e-s120-value-p1-b100-rejection128,tuning-single-n500,2026090601,radius,p50,102.93955025565354,m,valid
E001-v2,tuning,E,e-s120-value-p1-b100-rejection128,tuning-single-n500,2026090601,radius,p95,203.46272129503188,m,valid
E001-v2,tuning,E,e-s120-value-p1-b100-rejection128,tuning-single-n500,2026090601,radius,p99,245.9698003969161,m,valid
E001-v2,tuning,E,e-s120-value-p1-b100-rejection128,tuning-single-n500,2026090601,radius,violations,0.0,count,valid
E001-v2,tuning,E,e-s120-value-p1-b100-rejection128,tuning-single-n500,2026090601,seam300,value,1.0,ratio,valid
E001-v2,tuning,E,e-s120-value-p1-b100-rejection128,tuning-single-n500,2026090602,a4,value,0.0,ratio,valid
E001-v2,tuning,E,e-s120-value-p1-b100-rejection128,tuning-single-n500,2026090602,radialKs,value,0.06999999999999995,ratio,valid
E001-v2,tuning,E,e-s120-value-p1-b100-rejection128,tuning-single-n500,2026090602,radius,max,219.53699942768847,m,valid
E001-v2,tuning,E,e-s120-value-p1-b100-rejection128,tuning-single-n500,2026090602,radius,p50,101.964772248929,m,valid
E001-v2,tuning,E,e-s120-value-p1-b100-rejection128,tuning-single-n500,2026090602,radius,p95,201.49438780131828,m,valid
E001-v2,tuning,E,e-s120-value-p1-b100-rejection128,tuning-single-n500,2026090602,radius,p99,218.5956484239298,m,valid
E001-v2,tuning,E,e-s120-value-p1-b100-rejection128,tuning-single-n500,2026090602,radius,violations,0.0,count,valid
E001-v2,tuning,E,e-s120-value-p1-b100-rejection128,tuning-single-n500,2026090602,seam300,value,0.851190476190476,ratio,valid
E001-v2,tuning,E,e-s120-value-p1-b100-rejection128,tuning-single-n500,2026090603,a4,value,0.0,ratio,valid
E001-v2,tuning,E,e-s120-value-p1-b100-rejection128,tuning-single-n500,2026090603,radialKs,value,0.08999999999999997,ratio,valid
E001-v2,tuning,E,e-s120-value-p1-b100-rejection128,tuning-single-n500,2026090603,radius,max,215.99403323167547,m,valid
E001-v2,tuning,E,e-s120-value-p1-b100-rejection128,tuning-single-n500,2026090603,radius,p50,92.77447548854633,m,valid
E001-v2,tuning,E,e-s120-value-p1-b100-rejection128,tuning-single-n500,2026090603,radius,p95,175.5530953899543,m,valid
E001-v2,tuning,E,e-s120-value-p1-b100-rejection128,tuning-single-n500,2026090603,radius,p99,202.99682783251583,m,valid
E001-v2,tuning,E,e-s120-value-p1-b100-rejection128,tuning-single-n500,2026090603,radius,violations,0.0,count,valid
E001-v2,tuning,E,e-s120-value-p1-b100-rejection128,tuning-single-n500,2026090603,seam300,value,0.8333333333333334,ratio,valid
E001-v2,tuning,E,e-s120-value-p1-b100-rejection128,tuning-single-n500,2026090604,a4,value,0.0,ratio,valid
E001-v2,tuning,E,e-s120-value-p1-b100-rejection128,tuning-single-n500,2026090604,radialKs,value,0.10999999999999999,ratio,valid
E001-v2,tuning,E,e-s120-value-p1-b100-rejection128,tuning-single-n500,2026090604,radius,max,244.22736603681926,m,valid
E001-v2,tuning,E,e-s120-value-p1-b100-rejection128,tuning-single-n500,2026090604,radius,p50,96.86777031071604,m,valid
E001-v2,tuning,E,e-s120-value-p1-b100-rejection128,tuning-single-n500,2026090604,radius,p95,171.18569116418672,m,valid
E001-v2,tuning,E,e-s120-value-p1-b100-rejection128,tuning-single-n500,2026090604,radius,p99,212.62536335895408,m,valid
E001-v2,tuning,E,e-s120-value-p1-b100-rejection128,tuning-single-n500,2026090604,radius,violations,0.0,count,valid
E001-v2,tuning,E,e-s120-value-p1-b100-rejection128,tuning-single-n500,2026090604,seam300,value,0.7833333333333333,ratio,valid
E001-v2,tuning,E,e-s120-value-p1-b100-rejection128,tuning-single-n500,2026090605,a4,value,0.0,ratio,valid
E001-v2,tuning,E,e-s120-value-p1-b100-rejection128,tuning-single-n500,2026090605,radialKs,value,0.14,ratio,valid
E001-v2,tuning,E,e-s120-value-p1-b100-rejection128,tuning-single-n500,2026090605,radius,max,261.1429718099526,m,valid
E001-v2,tuning,E,e-s120-value-p1-b100-rejection128,tuning-single-n500,2026090605,radius,p50,109.56369275699389,m,valid
E001-v2,tuning,E,e-s120-value-p1-b100-rejection128,tuning-single-n500,2026090605,radius,p95,183.86723734152295,m,valid
E001-v2,tuning,E,e-s120-value-p1-b100-rejection128,tuning-single-n500,2026090605,radius,p99,211.78743563147134,m,valid
E001-v2,tuning,E,e-s120-value-p1-b100-rejection128,tuning-single-n500,2026090605,radius,violations,0.0,count,valid
E001-v2,tuning,E,e-s120-value-p1-b100-rejection128,tuning-single-n500,2026090605,seam300,value,0.7678571428571428,ratio,valid
E001-v2,tuning,E,e-s120-value-p1-b100-sir16,tuning-grid-imbalanced-n4500,,a4,max,0.0,ratio,valid
E001-v2,tuning,E,e-s120-value-p1-b100-sir16,tuning-grid-imbalanced-n4500,,a4,median,0.0,ratio,valid
E001-v2,tuning,E,e-s120-value-p1-b100-sir16,tuning-grid-imbalanced-n4500,,a4,min,0.0,ratio,valid
E001-v2,tuning,E,e-s120-value-p1-b100-sir16,tuning-grid-imbalanced-n4500,,hotspot50,cv,1.4276382984184444,ratio,valid
E001-v2,tuning,E,e-s120-value-p1-b100-sir16,tuning-grid-imbalanced-n4500,,hotspot50,max,72.0,count,valid
E001-v2,tuning,E,e-s120-value-p1-b100-sir16,tuning-grid-imbalanced-n4500,,hotspot50,p99,49.0,count,valid
E001-v2,tuning,E,e-s120-value-p1-b100-sir16,tuning-grid-imbalanced-n4500,,neighbors10,value,2.900888888888889,count,valid
E001-v2,tuning,E,e-s120-value-p1-b100-sir16,tuning-grid-imbalanced-n4500,,proximity16,value,0.95,ratio,valid
E001-v2,tuning,E,e-s120-value-p1-b100-sir16,tuning-grid-imbalanced-n4500,,proximity24,value,0.9862222222222222,ratio,valid
E001-v2,tuning,E,e-s120-value-p1-b100-sir16,tuning-grid-imbalanced-n4500,,proximity8,value,0.7322222222222222,ratio,valid
E001-v2,tuning,E,e-s120-value-p1-b100-sir16,tuning-grid-imbalanced-n4500,,radius,max.max,260.40206622840856,m,valid
E001-v2,tuning,E,e-s120-value-p1-b100-sir16,tuning-grid-imbalanced-n4500,,radius,max.median,247.52346658635568,m,valid
E001-v2,tuning,E,e-s120-value-p1-b100-sir16,tuning-grid-imbalanced-n4500,,radius,max.min,243.72553063254,m,valid
E001-v2,tuning,E,e-s120-value-p1-b100-sir16,tuning-grid-imbalanced-n4500,,radius,p50.max,98.66213945737955,m,valid
E001-v2,tuning,E,e-s120-value-p1-b100-sir16,tuning-grid-imbalanced-n4500,,radius,p50.median,95.74004405928842,m,valid
E001-v2,tuning,E,e-s120-value-p1-b100-sir16,tuning-grid-imbalanced-n4500,,radius,p50.min,94.03189718237523,m,valid
E001-v2,tuning,E,e-s120-value-p1-b100-sir16,tuning-grid-imbalanced-n4500,,radius,p95.max,191.6933722972034,m,valid
E001-v2,tuning,E,e-s120-value-p1-b100-sir16,tuning-grid-imbalanced-n4500,,radius,p95.median,187.63806242543106,m,valid
E001-v2,tuning,E,e-s120-value-p1-b100-sir16,tuning-grid-imbalanced-n4500,,radius,p95.min,182.04875496799124,m,valid
E001-v2,tuning,E,e-s120-value-p1-b100-sir16,tuning-grid-imbalanced-n4500,,radius,p99.max,233.83542484851424,m,valid
E001-v2,tuning,E,e-s120-value-p1-b100-sir16,tuning-grid-imbalanced-n4500,,radius,p99.median,220.38642352200358,m,valid
E001-v2,tuning,E,e-s120-value-p1-b100-sir16,tuning-grid-imbalanced-n4500,,radius,p99.min,219.3590706210696,m,valid
E001-v2,tuning,E,e-s120-value-p1-b100-sir16,tuning-grid-imbalanced-n4500,,radius,violations.max,0.0,count,valid
E001-v2,tuning,E,e-s120-value-p1-b100-sir16,tuning-grid-imbalanced-n4500,,radius,violations.median,0.0,count,valid
E001-v2,tuning,E,e-s120-value-p1-b100-sir16,tuning-grid-imbalanced-n4500,,radius,violations.min,0.0,count,valid
E001-v2,tuning,E,e-s120-value-p1-b100-sir16,tuning-grid-imbalanced-n4500,,samplerFailureCount,value,0.0,count,valid
E001-v2,tuning,E,e-s120-value-p1-b100-sir16,tuning-grid-imbalanced-n4500,,seam300,max,0.49621212121212127,ratio,valid
E001-v2,tuning,E,e-s120-value-p1-b100-sir16,tuning-grid-imbalanced-n4500,,seam300,median,0.3979166666666667,ratio,valid
E001-v2,tuning,E,e-s120-value-p1-b100-sir16,tuning-grid-imbalanced-n4500,,seam300,min,0.14367201426024956,ratio,valid
E001-v2,tuning,E,e-s120-value-p1-b100-sir16,tuning-grid-imbalanced-n4500,2026090601,a4,value,0.0,ratio,valid
E001-v2,tuning,E,e-s120-value-p1-b100-sir16,tuning-grid-imbalanced-n4500,2026090601,radius,max,260.40206622840856,m,valid
E001-v2,tuning,E,e-s120-value-p1-b100-sir16,tuning-grid-imbalanced-n4500,2026090601,radius,p50,94.03189718237523,m,valid
E001-v2,tuning,E,e-s120-value-p1-b100-sir16,tuning-grid-imbalanced-n4500,2026090601,radius,p95,188.86970937968323,m,valid
E001-v2,tuning,E,e-s120-value-p1-b100-sir16,tuning-grid-imbalanced-n4500,2026090601,radius,p99,233.83542484851424,m,valid
E001-v2,tuning,E,e-s120-value-p1-b100-sir16,tuning-grid-imbalanced-n4500,2026090601,radius,violations,0.0,count,valid
E001-v2,tuning,E,e-s120-value-p1-b100-sir16,tuning-grid-imbalanced-n4500,2026090601,seam300,value,0.3979166666666667,ratio,valid
E001-v2,tuning,E,e-s120-value-p1-b100-sir16,tuning-grid-imbalanced-n4500,2026090602,a4,value,0.0,ratio,valid
E001-v2,tuning,E,e-s120-value-p1-b100-sir16,tuning-grid-imbalanced-n4500,2026090602,radius,max,247.52346658635568,m,valid
E001-v2,tuning,E,e-s120-value-p1-b100-sir16,tuning-grid-imbalanced-n4500,2026090602,radius,p50,95.16091873474808,m,valid
E001-v2,tuning,E,e-s120-value-p1-b100-sir16,tuning-grid-imbalanced-n4500,2026090602,radius,p95,187.63806242543106,m,valid
E001-v2,tuning,E,e-s120-value-p1-b100-sir16,tuning-grid-imbalanced-n4500,2026090602,radius,p99,227.56958011471428,m,valid
E001-v2,tuning,E,e-s120-value-p1-b100-sir16,tuning-grid-imbalanced-n4500,2026090602,radius,violations,0.0,count,valid
E001-v2,tuning,E,e-s120-value-p1-b100-sir16,tuning-grid-imbalanced-n4500,2026090602,seam300,value,0.49621212121212127,ratio,valid
E001-v2,tuning,E,e-s120-value-p1-b100-sir16,tuning-grid-imbalanced-n4500,2026090603,a4,value,0.0,ratio,valid
E001-v2,tuning,E,e-s120-value-p1-b100-sir16,tuning-grid-imbalanced-n4500,2026090603,radius,max,251.9781875235995,m,valid
E001-v2,tuning,E,e-s120-value-p1-b100-sir16,tuning-grid-imbalanced-n4500,2026090603,radius,p50,96.7990051032284,m,valid
E001-v2,tuning,E,e-s120-value-p1-b100-sir16,tuning-grid-imbalanced-n4500,2026090603,radius,p95,191.6933722972034,m,valid
E001-v2,tuning,E,e-s120-value-p1-b100-sir16,tuning-grid-imbalanced-n4500,2026090603,radius,p99,219.3590706210696,m,valid
E001-v2,tuning,E,e-s120-value-p1-b100-sir16,tuning-grid-imbalanced-n4500,2026090603,radius,violations,0.0,count,valid
E001-v2,tuning,E,e-s120-value-p1-b100-sir16,tuning-grid-imbalanced-n4500,2026090603,seam300,value,0.4222222222222222,ratio,valid
E001-v2,tuning,E,e-s120-value-p1-b100-sir16,tuning-grid-imbalanced-n4500,2026090604,a4,value,0.0,ratio,valid
E001-v2,tuning,E,e-s120-value-p1-b100-sir16,tuning-grid-imbalanced-n4500,2026090604,radius,max,243.72553063254,m,valid
E001-v2,tuning,E,e-s120-value-p1-b100-sir16,tuning-grid-imbalanced-n4500,2026090604,radius,p50,95.74004405928842,m,valid
E001-v2,tuning,E,e-s120-value-p1-b100-sir16,tuning-grid-imbalanced-n4500,2026090604,radius,p95,182.04875496799124,m,valid
E001-v2,tuning,E,e-s120-value-p1-b100-sir16,tuning-grid-imbalanced-n4500,2026090604,radius,p99,220.38642352200358,m,valid
E001-v2,tuning,E,e-s120-value-p1-b100-sir16,tuning-grid-imbalanced-n4500,2026090604,radius,violations,0.0,count,valid
E001-v2,tuning,E,e-s120-value-p1-b100-sir16,tuning-grid-imbalanced-n4500,2026090604,seam300,value,0.28365384615384615,ratio,valid
E001-v2,tuning,E,e-s120-value-p1-b100-sir16,tuning-grid-imbalanced-n4500,2026090605,a4,value,0.0,ratio,valid
E001-v2,tuning,E,e-s120-value-p1-b100-sir16,tuning-grid-imbalanced-n4500,2026090605,radius,max,244.5268507516374,m,valid
E001-v2,tuning,E,e-s120-value-p1-b100-sir16,tuning-grid-imbalanced-n4500,2026090605,radius,p50,98.66213945737955,m,valid
E001-v2,tuning,E,e-s120-value-p1-b100-sir16,tuning-grid-imbalanced-n4500,2026090605,radius,p95,186.2880558868961,m,valid
E001-v2,tuning,E,e-s120-value-p1-b100-sir16,tuning-grid-imbalanced-n4500,2026090605,radius,p99,220.30548091949737,m,valid
E001-v2,tuning,E,e-s120-value-p1-b100-sir16,tuning-grid-imbalanced-n4500,2026090605,radius,violations,0.0,count,valid
E001-v2,tuning,E,e-s120-value-p1-b100-sir16,tuning-grid-imbalanced-n4500,2026090605,seam300,value,0.14367201426024956,ratio,valid
E001-v2,tuning,E,e-s120-value-p1-b100-sir16,tuning-single-n500,,a4,max,0.0629533539269651,ratio,valid
E001-v2,tuning,E,e-s120-value-p1-b100-sir16,tuning-single-n500,,a4,median,0.0,ratio,valid
E001-v2,tuning,E,e-s120-value-p1-b100-sir16,tuning-single-n500,,a4,min,0.0,ratio,valid
E001-v2,tuning,E,e-s120-value-p1-b100-sir16,tuning-single-n500,,hotspot50,cv,1.8007820523317106,ratio,valid
E001-v2,tuning,E,e-s120-value-p1-b100-sir16,tuning-single-n500,,hotspot50,max,25.0,count,valid
E001-v2,tuning,E,e-s120-value-p1-b100-sir16,tuning-single-n500,,hotspot50,p99,24.0,count,valid
E001-v2,tuning,E,e-s120-value-p1-b100-sir16,tuning-single-n500,,neighbors10,value,1.792,count,valid
E001-v2,tuning,E,e-s120-value-p1-b100-sir16,tuning-single-n500,,proximity16,value,0.918,ratio,valid
E001-v2,tuning,E,e-s120-value-p1-b100-sir16,tuning-single-n500,,proximity24,value,0.966,ratio,valid
E001-v2,tuning,E,e-s120-value-p1-b100-sir16,tuning-single-n500,,proximity8,value,0.638,ratio,valid
E001-v2,tuning,E,e-s120-value-p1-b100-sir16,tuning-single-n500,,radialKs,max,0.17000000000000004,ratio,valid
E001-v2,tuning,E,e-s120-value-p1-b100-sir16,tuning-single-n500,,radialKs,median,0.08999999999999997,ratio,valid
E001-v2,tuning,E,e-s120-value-p1-b100-sir16,tuning-single-n500,,radialKs,min,0.07,ratio,valid
E001-v2,tuning,E,e-s120-value-p1-b100-sir16,tuning-single-n500,,radius,max.max,247.39011235907736,m,valid
E001-v2,tuning,E,e-s120-value-p1-b100-sir16,tuning-single-n500,,radius,max.median,228.45663756666616,m,valid
E001-v2,tuning,E,e-s120-value-p1-b100-sir16,tuning-single-n500,,radius,max.min,218.38416879174773,m,valid
E001-v2,tuning,E,e-s120-value-p1-b100-sir16,tuning-single-n500,,radius,p50.max,110.22572028925201,m,valid
E001-v2,tuning,E,e-s120-value-p1-b100-sir16,tuning-single-n500,,radius,p50.median,96.05618162143453,m,valid
E001-v2,tuning,E,e-s120-value-p1-b100-sir16,tuning-single-n500,,radius,p50.min,92.58220946584032,m,valid
E001-v2,tuning,E,e-s120-value-p1-b100-sir16,tuning-single-n500,,radius,p95.max,197.73355069956241,m,valid
E001-v2,tuning,E,e-s120-value-p1-b100-sir16,tuning-single-n500,,radius,p95.median,191.40107022939122,m,valid
E001-v2,tuning,E,e-s120-value-p1-b100-sir16,tuning-single-n500,,radius,p95.min,182.1372193065513,m,valid
E001-v2,tuning,E,e-s120-value-p1-b100-sir16,tuning-single-n500,,radius,p99.max,228.5737169549675,m,valid
E001-v2,tuning,E,e-s120-value-p1-b100-sir16,tuning-single-n500,,radius,p99.median,210.7353247265832,m,valid
E001-v2,tuning,E,e-s120-value-p1-b100-sir16,tuning-single-n500,,radius,p99.min,203.72780584614486,m,valid
E001-v2,tuning,E,e-s120-value-p1-b100-sir16,tuning-single-n500,,radius,violations.max,0.0,count,valid
E001-v2,tuning,E,e-s120-value-p1-b100-sir16,tuning-single-n500,,radius,violations.median,0.0,count,valid
E001-v2,tuning,E,e-s120-value-p1-b100-sir16,tuning-single-n500,,radius,violations.min,0.0,count,valid
E001-v2,tuning,E,e-s120-value-p1-b100-sir16,tuning-single-n500,,samplerFailureCount,value,0.0,count,valid
E001-v2,tuning,E,e-s120-value-p1-b100-sir16,tuning-single-n500,,seam300,max,0.9166666666666666,ratio,valid
E001-v2,tuning,E,e-s120-value-p1-b100-sir16,tuning-single-n500,,seam300,median,0.75,ratio,valid
E001-v2,tuning,E,e-s120-value-p1-b100-sir16,tuning-single-n500,,seam300,min,0.5416666666666666,ratio,valid
E001-v2,tuning,E,e-s120-value-p1-b100-sir16,tuning-single-n500,2026090601,a4,value,0.0,ratio,valid
E001-v2,tuning,E,e-s120-value-p1-b100-sir16,tuning-single-n500,2026090601,radialKs,value,0.14999999999999997,ratio,valid
E001-v2,tuning,E,e-s120-value-p1-b100-sir16,tuning-single-n500,2026090601,radius,max,228.4353096608731,m,valid
E001-v2,tuning,E,e-s120-value-p1-b100-sir16,tuning-single-n500,2026090601,radius,p50,92.58220946584032,m,valid
E001-v2,tuning,E,e-s120-value-p1-b100-sir16,tuning-single-n500,2026090601,radius,p95,185.2510029690398,m,valid
E001-v2,tuning,E,e-s120-value-p1-b100-sir16,tuning-single-n500,2026090601,radius,p99,203.72780584614486,m,valid
E001-v2,tuning,E,e-s120-value-p1-b100-sir16,tuning-single-n500,2026090601,radius,violations,0.0,count,valid
E001-v2,tuning,E,e-s120-value-p1-b100-sir16,tuning-single-n500,2026090601,seam300,value,0.5416666666666666,ratio,valid
E001-v2,tuning,E,e-s120-value-p1-b100-sir16,tuning-single-n500,2026090602,a4,value,0.0,ratio,valid
E001-v2,tuning,E,e-s120-value-p1-b100-sir16,tuning-single-n500,2026090602,radialKs,value,0.08999999999999997,ratio,valid
E001-v2,tuning,E,e-s120-value-p1-b100-sir16,tuning-single-n500,2026090602,radius,max,247.39011235907736,m,valid
E001-v2,tuning,E,e-s120-value-p1-b100-sir16,tuning-single-n500,2026090602,radius,p50,103.15337008214551,m,valid
E001-v2,tuning,E,e-s120-value-p1-b100-sir16,tuning-single-n500,2026090602,radius,p95,197.73355069956241,m,valid
E001-v2,tuning,E,e-s120-value-p1-b100-sir16,tuning-single-n500,2026090602,radius,p99,206.1484834889502,m,valid
E001-v2,tuning,E,e-s120-value-p1-b100-sir16,tuning-single-n500,2026090602,radius,violations,0.0,count,valid
E001-v2,tuning,E,e-s120-value-p1-b100-sir16,tuning-single-n500,2026090602,seam300,value,0.625,ratio,valid
E001-v2,tuning,E,e-s120-value-p1-b100-sir16,tuning-single-n500,2026090603,a4,value,0.0,ratio,valid
E001-v2,tuning,E,e-s120-value-p1-b100-sir16,tuning-single-n500,2026090603,radialKs,value,0.17000000000000004,ratio,valid
E001-v2,tuning,E,e-s120-value-p1-b100-sir16,tuning-single-n500,2026090603,radius,max,218.38416879174773,m,valid
E001-v2,tuning,E,e-s120-value-p1-b100-sir16,tuning-single-n500,2026090603,radius,p50,110.22572028925201,m,valid
E001-v2,tuning,E,e-s120-value-p1-b100-sir16,tuning-single-n500,2026090603,radius,p95,182.1372193065513,m,valid
E001-v2,tuning,E,e-s120-value-p1-b100-sir16,tuning-single-n500,2026090603,radius,p99,210.7353247265832,m,valid
E001-v2,tuning,E,e-s120-value-p1-b100-sir16,tuning-single-n500,2026090603,radius,violations,0.0,count,valid
E001-v2,tuning,E,e-s120-value-p1-b100-sir16,tuning-single-n500,2026090603,seam300,value,0.75,ratio,valid
E001-v2,tuning,E,e-s120-value-p1-b100-sir16,tuning-single-n500,2026090604,a4,value,0.0,ratio,valid
E001-v2,tuning,E,e-s120-value-p1-b100-sir16,tuning-single-n500,2026090604,radialKs,value,0.07999999999999996,ratio,valid
E001-v2,tuning,E,e-s120-value-p1-b100-sir16,tuning-single-n500,2026090604,radius,max,233.09654236074596,m,valid
E001-v2,tuning,E,e-s120-value-p1-b100-sir16,tuning-single-n500,2026090604,radius,p50,96.05618162143453,m,valid
E001-v2,tuning,E,e-s120-value-p1-b100-sir16,tuning-single-n500,2026090604,radius,p95,193.964723194151,m,valid
E001-v2,tuning,E,e-s120-value-p1-b100-sir16,tuning-single-n500,2026090604,radius,p99,228.5737169549675,m,valid
E001-v2,tuning,E,e-s120-value-p1-b100-sir16,tuning-single-n500,2026090604,radius,violations,0.0,count,valid
E001-v2,tuning,E,e-s120-value-p1-b100-sir16,tuning-single-n500,2026090604,seam300,value,0.75,ratio,valid
E001-v2,tuning,E,e-s120-value-p1-b100-sir16,tuning-single-n500,2026090605,a4,value,0.0629533539269651,ratio,valid
E001-v2,tuning,E,e-s120-value-p1-b100-sir16,tuning-single-n500,2026090605,radialKs,value,0.07,ratio,valid
E001-v2,tuning,E,e-s120-value-p1-b100-sir16,tuning-single-n500,2026090605,radius,max,228.45663756666616,m,valid
E001-v2,tuning,E,e-s120-value-p1-b100-sir16,tuning-single-n500,2026090605,radius,p50,93.91505582604837,m,valid
E001-v2,tuning,E,e-s120-value-p1-b100-sir16,tuning-single-n500,2026090605,radius,p95,191.40107022939122,m,valid
E001-v2,tuning,E,e-s120-value-p1-b100-sir16,tuning-single-n500,2026090605,radius,p99,217.2243597416772,m,valid
E001-v2,tuning,E,e-s120-value-p1-b100-sir16,tuning-single-n500,2026090605,radius,violations,0.0,count,valid
E001-v2,tuning,E,e-s120-value-p1-b100-sir16,tuning-single-n500,2026090605,seam300,value,0.9166666666666666,ratio,valid
E001-v2,tuning,E,e-s120-value-p1-b100-sir32,tuning-grid-imbalanced-n4500,,a4,max,0.0427120814458124,ratio,valid
E001-v2,tuning,E,e-s120-value-p1-b100-sir32,tuning-grid-imbalanced-n4500,,a4,median,0.024796639155478674,ratio,valid
E001-v2,tuning,E,e-s120-value-p1-b100-sir32,tuning-grid-imbalanced-n4500,,a4,min,0.0,ratio,valid
E001-v2,tuning,E,e-s120-value-p1-b100-sir32,tuning-grid-imbalanced-n4500,,hotspot50,cv,1.3897990262384463,ratio,valid
E001-v2,tuning,E,e-s120-value-p1-b100-sir32,tuning-grid-imbalanced-n4500,,hotspot50,max,69.0,count,valid
E001-v2,tuning,E,e-s120-value-p1-b100-sir32,tuning-grid-imbalanced-n4500,,hotspot50,p99,51.0,count,valid
E001-v2,tuning,E,e-s120-value-p1-b100-sir32,tuning-grid-imbalanced-n4500,,neighbors10,value,2.796,count,valid
E001-v2,tuning,E,e-s120-value-p1-b100-sir32,tuning-grid-imbalanced-n4500,,proximity16,value,0.9517777777777777,ratio,valid
E001-v2,tuning,E,e-s120-value-p1-b100-sir32,tuning-grid-imbalanced-n4500,,proximity24,value,0.9844444444444445,ratio,valid
E001-v2,tuning,E,e-s120-value-p1-b100-sir32,tuning-grid-imbalanced-n4500,,proximity8,value,0.7131111111111111,ratio,valid
E001-v2,tuning,E,e-s120-value-p1-b100-sir32,tuning-grid-imbalanced-n4500,,radius,max.max,263.442388063703,m,valid
E001-v2,tuning,E,e-s120-value-p1-b100-sir32,tuning-grid-imbalanced-n4500,,radius,max.median,256.3916541090865,m,valid
E001-v2,tuning,E,e-s120-value-p1-b100-sir32,tuning-grid-imbalanced-n4500,,radius,max.min,246.49768856016522,m,valid
E001-v2,tuning,E,e-s120-value-p1-b100-sir32,tuning-grid-imbalanced-n4500,,radius,p50.max,102.3580970014799,m,valid
E001-v2,tuning,E,e-s120-value-p1-b100-sir32,tuning-grid-imbalanced-n4500,,radius,p50.median,99.05144366824692,m,valid
E001-v2,tuning,E,e-s120-value-p1-b100-sir32,tuning-grid-imbalanced-n4500,,radius,p50.min,96.34730331048802,m,valid
E001-v2,tuning,E,e-s120-value-p1-b100-sir32,tuning-grid-imbalanced-n4500,,radius,p95.max,189.5633966490945,m,valid
E001-v2,tuning,E,e-s120-value-p1-b100-sir32,tuning-grid-imbalanced-n4500,,radius,p95.median,185.71654830150703,m,valid
E001-v2,tuning,E,e-s120-value-p1-b100-sir32,tuning-grid-imbalanced-n4500,,radius,p95.min,183.05324569957446,m,valid
E001-v2,tuning,E,e-s120-value-p1-b100-sir32,tuning-grid-imbalanced-n4500,,radius,p99.max,225.64039400408805,m,valid
E001-v2,tuning,E,e-s120-value-p1-b100-sir32,tuning-grid-imbalanced-n4500,,radius,p99.median,217.53295201117038,m,valid
E001-v2,tuning,E,e-s120-value-p1-b100-sir32,tuning-grid-imbalanced-n4500,,radius,p99.min,212.7549210338033,m,valid
E001-v2,tuning,E,e-s120-value-p1-b100-sir32,tuning-grid-imbalanced-n4500,,radius,violations.max,0.0,count,valid
E001-v2,tuning,E,e-s120-value-p1-b100-sir32,tuning-grid-imbalanced-n4500,,radius,violations.median,0.0,count,valid
E001-v2,tuning,E,e-s120-value-p1-b100-sir32,tuning-grid-imbalanced-n4500,,radius,violations.min,0.0,count,valid
E001-v2,tuning,E,e-s120-value-p1-b100-sir32,tuning-grid-imbalanced-n4500,,samplerFailureCount,value,0.0,count,valid
E001-v2,tuning,E,e-s120-value-p1-b100-sir32,tuning-grid-imbalanced-n4500,,seam300,max,0.48272642390289444,ratio,valid
E001-v2,tuning,E,e-s120-value-p1-b100-sir32,tuning-grid-imbalanced-n4500,,seam300,median,0.34528186274509803,ratio,valid
E001-v2,tuning,E,e-s120-value-p1-b100-sir32,tuning-grid-imbalanced-n4500,,seam300,min,0.20721491228070174,ratio,valid
E001-v2,tuning,E,e-s120-value-p1-b100-sir32,tuning-grid-imbalanced-n4500,2026090601,a4,value,0.02581949222827669,ratio,valid
E001-v2,tuning,E,e-s120-value-p1-b100-sir32,tuning-grid-imbalanced-n4500,2026090601,radius,max,246.49768856016522,m,valid
E001-v2,tuning,E,e-s120-value-p1-b100-sir32,tuning-grid-imbalanced-n4500,2026090601,radius,p50,99.33144384780637,m,valid
E001-v2,tuning,E,e-s120-value-p1-b100-sir32,tuning-grid-imbalanced-n4500,2026090601,radius,p95,183.05324569957446,m,valid
E001-v2,tuning,E,e-s120-value-p1-b100-sir32,tuning-grid-imbalanced-n4500,2026090601,radius,p99,224.79748200330883,m,valid
E001-v2,tuning,E,e-s120-value-p1-b100-sir32,tuning-grid-imbalanced-n4500,2026090601,radius,violations,0.0,count,valid
E001-v2,tuning,E,e-s120-value-p1-b100-sir32,tuning-grid-imbalanced-n4500,2026090601,seam300,value,0.25787545787545785,ratio,valid
E001-v2,tuning,E,e-s120-value-p1-b100-sir32,tuning-grid-imbalanced-n4500,2026090602,a4,value,0.0427120814458124,ratio,valid
E001-v2,tuning,E,e-s120-value-p1-b100-sir32,tuning-grid-imbalanced-n4500,2026090602,radius,max,256.06353827126856,m,valid
E001-v2,tuning,E,e-s120-value-p1-b100-sir32,tuning-grid-imbalanced-n4500,2026090602,radius,p50,96.34730331048802,m,valid
E001-v2,tuning,E,e-s120-value-p1-b100-sir32,tuning-grid-imbalanced-n4500,2026090602,radius,p95,184.7817100395524,m,valid
E001-v2,tuning,E,e-s120-value-p1-b100-sir32,tuning-grid-imbalanced-n4500,2026090602,radius,p99,212.83539498667017,m,valid
E001-v2,tuning,E,e-s120-value-p1-b100-sir32,tuning-grid-imbalanced-n4500,2026090602,radius,violations,0.0,count,valid
E001-v2,tuning,E,e-s120-value-p1-b100-sir32,tuning-grid-imbalanced-n4500,2026090602,seam300,value,0.48272642390289444,ratio,valid
E001-v2,tuning,E,e-s120-value-p1-b100-sir32,tuning-grid-imbalanced-n4500,2026090603,a4,value,0.012904150167050522,ratio,valid
E001-v2,tuning,E,e-s120-value-p1-b100-sir32,tuning-grid-imbalanced-n4500,2026090603,radius,max,256.3916541090865,m,valid
E001-v2,tuning,E,e-s120-value-p1-b100-sir32,tuning-grid-imbalanced-n4500,2026090603,radius,p50,102.3580970014799,m,valid
E001-v2,tuning,E,e-s120-value-p1-b100-sir32,tuning-grid-imbalanced-n4500,2026090603,radius,p95,185.71654830150703,m,valid
E001-v2,tuning,E,e-s120-value-p1-b100-sir32,tuning-grid-imbalanced-n4500,2026090603,radius,p99,225.64039400408805,m,valid
E001-v2,tuning,E,e-s120-value-p1-b100-sir32,tuning-grid-imbalanced-n4500,2026090603,radius,violations,0.0,count,valid
E001-v2,tuning,E,e-s120-value-p1-b100-sir32,tuning-grid-imbalanced-n4500,2026090603,seam300,value,0.34528186274509803,ratio,valid
E001-v2,tuning,E,e-s120-value-p1-b100-sir32,tuning-grid-imbalanced-n4500,2026090604,a4,value,0.0,ratio,valid
E001-v2,tuning,E,e-s120-value-p1-b100-sir32,tuning-grid-imbalanced-n4500,2026090604,radius,max,260.41267294419583,m,valid
E001-v2,tuning,E,e-s120-value-p1-b100-sir32,tuning-grid-imbalanced-n4500,2026090604,radius,p50,96.7692342253244,m,valid
E001-v2,tuning,E,e-s120-value-p1-b100-sir32,tuning-grid-imbalanced-n4500,2026090604,radius,p95,189.5633966490945,m,valid
E001-v2,tuning,E,e-s120-value-p1-b100-sir32,tuning-grid-imbalanced-n4500,2026090604,radius,p99,217.53295201117038,m,valid
E001-v2,tuning,E,e-s120-value-p1-b100-sir32,tuning-grid-imbalanced-n4500,2026090604,radius,violations,0.0,count,valid
E001-v2,tuning,E,e-s120-value-p1-b100-sir32,tuning-grid-imbalanced-n4500,2026090604,seam300,value,0.3924087421529877,ratio,valid
E001-v2,tuning,E,e-s120-value-p1-b100-sir32,tuning-grid-imbalanced-n4500,2026090605,a4,value,0.024796639155478674,ratio,valid
E001-v2,tuning,E,e-s120-value-p1-b100-sir32,tuning-grid-imbalanced-n4500,2026090605,radius,max,263.442388063703,m,valid
E001-v2,tuning,E,e-s120-value-p1-b100-sir32,tuning-grid-imbalanced-n4500,2026090605,radius,p50,99.05144366824692,m,valid
E001-v2,tuning,E,e-s120-value-p1-b100-sir32,tuning-grid-imbalanced-n4500,2026090605,radius,p95,186.43098082894699,m,valid
E001-v2,tuning,E,e-s120-value-p1-b100-sir32,tuning-grid-imbalanced-n4500,2026090605,radius,p99,212.7549210338033,m,valid
E001-v2,tuning,E,e-s120-value-p1-b100-sir32,tuning-grid-imbalanced-n4500,2026090605,radius,violations,0.0,count,valid
E001-v2,tuning,E,e-s120-value-p1-b100-sir32,tuning-grid-imbalanced-n4500,2026090605,seam300,value,0.20721491228070174,ratio,valid
E001-v2,tuning,E,e-s120-value-p1-b100-sir32,tuning-single-n500,,a4,max,0.07633802584349707,ratio,valid
E001-v2,tuning,E,e-s120-value-p1-b100-sir32,tuning-single-n500,,a4,median,0.02293828722639281,ratio,valid
E001-v2,tuning,E,e-s120-value-p1-b100-sir32,tuning-single-n500,,a4,min,0.0,ratio,valid
E001-v2,tuning,E,e-s120-value-p1-b100-sir32,tuning-single-n500,,hotspot50,cv,1.9521147507254812,ratio,valid
E001-v2,tuning,E,e-s120-value-p1-b100-sir32,tuning-single-n500,,hotspot50,max,32.0,count,valid
E001-v2,tuning,E,e-s120-value-p1-b100-sir32,tuning-single-n500,,hotspot50,p99,31.0,count,valid
E001-v2,tuning,E,e-s120-value-p1-b100-sir32,tuning-single-n500,,neighbors10,value,2.212,count,valid
E001-v2,tuning,E,e-s120-value-p1-b100-sir32,tuning-single-n500,,proximity16,value,0.928,ratio,valid
E001-v2,tuning,E,e-s120-value-p1-b100-sir32,tuning-single-n500,,proximity24,value,0.972,ratio,valid
E001-v2,tuning,E,e-s120-value-p1-b100-sir32,tuning-single-n500,,proximity8,value,0.662,ratio,valid
E001-v2,tuning,E,e-s120-value-p1-b100-sir32,tuning-single-n500,,radialKs,max,0.14,ratio,valid
E001-v2,tuning,E,e-s120-value-p1-b100-sir32,tuning-single-n500,,radialKs,median,0.07999999999999996,ratio,valid
E001-v2,tuning,E,e-s120-value-p1-b100-sir32,tuning-single-n500,,radialKs,min,0.05999999999999994,ratio,valid
E001-v2,tuning,E,e-s120-value-p1-b100-sir32,tuning-single-n500,,radius,max.max,240.5227483034383,m,valid
E001-v2,tuning,E,e-s120-value-p1-b100-sir32,tuning-single-n500,,radius,max.median,220.9960184443913,m,valid
E001-v2,tuning,E,e-s120-value-p1-b100-sir32,tuning-single-n500,,radius,max.min,202.58577423486733,m,valid
E001-v2,tuning,E,e-s120-value-p1-b100-sir32,tuning-single-n500,,radius,p50.max,98.45332824639144,m,valid
E001-v2,tuning,E,e-s120-value-p1-b100-sir32,tuning-single-n500,,radius,p50.median,92.67904156662262,m,valid
E001-v2,tuning,E,e-s120-value-p1-b100-sir32,tuning-single-n500,,radius,p50.min,91.75244288781649,m,valid
E001-v2,tuning,E,e-s120-value-p1-b100-sir32,tuning-single-n500,,radius,p95.max,186.80876279287523,m,valid
E001-v2,tuning,E,e-s120-value-p1-b100-sir32,tuning-single-n500,,radius,p95.median,176.22840095293606,m,valid
E001-v2,tuning,E,e-s120-value-p1-b100-sir32,tuning-single-n500,,radius,p95.min,164.93941730165085,m,valid
E001-v2,tuning,E,e-s120-value-p1-b100-sir32,tuning-single-n500,,radius,p99.max,218.67538942516137,m,valid
E001-v2,tuning,E,e-s120-value-p1-b100-sir32,tuning-single-n500,,radius,p99.median,201.7197209352803,m,valid
E001-v2,tuning,E,e-s120-value-p1-b100-sir32,tuning-single-n500,,radius,p99.min,189.67392365157707,m,valid
E001-v2,tuning,E,e-s120-value-p1-b100-sir32,tuning-single-n500,,radius,violations.max,0.0,count,valid
E001-v2,tuning,E,e-s120-value-p1-b100-sir32,tuning-single-n500,,radius,violations.median,0.0,count,valid
E001-v2,tuning,E,e-s120-value-p1-b100-sir32,tuning-single-n500,,radius,violations.min,0.0,count,valid
E001-v2,tuning,E,e-s120-value-p1-b100-sir32,tuning-single-n500,,samplerFailureCount,value,0.0,count,valid
E001-v2,tuning,E,e-s120-value-p1-b100-sir32,tuning-single-n500,,seam300,max,1.075,ratio,valid
E001-v2,tuning,E,e-s120-value-p1-b100-sir32,tuning-single-n500,,seam300,median,0.7833333333333333,ratio,valid
E001-v2,tuning,E,e-s120-value-p1-b100-sir32,tuning-single-n500,,seam300,min,0.29166666666666663,ratio,valid
E001-v2,tuning,E,e-s120-value-p1-b100-sir32,tuning-single-n500,2026090601,a4,value,0.07633802584349707,ratio,valid
E001-v2,tuning,E,e-s120-value-p1-b100-sir32,tuning-single-n500,2026090601,radialKs,value,0.14,ratio,valid
E001-v2,tuning,E,e-s120-value-p1-b100-sir32,tuning-single-n500,2026090601,radius,max,204.48883389037718,m,valid
E001-v2,tuning,E,e-s120-value-p1-b100-sir32,tuning-single-n500,2026090601,radius,p50,91.75244288781649,m,valid
E001-v2,tuning,E,e-s120-value-p1-b100-sir32,tuning-single-n500,2026090601,radius,p95,186.80876279287523,m,valid
E001-v2,tuning,E,e-s120-value-p1-b100-sir32,tuning-single-n500,2026090601,radius,p99,201.7197209352803,m,valid
E001-v2,tuning,E,e-s120-value-p1-b100-sir32,tuning-single-n500,2026090601,radius,violations,0.0,count,valid
E001-v2,tuning,E,e-s120-value-p1-b100-sir32,tuning-single-n500,2026090601,seam300,value,0.29166666666666663,ratio,valid
E001-v2,tuning,E,e-s120-value-p1-b100-sir32,tuning-single-n500,2026090602,a4,value,0.02293828722639281,ratio,valid
E001-v2,tuning,E,e-s120-value-p1-b100-sir32,tuning-single-n500,2026090602,radialKs,value,0.09999999999999998,ratio,valid
E001-v2,tuning,E,e-s120-value-p1-b100-sir32,tuning-single-n500,2026090602,radius,max,220.9960184443913,m,valid
E001-v2,tuning,E,e-s120-value-p1-b100-sir32,tuning-single-n500,2026090602,radius,p50,92.89557438093175,m,valid
E001-v2,tuning,E,e-s120-value-p1-b100-sir32,tuning-single-n500,2026090602,radius,p95,176.22840095293606,m,valid
E001-v2,tuning,E,e-s120-value-p1-b100-sir32,tuning-single-n500,2026090602,radius,p99,208.57618415668563,m,valid
E001-v2,tuning,E,e-s120-value-p1-b100-sir32,tuning-single-n500,2026090602,radius,violations,0.0,count,valid
E001-v2,tuning,E,e-s120-value-p1-b100-sir32,tuning-single-n500,2026090602,seam300,value,0.9583333333333333,ratio,valid
E001-v2,tuning,E,e-s120-value-p1-b100-sir32,tuning-single-n500,2026090603,a4,value,0.0,ratio,valid
E001-v2,tuning,E,e-s120-value-p1-b100-sir32,tuning-single-n500,2026090603,radialKs,value,0.06999999999999995,ratio,valid
E001-v2,tuning,E,e-s120-value-p1-b100-sir32,tuning-single-n500,2026090603,radius,max,202.58577423486733,m,valid
E001-v2,tuning,E,e-s120-value-p1-b100-sir32,tuning-single-n500,2026090603,radius,p50,98.45332824639144,m,valid
E001-v2,tuning,E,e-s120-value-p1-b100-sir32,tuning-single-n500,2026090603,radius,p95,181.12526561272372,m,valid
E001-v2,tuning,E,e-s120-value-p1-b100-sir32,tuning-single-n500,2026090603,radius,p99,189.67392365157707,m,valid
E001-v2,tuning,E,e-s120-value-p1-b100-sir32,tuning-single-n500,2026090603,radius,violations,0.0,count,valid
E001-v2,tuning,E,e-s120-value-p1-b100-sir32,tuning-single-n500,2026090603,seam300,value,0.5,ratio,valid
E001-v2,tuning,E,e-s120-value-p1-b100-sir32,tuning-single-n500,2026090604,a4,value,0.05990935091852856,ratio,valid
E001-v2,tuning,E,e-s120-value-p1-b100-sir32,tuning-single-n500,2026090604,radialKs,value,0.05999999999999994,ratio,valid
E001-v2,tuning,E,e-s120-value-p1-b100-sir32,tuning-single-n500,2026090604,radius,max,240.5227483034383,m,valid
E001-v2,tuning,E,e-s120-value-p1-b100-sir32,tuning-single-n500,2026090604,radius,p50,92.67904156662262,m,valid
E001-v2,tuning,E,e-s120-value-p1-b100-sir32,tuning-single-n500,2026090604,radius,p95,164.93941730165085,m,valid
E001-v2,tuning,E,e-s120-value-p1-b100-sir32,tuning-single-n500,2026090604,radius,p99,198.22442148967957,m,valid
E001-v2,tuning,E,e-s120-value-p1-b100-sir32,tuning-single-n500,2026090604,radius,violations,0.0,count,valid
E001-v2,tuning,E,e-s120-value-p1-b100-sir32,tuning-single-n500,2026090604,seam300,value,0.7833333333333333,ratio,valid
E001-v2,tuning,E,e-s120-value-p1-b100-sir32,tuning-single-n500,2026090605,a4,value,0.0,ratio,valid
E001-v2,tuning,E,e-s120-value-p1-b100-sir32,tuning-single-n500,2026090605,radialKs,value,0.07999999999999996,ratio,valid
E001-v2,tuning,E,e-s120-value-p1-b100-sir32,tuning-single-n500,2026090605,radius,max,228.23088269563536,m,valid
E001-v2,tuning,E,e-s120-value-p1-b100-sir32,tuning-single-n500,2026090605,radius,p50,92.44229298169759,m,valid
E001-v2,tuning,E,e-s120-value-p1-b100-sir32,tuning-single-n500,2026090605,radius,p95,171.68716552072692,m,valid
E001-v2,tuning,E,e-s120-value-p1-b100-sir32,tuning-single-n500,2026090605,radius,p99,218.67538942516137,m,valid
E001-v2,tuning,E,e-s120-value-p1-b100-sir32,tuning-single-n500,2026090605,radius,violations,0.0,count,valid
E001-v2,tuning,E,e-s120-value-p1-b100-sir32,tuning-single-n500,2026090605,seam300,value,1.075,ratio,valid
E001-v2,tuning,E,e-s120-value-p2-b040-rejection128,tuning-grid-imbalanced-n4500,,a4,max,0.027190757305719026,ratio,valid
E001-v2,tuning,E,e-s120-value-p2-b040-rejection128,tuning-grid-imbalanced-n4500,,a4,median,0.0,ratio,valid
E001-v2,tuning,E,e-s120-value-p2-b040-rejection128,tuning-grid-imbalanced-n4500,,a4,min,0.0,ratio,valid
E001-v2,tuning,E,e-s120-value-p2-b040-rejection128,tuning-grid-imbalanced-n4500,,hotspot50,cv,1.3531093410692607,ratio,valid
E001-v2,tuning,E,e-s120-value-p2-b040-rejection128,tuning-grid-imbalanced-n4500,,hotspot50,max,62.0,count,valid
E001-v2,tuning,E,e-s120-value-p2-b040-rejection128,tuning-grid-imbalanced-n4500,,hotspot50,p99,52.0,count,valid
E001-v2,tuning,E,e-s120-value-p2-b040-rejection128,tuning-grid-imbalanced-n4500,,neighbors10,value,2.728,count,valid
E001-v2,tuning,E,e-s120-value-p2-b040-rejection128,tuning-grid-imbalanced-n4500,,proximity16,value,0.948,ratio,valid
E001-v2,tuning,E,e-s120-value-p2-b040-rejection128,tuning-grid-imbalanced-n4500,,proximity24,value,0.9835555555555555,ratio,valid
E001-v2,tuning,E,e-s120-value-p2-b040-rejection128,tuning-grid-imbalanced-n4500,,proximity8,value,0.7122222222222222,ratio,valid
E001-v2,tuning,E,e-s120-value-p2-b040-rejection128,tuning-grid-imbalanced-n4500,,radius,max.max,258.056295668152,m,valid
E001-v2,tuning,E,e-s120-value-p2-b040-rejection128,tuning-grid-imbalanced-n4500,,radius,max.median,248.66016807626067,m,valid
E001-v2,tuning,E,e-s120-value-p2-b040-rejection128,tuning-grid-imbalanced-n4500,,radius,max.min,244.27158074725745,m,valid
E001-v2,tuning,E,e-s120-value-p2-b040-rejection128,tuning-grid-imbalanced-n4500,,radius,p50.max,99.65417497745793,m,valid
E001-v2,tuning,E,e-s120-value-p2-b040-rejection128,tuning-grid-imbalanced-n4500,,radius,p50.median,99.11423033130355,m,valid
E001-v2,tuning,E,e-s120-value-p2-b040-rejection128,tuning-grid-imbalanced-n4500,,radius,p50.min,94.06114552663021,m,valid
E001-v2,tuning,E,e-s120-value-p2-b040-rejection128,tuning-grid-imbalanced-n4500,,radius,p95.max,192.3991198503092,m,valid
E001-v2,tuning,E,e-s120-value-p2-b040-rejection128,tuning-grid-imbalanced-n4500,,radius,p95.median,188.93521124402696,m,valid
E001-v2,tuning,E,e-s120-value-p2-b040-rejection128,tuning-grid-imbalanced-n4500,,radius,p95.min,187.939597627514,m,valid
E001-v2,tuning,E,e-s120-value-p2-b040-rejection128,tuning-grid-imbalanced-n4500,,radius,p99.max,229.41470516533363,m,valid
E001-v2,tuning,E,e-s120-value-p2-b040-rejection128,tuning-grid-imbalanced-n4500,,radius,p99.median,223.44074307744322,m,valid
E001-v2,tuning,E,e-s120-value-p2-b040-rejection128,tuning-grid-imbalanced-n4500,,radius,p99.min,221.04804345395232,m,valid
E001-v2,tuning,E,e-s120-value-p2-b040-rejection128,tuning-grid-imbalanced-n4500,,radius,violations.max,0.0,count,valid
E001-v2,tuning,E,e-s120-value-p2-b040-rejection128,tuning-grid-imbalanced-n4500,,radius,violations.median,0.0,count,valid
E001-v2,tuning,E,e-s120-value-p2-b040-rejection128,tuning-grid-imbalanced-n4500,,radius,violations.min,0.0,count,valid
E001-v2,tuning,E,e-s120-value-p2-b040-rejection128,tuning-grid-imbalanced-n4500,,samplerFailureCount,value,0.0,count,valid
E001-v2,tuning,E,e-s120-value-p2-b040-rejection128,tuning-grid-imbalanced-n4500,,seam300,max,0.5188492063492063,ratio,valid
E001-v2,tuning,E,e-s120-value-p2-b040-rejection128,tuning-grid-imbalanced-n4500,,seam300,median,0.35400197628458496,ratio,valid
E001-v2,tuning,E,e-s120-value-p2-b040-rejection128,tuning-grid-imbalanced-n4500,,seam300,min,0.23901315789473684,ratio,valid
E001-v2,tuning,E,e-s120-value-p2-b040-rejection128,tuning-grid-imbalanced-n4500,2026090601,a4,value,0.022702977750765536,ratio,valid
E001-v2,tuning,E,e-s120-value-p2-b040-rejection128,tuning-grid-imbalanced-n4500,2026090601,radius,max,248.66016807626067,m,valid
E001-v2,tuning,E,e-s120-value-p2-b040-rejection128,tuning-grid-imbalanced-n4500,2026090601,radius,p50,94.06114552663021,m,valid
E001-v2,tuning,E,e-s120-value-p2-b040-rejection128,tuning-grid-imbalanced-n4500,2026090601,radius,p95,192.31311399489817,m,valid
E001-v2,tuning,E,e-s120-value-p2-b040-rejection128,tuning-grid-imbalanced-n4500,2026090601,radius,p99,227.83961154505934,m,valid
E001-v2,tuning,E,e-s120-value-p2-b040-rejection128,tuning-grid-imbalanced-n4500,2026090601,radius,violations,0.0,count,valid
E001-v2,tuning,E,e-s120-value-p2-b040-rejection128,tuning-grid-imbalanced-n4500,2026090601,seam300,value,0.35400197628458496,ratio,valid
E001-v2,tuning,E,e-s120-value-p2-b040-rejection128,tuning-grid-imbalanced-n4500,2026090602,a4,value,0.0,ratio,valid
E001-v2,tuning,E,e-s120-value-p2-b040-rejection128,tuning-grid-imbalanced-n4500,2026090602,radius,max,244.27158074725745,m,valid
E001-v2,tuning,E,e-s120-value-p2-b040-rejection128,tuning-grid-imbalanced-n4500,2026090602,radius,p50,99.11423033130355,m,valid
E001-v2,tuning,E,e-s120-value-p2-b040-rejection128,tuning-grid-imbalanced-n4500,2026090602,radius,p95,192.3991198503092,m,valid
E001-v2,tuning,E,e-s120-value-p2-b040-rejection128,tuning-grid-imbalanced-n4500,2026090602,radius,p99,223.44074307744322,m,valid
E001-v2,tuning,E,e-s120-value-p2-b040-rejection128,tuning-grid-imbalanced-n4500,2026090602,radius,violations,0.0,count,valid
E001-v2,tuning,E,e-s120-value-p2-b040-rejection128,tuning-grid-imbalanced-n4500,2026090602,seam300,value,0.5158435681965093,ratio,valid
E001-v2,tuning,E,e-s120-value-p2-b040-rejection128,tuning-grid-imbalanced-n4500,2026090603,a4,value,0.0,ratio,valid
E001-v2,tuning,E,e-s120-value-p2-b040-rejection128,tuning-grid-imbalanced-n4500,2026090603,radius,max,258.056295668152,m,valid
E001-v2,tuning,E,e-s120-value-p2-b040-rejection128,tuning-grid-imbalanced-n4500,2026090603,radius,p50,99.65417497745793,m,valid
E001-v2,tuning,E,e-s120-value-p2-b040-rejection128,tuning-grid-imbalanced-n4500,2026090603,radius,p95,187.939597627514,m,valid
E001-v2,tuning,E,e-s120-value-p2-b040-rejection128,tuning-grid-imbalanced-n4500,2026090603,radius,p99,222.71961415067662,m,valid
E001-v2,tuning,E,e-s120-value-p2-b040-rejection128,tuning-grid-imbalanced-n4500,2026090603,radius,violations,0.0,count,valid
E001-v2,tuning,E,e-s120-value-p2-b040-rejection128,tuning-grid-imbalanced-n4500,2026090603,seam300,value,0.2998962842712843,ratio,valid
E001-v2,tuning,E,e-s120-value-p2-b040-rejection128,tuning-grid-imbalanced-n4500,2026090604,a4,value,0.027190757305719026,ratio,valid
E001-v2,tuning,E,e-s120-value-p2-b040-rejection128,tuning-grid-imbalanced-n4500,2026090604,radius,max,247.06723364809753,m,valid
E001-v2,tuning,E,e-s120-value-p2-b040-rejection128,tuning-grid-imbalanced-n4500,2026090604,radius,p50,99.19652637190352,m,valid
E001-v2,tuning,E,e-s120-value-p2-b040-rejection128,tuning-grid-imbalanced-n4500,2026090604,radius,p95,188.83569057646358,m,valid
E001-v2,tuning,E,e-s120-value-p2-b040-rejection128,tuning-grid-imbalanced-n4500,2026090604,radius,p99,229.41470516533363,m,valid
E001-v2,tuning,E,e-s120-value-p2-b040-rejection128,tuning-grid-imbalanced-n4500,2026090604,radius,violations,0.0,count,valid
E001-v2,tuning,E,e-s120-value-p2-b040-rejection128,tuning-grid-imbalanced-n4500,2026090604,seam300,value,0.5188492063492063,ratio,valid
E001-v2,tuning,E,e-s120-value-p2-b040-rejection128,tuning-grid-imbalanced-n4500,2026090605,a4,value,0.0,ratio,valid
E001-v2,tuning,E,e-s120-value-p2-b040-rejection128,tuning-grid-imbalanced-n4500,2026090605,radius,max,252.75942696741177,m,valid
E001-v2,tuning,E,e-s120-value-p2-b040-rejection128,tuning-grid-imbalanced-n4500,2026090605,radius,p50,97.77076933445714,m,valid
E001-v2,tuning,E,e-s120-value-p2-b040-rejection128,tuning-grid-imbalanced-n4500,2026090605,radius,p95,188.93521124402696,m,valid
E001-v2,tuning,E,e-s120-value-p2-b040-rejection128,tuning-grid-imbalanced-n4500,2026090605,radius,p99,221.04804345395232,m,valid
E001-v2,tuning,E,e-s120-value-p2-b040-rejection128,tuning-grid-imbalanced-n4500,2026090605,radius,violations,0.0,count,valid
E001-v2,tuning,E,e-s120-value-p2-b040-rejection128,tuning-grid-imbalanced-n4500,2026090605,seam300,value,0.23901315789473684,ratio,valid
E001-v2,tuning,E,e-s120-value-p2-b040-rejection128,tuning-single-n500,,a4,max,0.0711504644707057,ratio,valid
E001-v2,tuning,E,e-s120-value-p2-b040-rejection128,tuning-single-n500,,a4,median,0.040973750870646204,ratio,valid
E001-v2,tuning,E,e-s120-value-p2-b040-rejection128,tuning-single-n500,,a4,min,0.0,ratio,valid
E001-v2,tuning,E,e-s120-value-p2-b040-rejection128,tuning-single-n500,,hotspot50,cv,1.8587049254790298,ratio,valid
E001-v2,tuning,E,e-s120-value-p2-b040-rejection128,tuning-single-n500,,hotspot50,max,28.0,count,valid
E001-v2,tuning,E,e-s120-value-p2-b040-rejection128,tuning-single-n500,,hotspot50,p99,27.0,count,valid
E001-v2,tuning,E,e-s120-value-p2-b040-rejection128,tuning-single-n500,,neighbors10,value,1.864,count,valid
E001-v2,tuning,E,e-s120-value-p2-b040-rejection128,tuning-single-n500,,proximity16,value,0.904,ratio,valid
E001-v2,tuning,E,e-s120-value-p2-b040-rejection128,tuning-single-n500,,proximity24,value,0.966,ratio,valid
E001-v2,tuning,E,e-s120-value-p2-b040-rejection128,tuning-single-n500,,proximity8,value,0.642,ratio,valid
E001-v2,tuning,E,e-s120-value-p2-b040-rejection128,tuning-single-n500,,radialKs,max,0.10000000000000003,ratio,valid
E001-v2,tuning,E,e-s120-value-p2-b040-rejection128,tuning-single-n500,,radialKs,median,0.07000000000000006,ratio,valid
E001-v2,tuning,E,e-s120-value-p2-b040-rejection128,tuning-single-n500,,radialKs,min,0.06,ratio,valid
E001-v2,tuning,E,e-s120-value-p2-b040-rejection128,tuning-single-n500,,radius,max.max,264.38477759912854,m,valid
E001-v2,tuning,E,e-s120-value-p2-b040-rejection128,tuning-single-n500,,radius,max.median,238.23494327121574,m,valid
E001-v2,tuning,E,e-s120-value-p2-b040-rejection128,tuning-single-n500,,radius,max.min,212.8158773092968,m,valid
E001-v2,tuning,E,e-s120-value-p2-b040-rejection128,tuning-single-n500,,radius,p50.max,109.46296904480931,m,valid
E001-v2,tuning,E,e-s120-value-p2-b040-rejection128,tuning-single-n500,,radius,p50.median,98.30664211842901,m,valid
E001-v2,tuning,E,e-s120-value-p2-b040-rejection128,tuning-single-n500,,radius,p50.min,88.24457792320013,m,valid
E001-v2,tuning,E,e-s120-value-p2-b040-rejection128,tuning-single-n500,,radius,p95.max,207.4092427342861,m,valid
E001-v2,tuning,E,e-s120-value-p2-b040-rejection128,tuning-single-n500,,radius,p95.median,188.62070175715172,m,valid
E001-v2,tuning,E,e-s120-value-p2-b040-rejection128,tuning-single-n500,,radius,p95.min,173.03128808863778,m,valid
E001-v2,tuning,E,e-s120-value-p2-b040-rejection128,tuning-single-n500,,radius,p99.max,245.9698003969161,m,valid
E001-v2,tuning,E,e-s120-value-p2-b040-rejection128,tuning-single-n500,,radius,p99.median,226.56651716302218,m,valid
E001-v2,tuning,E,e-s120-value-p2-b040-rejection128,tuning-single-n500,,radius,p99.min,199.31537015770854,m,valid
E001-v2,tuning,E,e-s120-value-p2-b040-rejection128,tuning-single-n500,,radius,violations.max,0.0,count,valid
E001-v2,tuning,E,e-s120-value-p2-b040-rejection128,tuning-single-n500,,radius,violations.median,0.0,count,valid
E001-v2,tuning,E,e-s120-value-p2-b040-rejection128,tuning-single-n500,,radius,violations.min,0.0,count,valid
E001-v2,tuning,E,e-s120-value-p2-b040-rejection128,tuning-single-n500,,samplerFailureCount,value,0.0,count,valid
E001-v2,tuning,E,e-s120-value-p2-b040-rejection128,tuning-single-n500,,seam300,max,0.9583333333333333,ratio,valid
E001-v2,tuning,E,e-s120-value-p2-b040-rejection128,tuning-single-n500,,seam300,median,0.7083333333333333,ratio,valid
E001-v2,tuning,E,e-s120-value-p2-b040-rejection128,tuning-single-n500,,seam300,min,0.3333333333333333,ratio,valid
E001-v2,tuning,E,e-s120-value-p2-b040-rejection128,tuning-single-n500,2026090601,a4,value,0.05901281486093587,ratio,valid
E001-v2,tuning,E,e-s120-value-p2-b040-rejection128,tuning-single-n500,2026090601,radialKs,value,0.07000000000000006,ratio,valid
E001-v2,tuning,E,e-s120-value-p2-b040-rejection128,tuning-single-n500,2026090601,radius,max,264.38477759912854,m,valid
E001-v2,tuning,E,e-s120-value-p2-b040-rejection128,tuning-single-n500,2026090601,radius,p50,102.93955025565354,m,valid
E001-v2,tuning,E,e-s120-value-p2-b040-rejection128,tuning-single-n500,2026090601,radius,p95,203.5353627588223,m,valid
E001-v2,tuning,E,e-s120-value-p2-b040-rejection128,tuning-single-n500,2026090601,radius,p99,245.9698003969161,m,valid
E001-v2,tuning,E,e-s120-value-p2-b040-rejection128,tuning-single-n500,2026090601,radius,violations,0.0,count,valid
E001-v2,tuning,E,e-s120-value-p2-b040-rejection128,tuning-single-n500,2026090601,seam300,value,0.9583333333333333,ratio,valid
E001-v2,tuning,E,e-s120-value-p2-b040-rejection128,tuning-single-n500,2026090602,a4,value,0.0711504644707057,ratio,valid
E001-v2,tuning,E,e-s120-value-p2-b040-rejection128,tuning-single-n500,2026090602,radialKs,value,0.10000000000000003,ratio,valid
E001-v2,tuning,E,e-s120-value-p2-b040-rejection128,tuning-single-n500,2026090602,radius,max,225.19461230184413,m,valid
E001-v2,tuning,E,e-s120-value-p2-b040-rejection128,tuning-single-n500,2026090602,radius,p50,109.46296904480931,m,valid
E001-v2,tuning,E,e-s120-value-p2-b040-rejection128,tuning-single-n500,2026090602,radius,p95,207.4092427342861,m,valid
E001-v2,tuning,E,e-s120-value-p2-b040-rejection128,tuning-single-n500,2026090602,radius,p99,219.53699942768847,m,valid
E001-v2,tuning,E,e-s120-value-p2-b040-rejection128,tuning-single-n500,2026090602,radius,violations,0.0,count,valid
E001-v2,tuning,E,e-s120-value-p2-b040-rejection128,tuning-single-n500,2026090602,seam300,value,0.45,ratio,valid
E001-v2,tuning,E,e-s120-value-p2-b040-rejection128,tuning-single-n500,2026090603,a4,value,0.040973750870646204,ratio,valid
E001-v2,tuning,E,e-s120-value-p2-b040-rejection128,tuning-single-n500,2026090603,radialKs,value,0.06999999999999995,ratio,valid
E001-v2,tuning,E,e-s120-value-p2-b040-rejection128,tuning-single-n500,2026090603,radius,max,238.23494327121574,m,valid
E001-v2,tuning,E,e-s120-value-p2-b040-rejection128,tuning-single-n500,2026090603,radius,p50,94.1889974450076,m,valid
E001-v2,tuning,E,e-s120-value-p2-b040-rejection128,tuning-single-n500,2026090603,radius,p95,188.62070175715172,m,valid
E001-v2,tuning,E,e-s120-value-p2-b040-rejection128,tuning-single-n500,2026090603,radius,p99,226.56651716302218,m,valid
E001-v2,tuning,E,e-s120-value-p2-b040-rejection128,tuning-single-n500,2026090603,radius,violations,0.0,count,valid
E001-v2,tuning,E,e-s120-value-p2-b040-rejection128,tuning-single-n500,2026090603,seam300,value,0.7083333333333333,ratio,valid
E001-v2,tuning,E,e-s120-value-p2-b040-rejection128,tuning-single-n500,2026090604,a4,value,0.0,ratio,valid
E001-v2,tuning,E,e-s120-value-p2-b040-rejection128,tuning-single-n500,2026090604,radialKs,value,0.08000000000000007,ratio,valid
E001-v2,tuning,E,e-s120-value-p2-b040-rejection128,tuning-single-n500,2026090604,radius,max,244.22736603681926,m,valid
E001-v2,tuning,E,e-s120-value-p2-b040-rejection128,tuning-single-n500,2026090604,radius,p50,88.24457792320013,m,valid
E001-v2,tuning,E,e-s120-value-p2-b040-rejection128,tuning-single-n500,2026090604,radius,p95,173.03128808863778,m,valid
E001-v2,tuning,E,e-s120-value-p2-b040-rejection128,tuning-single-n500,2026090604,radius,p99,232.8816108101641,m,valid
E001-v2,tuning,E,e-s120-value-p2-b040-rejection128,tuning-single-n500,2026090604,radius,violations,0.0,count,valid
E001-v2,tuning,E,e-s120-value-p2-b040-rejection128,tuning-single-n500,2026090604,seam300,value,0.8333333333333333,ratio,valid
E001-v2,tuning,E,e-s120-value-p2-b040-rejection128,tuning-single-n500,2026090605,a4,value,0.0,ratio,valid
E001-v2,tuning,E,e-s120-value-p2-b040-rejection128,tuning-single-n500,2026090605,radialKs,value,0.06,ratio,valid
E001-v2,tuning,E,e-s120-value-p2-b040-rejection128,tuning-single-n500,2026090605,radius,max,212.8158773092968,m,valid
E001-v2,tuning,E,e-s120-value-p2-b040-rejection128,tuning-single-n500,2026090605,radius,p50,98.30664211842901,m,valid
E001-v2,tuning,E,e-s120-value-p2-b040-rejection128,tuning-single-n500,2026090605,radius,p95,184.51725155778175,m,valid
E001-v2,tuning,E,e-s120-value-p2-b040-rejection128,tuning-single-n500,2026090605,radius,p99,199.31537015770854,m,valid
E001-v2,tuning,E,e-s120-value-p2-b040-rejection128,tuning-single-n500,2026090605,radius,violations,0.0,count,valid
E001-v2,tuning,E,e-s120-value-p2-b040-rejection128,tuning-single-n500,2026090605,seam300,value,0.3333333333333333,ratio,valid
E001-v2,tuning,E,e-s120-value-p2-b040-sir16,tuning-grid-imbalanced-n4500,,a4,max,0.02598469897386769,ratio,valid
E001-v2,tuning,E,e-s120-value-p2-b040-sir16,tuning-grid-imbalanced-n4500,,a4,median,0.0,ratio,valid
E001-v2,tuning,E,e-s120-value-p2-b040-sir16,tuning-grid-imbalanced-n4500,,a4,min,0.0,ratio,valid
E001-v2,tuning,E,e-s120-value-p2-b040-sir16,tuning-grid-imbalanced-n4500,,hotspot50,cv,1.381526370038267,ratio,valid
E001-v2,tuning,E,e-s120-value-p2-b040-sir16,tuning-grid-imbalanced-n4500,,hotspot50,max,69.0,count,valid
E001-v2,tuning,E,e-s120-value-p2-b040-sir16,tuning-grid-imbalanced-n4500,,hotspot50,p99,54.0,count,valid
E001-v2,tuning,E,e-s120-value-p2-b040-sir16,tuning-grid-imbalanced-n4500,,neighbors10,value,2.7902222222222224,count,valid
E001-v2,tuning,E,e-s120-value-p2-b040-sir16,tuning-grid-imbalanced-n4500,,proximity16,value,0.9511111111111111,ratio,valid
E001-v2,tuning,E,e-s120-value-p2-b040-sir16,tuning-grid-imbalanced-n4500,,proximity24,value,0.9846666666666667,ratio,valid
E001-v2,tuning,E,e-s120-value-p2-b040-sir16,tuning-grid-imbalanced-n4500,,proximity8,value,0.7226666666666667,ratio,valid
E001-v2,tuning,E,e-s120-value-p2-b040-sir16,tuning-grid-imbalanced-n4500,,radius,max.max,260.6950340978667,m,valid
E001-v2,tuning,E,e-s120-value-p2-b040-sir16,tuning-grid-imbalanced-n4500,,radius,max.median,247.52346658635568,m,valid
E001-v2,tuning,E,e-s120-value-p2-b040-sir16,tuning-grid-imbalanced-n4500,,radius,max.min,239.14085004569603,m,valid
E001-v2,tuning,E,e-s120-value-p2-b040-sir16,tuning-grid-imbalanced-n4500,,radius,p50.max,98.66213945737955,m,valid
E001-v2,tuning,E,e-s120-value-p2-b040-sir16,tuning-grid-imbalanced-n4500,,radius,p50.median,97.18694704426784,m,valid
E001-v2,tuning,E,e-s120-value-p2-b040-sir16,tuning-grid-imbalanced-n4500,,radius,p50.min,94.37471368887589,m,valid
E001-v2,tuning,E,e-s120-value-p2-b040-sir16,tuning-grid-imbalanced-n4500,,radius,p95.max,192.70537447724018,m,valid
E001-v2,tuning,E,e-s120-value-p2-b040-sir16,tuning-grid-imbalanced-n4500,,radius,p95.median,189.82594735557444,m,valid
E001-v2,tuning,E,e-s120-value-p2-b040-sir16,tuning-grid-imbalanced-n4500,,radius,p95.min,189.30365164452135,m,valid
E001-v2,tuning,E,e-s120-value-p2-b040-sir16,tuning-grid-imbalanced-n4500,,radius,p99.max,224.33042454329748,m,valid
E001-v2,tuning,E,e-s120-value-p2-b040-sir16,tuning-grid-imbalanced-n4500,,radius,p99.median,223.08148050227047,m,valid
E001-v2,tuning,E,e-s120-value-p2-b040-sir16,tuning-grid-imbalanced-n4500,,radius,p99.min,218.61834834257928,m,valid
E001-v2,tuning,E,e-s120-value-p2-b040-sir16,tuning-grid-imbalanced-n4500,,radius,violations.max,0.0,count,valid
E001-v2,tuning,E,e-s120-value-p2-b040-sir16,tuning-grid-imbalanced-n4500,,radius,violations.median,0.0,count,valid
E001-v2,tuning,E,e-s120-value-p2-b040-sir16,tuning-grid-imbalanced-n4500,,radius,violations.min,0.0,count,valid
E001-v2,tuning,E,e-s120-value-p2-b040-sir16,tuning-grid-imbalanced-n4500,,samplerFailureCount,value,0.0,count,valid
E001-v2,tuning,E,e-s120-value-p2-b040-sir16,tuning-grid-imbalanced-n4500,,seam300,max,0.6434348739495799,ratio,valid
E001-v2,tuning,E,e-s120-value-p2-b040-sir16,tuning-grid-imbalanced-n4500,,seam300,median,0.3614410507792861,ratio,valid
E001-v2,tuning,E,e-s120-value-p2-b040-sir16,tuning-grid-imbalanced-n4500,,seam300,min,0.1717032967032967,ratio,valid
E001-v2,tuning,E,e-s120-value-p2-b040-sir16,tuning-grid-imbalanced-n4500,2026090601,a4,value,0.02115372989204168,ratio,valid
E001-v2,tuning,E,e-s120-value-p2-b040-sir16,tuning-grid-imbalanced-n4500,2026090601,radius,max,260.40206622840856,m,valid
E001-v2,tuning,E,e-s120-value-p2-b040-sir16,tuning-grid-imbalanced-n4500,2026090601,radius,p50,94.37471368887589,m,valid
E001-v2,tuning,E,e-s120-value-p2-b040-sir16,tuning-grid-imbalanced-n4500,2026090601,radius,p95,192.70537447724018,m,valid
E001-v2,tuning,E,e-s120-value-p2-b040-sir16,tuning-grid-imbalanced-n4500,2026090601,radius,p99,223.68618192190036,m,valid
E001-v2,tuning,E,e-s120-value-p2-b040-sir16,tuning-grid-imbalanced-n4500,2026090601,radius,violations,0.0,count,valid
E001-v2,tuning,E,e-s120-value-p2-b040-sir16,tuning-grid-imbalanced-n4500,2026090601,seam300,value,0.3614410507792861,ratio,valid
E001-v2,tuning,E,e-s120-value-p2-b040-sir16,tuning-grid-imbalanced-n4500,2026090602,a4,value,0.0,ratio,valid
E001-v2,tuning,E,e-s120-value-p2-b040-sir16,tuning-grid-imbalanced-n4500,2026090602,radius,max,247.52346658635568,m,valid
E001-v2,tuning,E,e-s120-value-p2-b040-sir16,tuning-grid-imbalanced-n4500,2026090602,radius,p50,97.18694704426784,m,valid
E001-v2,tuning,E,e-s120-value-p2-b040-sir16,tuning-grid-imbalanced-n4500,2026090602,radius,p95,189.82594735557444,m,valid
E001-v2,tuning,E,e-s120-value-p2-b040-sir16,tuning-grid-imbalanced-n4500,2026090602,radius,p99,219.11863185659874,m,valid
E001-v2,tuning,E,e-s120-value-p2-b040-sir16,tuning-grid-imbalanced-n4500,2026090602,radius,violations,0.0,count,valid
E001-v2,tuning,E,e-s120-value-p2-b040-sir16,tuning-grid-imbalanced-n4500,2026090602,seam300,value,0.6434348739495799,ratio,valid
E001-v2,tuning,E,e-s120-value-p2-b040-sir16,tuning-grid-imbalanced-n4500,2026090603,a4,value,0.02598469897386769,ratio,valid
E001-v2,tuning,E,e-s120-value-p2-b040-sir16,tuning-grid-imbalanced-n4500,2026090603,radius,max,239.14085004569603,m,valid
E001-v2,tuning,E,e-s120-value-p2-b040-sir16,tuning-grid-imbalanced-n4500,2026090603,radius,p50,98.37104540663407,m,valid
E001-v2,tuning,E,e-s120-value-p2-b040-sir16,tuning-grid-imbalanced-n4500,2026090603,radius,p95,191.13650854700055,m,valid
E001-v2,tuning,E,e-s120-value-p2-b040-sir16,tuning-grid-imbalanced-n4500,2026090603,radius,p99,218.61834834257928,m,valid
E001-v2,tuning,E,e-s120-value-p2-b040-sir16,tuning-grid-imbalanced-n4500,2026090603,radius,violations,0.0,count,valid
E001-v2,tuning,E,e-s120-value-p2-b040-sir16,tuning-grid-imbalanced-n4500,2026090603,seam300,value,0.36428571428571427,ratio,valid
E001-v2,tuning,E,e-s120-value-p2-b040-sir16,tuning-grid-imbalanced-n4500,2026090604,a4,value,0.0,ratio,valid
E001-v2,tuning,E,e-s120-value-p2-b040-sir16,tuning-grid-imbalanced-n4500,2026090604,radius,max,260.6950340978667,m,valid
E001-v2,tuning,E,e-s120-value-p2-b040-sir16,tuning-grid-imbalanced-n4500,2026090604,radius,p50,96.6259556132809,m,valid
E001-v2,tuning,E,e-s120-value-p2-b040-sir16,tuning-grid-imbalanced-n4500,2026090604,radius,p95,189.32574465027645,m,valid
E001-v2,tuning,E,e-s120-value-p2-b040-sir16,tuning-grid-imbalanced-n4500,2026090604,radius,p99,224.33042454329748,m,valid
E001-v2,tuning,E,e-s120-value-p2-b040-sir16,tuning-grid-imbalanced-n4500,2026090604,radius,violations,0.0,count,valid
E001-v2,tuning,E,e-s120-value-p2-b040-sir16,tuning-grid-imbalanced-n4500,2026090604,seam300,value,0.3597552447552448,ratio,valid
E001-v2,tuning,E,e-s120-value-p2-b040-sir16,tuning-grid-imbalanced-n4500,2026090605,a4,value,0.0,ratio,valid
E001-v2,tuning,E,e-s120-value-p2-b040-sir16,tuning-grid-imbalanced-n4500,2026090605,radius,max,244.5268507516374,m,valid
E001-v2,tuning,E,e-s120-value-p2-b040-sir16,tuning-grid-imbalanced-n4500,2026090605,radius,p50,98.66213945737955,m,valid
E001-v2,tuning,E,e-s120-value-p2-b040-sir16,tuning-grid-imbalanced-n4500,2026090605,radius,p95,189.30365164452135,m,valid
E001-v2,tuning,E,e-s120-value-p2-b040-sir16,tuning-grid-imbalanced-n4500,2026090605,radius,p99,223.08148050227047,m,valid
E001-v2,tuning,E,e-s120-value-p2-b040-sir16,tuning-grid-imbalanced-n4500,2026090605,radius,violations,0.0,count,valid
E001-v2,tuning,E,e-s120-value-p2-b040-sir16,tuning-grid-imbalanced-n4500,2026090605,seam300,value,0.1717032967032967,ratio,valid
E001-v2,tuning,E,e-s120-value-p2-b040-sir16,tuning-single-n500,,a4,max,0.09542348250623582,ratio,valid
E001-v2,tuning,E,e-s120-value-p2-b040-sir16,tuning-single-n500,,a4,median,0.0,ratio,valid
E001-v2,tuning,E,e-s120-value-p2-b040-sir16,tuning-single-n500,,a4,min,0.0,ratio,valid
E001-v2,tuning,E,e-s120-value-p2-b040-sir16,tuning-single-n500,,hotspot50,cv,1.80748665278613,ratio,valid
E001-v2,tuning,E,e-s120-value-p2-b040-sir16,tuning-single-n500,,hotspot50,max,30.0,count,valid
E001-v2,tuning,E,e-s120-value-p2-b040-sir16,tuning-single-n500,,hotspot50,p99,27.0,count,valid
E001-v2,tuning,E,e-s120-value-p2-b040-sir16,tuning-single-n500,,neighbors10,value,1.76,count,valid
E001-v2,tuning,E,e-s120-value-p2-b040-sir16,tuning-single-n500,,proximity16,value,0.914,ratio,valid
E001-v2,tuning,E,e-s120-value-p2-b040-sir16,tuning-single-n500,,proximity24,value,0.956,ratio,valid
E001-v2,tuning,E,e-s120-value-p2-b040-sir16,tuning-single-n500,,proximity8,value,0.63,ratio,valid
E001-v2,tuning,E,e-s120-value-p2-b040-sir16,tuning-single-n500,,radialKs,max,0.16999999999999998,ratio,valid
E001-v2,tuning,E,e-s120-value-p2-b040-sir16,tuning-single-n500,,radialKs,median,0.09000000000000002,ratio,valid
E001-v2,tuning,E,e-s120-value-p2-b040-sir16,tuning-single-n500,,radialKs,min,0.07999999999999996,ratio,valid
E001-v2,tuning,E,e-s120-value-p2-b040-sir16,tuning-single-n500,,radius,max.max,247.39011235907736,m,valid
E001-v2,tuning,E,e-s120-value-p2-b040-sir16,tuning-single-n500,,radius,max.median,233.09654236074596,m,valid
E001-v2,tuning,E,e-s120-value-p2-b040-sir16,tuning-single-n500,,radius,max.min,218.38416879174773,m,valid
E001-v2,tuning,E,e-s120-value-p2-b040-sir16,tuning-single-n500,,radius,p50.max,110.22572028925201,m,valid
E001-v2,tuning,E,e-s120-value-p2-b040-sir16,tuning-single-n500,,radius,p50.median,92.7649327574125,m,valid
E001-v2,tuning,E,e-s120-value-p2-b040-sir16,tuning-single-n500,,radius,p50.min,91.68016354440503,m,valid
E001-v2,tuning,E,e-s120-value-p2-b040-sir16,tuning-single-n500,,radius,p95.max,196.47906193917717,m,valid
E001-v2,tuning,E,e-s120-value-p2-b040-sir16,tuning-single-n500,,radius,p95.median,190.3824461659347,m,valid
E001-v2,tuning,E,e-s120-value-p2-b040-sir16,tuning-single-n500,,radius,p95.min,184.72299539432368,m,valid
E001-v2,tuning,E,e-s120-value-p2-b040-sir16,tuning-single-n500,,radius,p99.max,219.36254786040797,m,valid
E001-v2,tuning,E,e-s120-value-p2-b040-sir16,tuning-single-n500,,radius,p99.median,210.7353247265832,m,valid
E001-v2,tuning,E,e-s120-value-p2-b040-sir16,tuning-single-n500,,radius,p99.min,203.72780584614486,m,valid
E001-v2,tuning,E,e-s120-value-p2-b040-sir16,tuning-single-n500,,radius,violations.max,0.0,count,valid
E001-v2,tuning,E,e-s120-value-p2-b040-sir16,tuning-single-n500,,radius,violations.median,0.0,count,valid
E001-v2,tuning,E,e-s120-value-p2-b040-sir16,tuning-single-n500,,radius,violations.min,0.0,count,valid
E001-v2,tuning,E,e-s120-value-p2-b040-sir16,tuning-single-n500,,samplerFailureCount,value,0.0,count,valid
E001-v2,tuning,E,e-s120-value-p2-b040-sir16,tuning-single-n500,,seam300,max,1.0607142857142857,ratio,valid
E001-v2,tuning,E,e-s120-value-p2-b040-sir16,tuning-single-n500,,seam300,median,0.8011904761904762,ratio,valid
E001-v2,tuning,E,e-s120-value-p2-b040-sir16,tuning-single-n500,,seam300,min,0.45,ratio,valid
E001-v2,tuning,E,e-s120-value-p2-b040-sir16,tuning-single-n500,2026090601,a4,value,0.0,ratio,valid
E001-v2,tuning,E,e-s120-value-p2-b040-sir16,tuning-single-n500,2026090601,radialKs,value,0.14999999999999997,ratio,valid
E001-v2,tuning,E,e-s120-value-p2-b040-sir16,tuning-single-n500,2026090601,radius,max,228.4353096608731,m,valid
E001-v2,tuning,E,e-s120-value-p2-b040-sir16,tuning-single-n500,2026090601,radius,p50,91.68016354440503,m,valid
E001-v2,tuning,E,e-s120-value-p2-b040-sir16,tuning-single-n500,2026090601,radius,p95,196.47906193917717,m,valid
E001-v2,tuning,E,e-s120-value-p2-b040-sir16,tuning-single-n500,2026090601,radius,p99,203.72780584614486,m,valid
E001-v2,tuning,E,e-s120-value-p2-b040-sir16,tuning-single-n500,2026090601,radius,violations,0.0,count,valid
E001-v2,tuning,E,e-s120-value-p2-b040-sir16,tuning-single-n500,2026090601,seam300,value,0.8011904761904762,ratio,valid
E001-v2,tuning,E,e-s120-value-p2-b040-sir16,tuning-single-n500,2026090602,a4,value,0.0,ratio,valid
E001-v2,tuning,E,e-s120-value-p2-b040-sir16,tuning-single-n500,2026090602,radialKs,value,0.09000000000000002,ratio,valid
E001-v2,tuning,E,e-s120-value-p2-b040-sir16,tuning-single-n500,2026090602,radius,max,247.39011235907736,m,valid
E001-v2,tuning,E,e-s120-value-p2-b040-sir16,tuning-single-n500,2026090602,radius,p50,104.26941600979127,m,valid
E001-v2,tuning,E,e-s120-value-p2-b040-sir16,tuning-single-n500,2026090602,radius,p95,196.40409126035618,m,valid
E001-v2,tuning,E,e-s120-value-p2-b040-sir16,tuning-single-n500,2026090602,radius,p99,206.1484834889502,m,valid
E001-v2,tuning,E,e-s120-value-p2-b040-sir16,tuning-single-n500,2026090602,radius,violations,0.0,count,valid
E001-v2,tuning,E,e-s120-value-p2-b040-sir16,tuning-single-n500,2026090602,seam300,value,0.45,ratio,valid
E001-v2,tuning,E,e-s120-value-p2-b040-sir16,tuning-single-n500,2026090603,a4,value,0.0,ratio,valid
E001-v2,tuning,E,e-s120-value-p2-b040-sir16,tuning-single-n500,2026090603,radialKs,value,0.16999999999999998,ratio,valid
E001-v2,tuning,E,e-s120-value-p2-b040-sir16,tuning-single-n500,2026090603,radius,max,218.38416879174773,m,valid
E001-v2,tuning,E,e-s120-value-p2-b040-sir16,tuning-single-n500,2026090603,radius,p50,110.22572028925201,m,valid
E001-v2,tuning,E,e-s120-value-p2-b040-sir16,tuning-single-n500,2026090603,radius,p95,185.97688456908233,m,valid
E001-v2,tuning,E,e-s120-value-p2-b040-sir16,tuning-single-n500,2026090603,radius,p99,210.7353247265832,m,valid
E001-v2,tuning,E,e-s120-value-p2-b040-sir16,tuning-single-n500,2026090603,radius,violations,0.0,count,valid
E001-v2,tuning,E,e-s120-value-p2-b040-sir16,tuning-single-n500,2026090603,seam300,value,0.75,ratio,valid
E001-v2,tuning,E,e-s120-value-p2-b040-sir16,tuning-single-n500,2026090604,a4,value,0.0,ratio,valid
E001-v2,tuning,E,e-s120-value-p2-b040-sir16,tuning-single-n500,2026090604,radialKs,value,0.07999999999999996,ratio,valid
E001-v2,tuning,E,e-s120-value-p2-b040-sir16,tuning-single-n500,2026090604,radius,max,233.09654236074596,m,valid
E001-v2,tuning,E,e-s120-value-p2-b040-sir16,tuning-single-n500,2026090604,radius,p50,92.7649327574125,m,valid
E001-v2,tuning,E,e-s120-value-p2-b040-sir16,tuning-single-n500,2026090604,radius,p95,190.3824461659347,m,valid
E001-v2,tuning,E,e-s120-value-p2-b040-sir16,tuning-single-n500,2026090604,radius,p99,219.36254786040797,m,valid
E001-v2,tuning,E,e-s120-value-p2-b040-sir16,tuning-single-n500,2026090604,radius,violations,0.0,count,valid
E001-v2,tuning,E,e-s120-value-p2-b040-sir16,tuning-single-n500,2026090604,seam300,value,1.0607142857142857,ratio,valid
E001-v2,tuning,E,e-s120-value-p2-b040-sir16,tuning-single-n500,2026090605,a4,value,0.09542348250623582,ratio,valid
E001-v2,tuning,E,e-s120-value-p2-b040-sir16,tuning-single-n500,2026090605,radialKs,value,0.07999999999999999,ratio,valid
E001-v2,tuning,E,e-s120-value-p2-b040-sir16,tuning-single-n500,2026090605,radius,max,233.6280045284237,m,valid
E001-v2,tuning,E,e-s120-value-p2-b040-sir16,tuning-single-n500,2026090605,radius,p50,91.86848875502037,m,valid
E001-v2,tuning,E,e-s120-value-p2-b040-sir16,tuning-single-n500,2026090605,radius,p95,184.72299539432368,m,valid
E001-v2,tuning,E,e-s120-value-p2-b040-sir16,tuning-single-n500,2026090605,radius,p99,212.8158773092968,m,valid
E001-v2,tuning,E,e-s120-value-p2-b040-sir16,tuning-single-n500,2026090605,radius,violations,0.0,count,valid
E001-v2,tuning,E,e-s120-value-p2-b040-sir16,tuning-single-n500,2026090605,seam300,value,0.825,ratio,valid
E001-v2,tuning,E,e-s120-value-p2-b040-sir32,tuning-grid-imbalanced-n4500,,a4,max,0.05209699565463343,ratio,valid
E001-v2,tuning,E,e-s120-value-p2-b040-sir32,tuning-grid-imbalanced-n4500,,a4,median,0.01568321109575674,ratio,valid
E001-v2,tuning,E,e-s120-value-p2-b040-sir32,tuning-grid-imbalanced-n4500,,a4,min,0.0,ratio,valid
E001-v2,tuning,E,e-s120-value-p2-b040-sir32,tuning-grid-imbalanced-n4500,,hotspot50,cv,1.368369021053085,ratio,valid
E001-v2,tuning,E,e-s120-value-p2-b040-sir32,tuning-grid-imbalanced-n4500,,hotspot50,max,70.0,count,valid
E001-v2,tuning,E,e-s120-value-p2-b040-sir32,tuning-grid-imbalanced-n4500,,hotspot50,p99,49.0,count,valid
E001-v2,tuning,E,e-s120-value-p2-b040-sir32,tuning-grid-imbalanced-n4500,,neighbors10,value,2.672,count,valid
E001-v2,tuning,E,e-s120-value-p2-b040-sir32,tuning-grid-imbalanced-n4500,,proximity16,value,0.9466666666666667,ratio,valid
E001-v2,tuning,E,e-s120-value-p2-b040-sir32,tuning-grid-imbalanced-n4500,,proximity24,value,0.9866666666666667,ratio,valid
E001-v2,tuning,E,e-s120-value-p2-b040-sir32,tuning-grid-imbalanced-n4500,,proximity8,value,0.7117777777777777,ratio,valid
E001-v2,tuning,E,e-s120-value-p2-b040-sir32,tuning-grid-imbalanced-n4500,,radius,max.max,277.50610464130597,m,valid
E001-v2,tuning,E,e-s120-value-p2-b040-sir32,tuning-grid-imbalanced-n4500,,radius,max.median,260.41267294419583,m,valid
E001-v2,tuning,E,e-s120-value-p2-b040-sir32,tuning-grid-imbalanced-n4500,,radius,max.min,246.16410078003327,m,valid
E001-v2,tuning,E,e-s120-value-p2-b040-sir32,tuning-grid-imbalanced-n4500,,radius,p50.max,102.01682956897385,m,valid
E001-v2,tuning,E,e-s120-value-p2-b040-sir32,tuning-grid-imbalanced-n4500,,radius,p50.median,98.58640945070798,m,valid
E001-v2,tuning,E,e-s120-value-p2-b040-sir32,tuning-grid-imbalanced-n4500,,radius,p50.min,97.47654361992217,m,valid
E001-v2,tuning,E,e-s120-value-p2-b040-sir32,tuning-grid-imbalanced-n4500,,radius,p95.max,190.99905658242432,m,valid
E001-v2,tuning,E,e-s120-value-p2-b040-sir32,tuning-grid-imbalanced-n4500,,radius,p95.median,187.021972908243,m,valid
E001-v2,tuning,E,e-s120-value-p2-b040-sir32,tuning-grid-imbalanced-n4500,,radius,p95.min,182.9140136265973,m,valid
E001-v2,tuning,E,e-s120-value-p2-b040-sir32,tuning-grid-imbalanced-n4500,,radius,p99.max,225.64039400408805,m,valid
E001-v2,tuning,E,e-s120-value-p2-b040-sir32,tuning-grid-imbalanced-n4500,,radius,p99.median,222.66196939326292,m,valid
E001-v2,tuning,E,e-s120-value-p2-b040-sir32,tuning-grid-imbalanced-n4500,,radius,p99.min,211.56616845441278,m,valid
E001-v2,tuning,E,e-s120-value-p2-b040-sir32,tuning-grid-imbalanced-n4500,,radius,violations.max,0.0,count,valid
E001-v2,tuning,E,e-s120-value-p2-b040-sir32,tuning-grid-imbalanced-n4500,,radius,violations.median,0.0,count,valid
E001-v2,tuning,E,e-s120-value-p2-b040-sir32,tuning-grid-imbalanced-n4500,,radius,violations.min,0.0,count,valid
E001-v2,tuning,E,e-s120-value-p2-b040-sir32,tuning-grid-imbalanced-n4500,,samplerFailureCount,value,0.0,count,valid
E001-v2,tuning,E,e-s120-value-p2-b040-sir32,tuning-grid-imbalanced-n4500,,seam300,max,0.45864661654135336,ratio,valid
E001-v2,tuning,E,e-s120-value-p2-b040-sir32,tuning-grid-imbalanced-n4500,,seam300,median,0.23657407407407405,ratio,valid
E001-v2,tuning,E,e-s120-value-p2-b040-sir32,tuning-grid-imbalanced-n4500,,seam300,min,0.20257867132867133,ratio,valid
E001-v2,tuning,E,e-s120-value-p2-b040-sir32,tuning-grid-imbalanced-n4500,2026090601,a4,value,0.0,ratio,valid
E001-v2,tuning,E,e-s120-value-p2-b040-sir32,tuning-grid-imbalanced-n4500,2026090601,radius,max,277.50610464130597,m,valid
E001-v2,tuning,E,e-s120-value-p2-b040-sir32,tuning-grid-imbalanced-n4500,2026090601,radius,p50,102.01682956897385,m,valid
E001-v2,tuning,E,e-s120-value-p2-b040-sir32,tuning-grid-imbalanced-n4500,2026090601,radius,p95,187.79755772815605,m,valid
E001-v2,tuning,E,e-s120-value-p2-b040-sir32,tuning-grid-imbalanced-n4500,2026090601,radius,p99,224.79748200330883,m,valid
E001-v2,tuning,E,e-s120-value-p2-b040-sir32,tuning-grid-imbalanced-n4500,2026090601,radius,violations,0.0,count,valid
E001-v2,tuning,E,e-s120-value-p2-b040-sir32,tuning-grid-imbalanced-n4500,2026090601,seam300,value,0.22350806451612903,ratio,valid
E001-v2,tuning,E,e-s120-value-p2-b040-sir32,tuning-grid-imbalanced-n4500,2026090602,a4,value,0.05209699565463343,ratio,valid
E001-v2,tuning,E,e-s120-value-p2-b040-sir32,tuning-grid-imbalanced-n4500,2026090602,radius,max,251.66511030733753,m,valid
E001-v2,tuning,E,e-s120-value-p2-b040-sir32,tuning-grid-imbalanced-n4500,2026090602,radius,p50,97.47654361992217,m,valid
E001-v2,tuning,E,e-s120-value-p2-b040-sir32,tuning-grid-imbalanced-n4500,2026090602,radius,p95,182.9140136265973,m,valid
E001-v2,tuning,E,e-s120-value-p2-b040-sir32,tuning-grid-imbalanced-n4500,2026090602,radius,p99,211.56616845441278,m,valid
E001-v2,tuning,E,e-s120-value-p2-b040-sir32,tuning-grid-imbalanced-n4500,2026090602,radius,violations,0.0,count,valid
E001-v2,tuning,E,e-s120-value-p2-b040-sir32,tuning-grid-imbalanced-n4500,2026090602,seam300,value,0.45864661654135336,ratio,valid
E001-v2,tuning,E,e-s120-value-p2-b040-sir32,tuning-grid-imbalanced-n4500,2026090603,a4,value,0.01568321109575674,ratio,valid
E001-v2,tuning,E,e-s120-value-p2-b040-sir32,tuning-grid-imbalanced-n4500,2026090603,radius,max,246.16410078003327,m,valid
E001-v2,tuning,E,e-s120-value-p2-b040-sir32,tuning-grid-imbalanced-n4500,2026090603,radius,p50,98.9993836089334,m,valid
E001-v2,tuning,E,e-s120-value-p2-b040-sir32,tuning-grid-imbalanced-n4500,2026090603,radius,p95,187.021972908243,m,valid
E001-v2,tuning,E,e-s120-value-p2-b040-sir32,tuning-grid-imbalanced-n4500,2026090603,radius,p99,225.64039400408805,m,valid
E001-v2,tuning,E,e-s120-value-p2-b040-sir32,tuning-grid-imbalanced-n4500,2026090603,radius,violations,0.0,count,valid
E001-v2,tuning,E,e-s120-value-p2-b040-sir32,tuning-grid-imbalanced-n4500,2026090603,seam300,value,0.20257867132867133,ratio,valid
E001-v2,tuning,E,e-s120-value-p2-b040-sir32,tuning-grid-imbalanced-n4500,2026090604,a4,value,0.03533632246806093,ratio,valid
E001-v2,tuning,E,e-s120-value-p2-b040-sir32,tuning-grid-imbalanced-n4500,2026090604,radius,max,260.41267294419583,m,valid
E001-v2,tuning,E,e-s120-value-p2-b040-sir32,tuning-grid-imbalanced-n4500,2026090604,radius,p50,98.47834493397087,m,valid
E001-v2,tuning,E,e-s120-value-p2-b040-sir32,tuning-grid-imbalanced-n4500,2026090604,radius,p95,190.99905658242432,m,valid
E001-v2,tuning,E,e-s120-value-p2-b040-sir32,tuning-grid-imbalanced-n4500,2026090604,radius,p99,222.66196939326292,m,valid
E001-v2,tuning,E,e-s120-value-p2-b040-sir32,tuning-grid-imbalanced-n4500,2026090604,radius,violations,0.0,count,valid
E001-v2,tuning,E,e-s120-value-p2-b040-sir32,tuning-grid-imbalanced-n4500,2026090604,seam300,value,0.23657407407407405,ratio,valid
E001-v2,tuning,E,e-s120-value-p2-b040-sir32,tuning-grid-imbalanced-n4500,2026090605,a4,value,0.0,ratio,valid
E001-v2,tuning,E,e-s120-value-p2-b040-sir32,tuning-grid-imbalanced-n4500,2026090605,radius,max,263.442388063703,m,valid
E001-v2,tuning,E,e-s120-value-p2-b040-sir32,tuning-grid-imbalanced-n4500,2026090605,radius,p50,98.58640945070798,m,valid
E001-v2,tuning,E,e-s120-value-p2-b040-sir32,tuning-grid-imbalanced-n4500,2026090605,radius,p95,186.74306087600277,m,valid
E001-v2,tuning,E,e-s120-value-p2-b040-sir32,tuning-grid-imbalanced-n4500,2026090605,radius,p99,213.49490940473547,m,valid
E001-v2,tuning,E,e-s120-value-p2-b040-sir32,tuning-grid-imbalanced-n4500,2026090605,radius,violations,0.0,count,valid
E001-v2,tuning,E,e-s120-value-p2-b040-sir32,tuning-grid-imbalanced-n4500,2026090605,seam300,value,0.28431372549019607,ratio,valid
E001-v2,tuning,E,e-s120-value-p2-b040-sir32,tuning-single-n500,,a4,max,0.13816395566857353,ratio,valid
E001-v2,tuning,E,e-s120-value-p2-b040-sir32,tuning-single-n500,,a4,median,0.02353290257663362,ratio,valid
E001-v2,tuning,E,e-s120-value-p2-b040-sir32,tuning-single-n500,,a4,min,0.0,ratio,valid
E001-v2,tuning,E,e-s120-value-p2-b040-sir32,tuning-single-n500,,hotspot50,cv,1.8353157766444461,ratio,valid
E001-v2,tuning,E,e-s120-value-p2-b040-sir32,tuning-single-n500,,hotspot50,max,29.0,count,valid
E001-v2,tuning,E,e-s120-value-p2-b040-sir32,tuning-single-n500,,hotspot50,p99,28.0,count,valid
E001-v2,tuning,E,e-s120-value-p2-b040-sir32,tuning-single-n500,,neighbors10,value,1.98,count,valid
E001-v2,tuning,E,e-s120-value-p2-b040-sir32,tuning-single-n500,,proximity16,value,0.922,ratio,valid
E001-v2,tuning,E,e-s120-value-p2-b040-sir32,tuning-single-n500,,proximity24,value,0.964,ratio,valid
E001-v2,tuning,E,e-s120-value-p2-b040-sir32,tuning-single-n500,,proximity8,value,0.678,ratio,valid
E001-v2,tuning,E,e-s120-value-p2-b040-sir32,tuning-single-n500,,radialKs,max,0.12,ratio,valid
E001-v2,tuning,E,e-s120-value-p2-b040-sir32,tuning-single-n500,,radialKs,median,0.10999999999999999,ratio,valid
E001-v2,tuning,E,e-s120-value-p2-b040-sir32,tuning-single-n500,,radialKs,min,0.10000000000000003,ratio,valid
E001-v2,tuning,E,e-s120-value-p2-b040-sir32,tuning-single-n500,,radius,max.max,240.5227483034383,m,valid
E001-v2,tuning,E,e-s120-value-p2-b040-sir32,tuning-single-n500,,radius,max.median,231.28586068857805,m,valid
E001-v2,tuning,E,e-s120-value-p2-b040-sir32,tuning-single-n500,,radius,max.min,227.65572751511888,m,valid
E001-v2,tuning,E,e-s120-value-p2-b040-sir32,tuning-single-n500,,radius,p50.max,104.25869030455178,m,valid
E001-v2,tuning,E,e-s120-value-p2-b040-sir32,tuning-single-n500,,radius,p50.median,95.10693015180827,m,valid
E001-v2,tuning,E,e-s120-value-p2-b040-sir32,tuning-single-n500,,radius,p50.min,88.19115809233155,m,valid
E001-v2,tuning,E,e-s120-value-p2-b040-sir32,tuning-single-n500,,radius,p95.max,186.80876279287523,m,valid
E001-v2,tuning,E,e-s120-value-p2-b040-sir32,tuning-single-n500,,radius,p95.median,176.34316923505253,m,valid
E001-v2,tuning,E,e-s120-value-p2-b040-sir32,tuning-single-n500,,radius,p95.min,170.52354928526074,m,valid
E001-v2,tuning,E,e-s120-value-p2-b040-sir32,tuning-single-n500,,radius,p99.max,220.9960184443913,m,valid
E001-v2,tuning,E,e-s120-value-p2-b040-sir32,tuning-single-n500,,radius,p99.median,204.48883389037718,m,valid
E001-v2,tuning,E,e-s120-value-p2-b040-sir32,tuning-single-n500,,radius,p99.min,189.67392365157707,m,valid
E001-v2,tuning,E,e-s120-value-p2-b040-sir32,tuning-single-n500,,radius,violations.max,0.0,count,valid
E001-v2,tuning,E,e-s120-value-p2-b040-sir32,tuning-single-n500,,radius,violations.median,0.0,count,valid
E001-v2,tuning,E,e-s120-value-p2-b040-sir32,tuning-single-n500,,radius,violations.min,0.0,count,valid
E001-v2,tuning,E,e-s120-value-p2-b040-sir32,tuning-single-n500,,samplerFailureCount,value,0.0,count,valid
E001-v2,tuning,E,e-s120-value-p2-b040-sir32,tuning-single-n500,,seam300,max,0.9083333333333332,ratio,valid
E001-v2,tuning,E,e-s120-value-p2-b040-sir32,tuning-single-n500,,seam300,median,0.7,ratio,valid
E001-v2,tuning,E,e-s120-value-p2-b040-sir32,tuning-single-n500,,seam300,min,0.3333333333333333,ratio,valid
E001-v2,tuning,E,e-s120-value-p2-b040-sir32,tuning-single-n500,2026090601,a4,value,0.02353290257663362,ratio,valid
E001-v2,tuning,E,e-s120-value-p2-b040-sir32,tuning-single-n500,2026090601,radialKs,value,0.11000000000000004,ratio,valid
E001-v2,tuning,E,e-s120-value-p2-b040-sir32,tuning-single-n500,2026090601,radius,max,237.5394568143986,m,valid
E001-v2,tuning,E,e-s120-value-p2-b040-sir32,tuning-single-n500,2026090601,radius,p50,93.50950527631394,m,valid
E001-v2,tuning,E,e-s120-value-p2-b040-sir32,tuning-single-n500,2026090601,radius,p95,186.80876279287523,m,valid
E001-v2,tuning,E,e-s120-value-p2-b040-sir32,tuning-single-n500,2026090601,radius,p99,204.48883389037718,m,valid
E001-v2,tuning,E,e-s120-value-p2-b040-sir32,tuning-single-n500,2026090601,radius,violations,0.0,count,valid
E001-v2,tuning,E,e-s120-value-p2-b040-sir32,tuning-single-n500,2026090601,seam300,value,0.3333333333333333,ratio,valid
E001-v2,tuning,E,e-s120-value-p2-b040-sir32,tuning-single-n500,2026090602,a4,value,0.0,ratio,valid
E001-v2,tuning,E,e-s120-value-p2-b040-sir32,tuning-single-n500,2026090602,radialKs,value,0.10000000000000003,ratio,valid
E001-v2,tuning,E,e-s120-value-p2-b040-sir32,tuning-single-n500,2026090602,radius,max,231.28586068857805,m,valid
E001-v2,tuning,E,e-s120-value-p2-b040-sir32,tuning-single-n500,2026090602,radius,p50,104.25869030455178,m,valid
E001-v2,tuning,E,e-s120-value-p2-b040-sir32,tuning-single-n500,2026090602,radius,p95,176.34316923505253,m,valid
E001-v2,tuning,E,e-s120-value-p2-b040-sir32,tuning-single-n500,2026090602,radius,p99,220.9960184443913,m,valid
E001-v2,tuning,E,e-s120-value-p2-b040-sir32,tuning-single-n500,2026090602,radius,violations,0.0,count,valid
E001-v2,tuning,E,e-s120-value-p2-b040-sir32,tuning-single-n500,2026090602,seam300,value,0.9083333333333332,ratio,valid
E001-v2,tuning,E,e-s120-value-p2-b040-sir32,tuning-single-n500,2026090603,a4,value,0.13816395566857353,ratio,valid
E001-v2,tuning,E,e-s120-value-p2-b040-sir32,tuning-single-n500,2026090603,radialKs,value,0.10999999999999999,ratio,valid
E001-v2,tuning,E,e-s120-value-p2-b040-sir32,tuning-single-n500,2026090603,radius,max,227.65572751511888,m,valid
E001-v2,tuning,E,e-s120-value-p2-b040-sir32,tuning-single-n500,2026090603,radius,p50,103.54167709221008,m,valid
E001-v2,tuning,E,e-s120-value-p2-b040-sir32,tuning-single-n500,2026090603,radius,p95,178.6668823486838,m,valid
E001-v2,tuning,E,e-s120-value-p2-b040-sir32,tuning-single-n500,2026090603,radius,p99,189.67392365157707,m,valid
E001-v2,tuning,E,e-s120-value-p2-b040-sir32,tuning-single-n500,2026090603,radius,violations,0.0,count,valid
E001-v2,tuning,E,e-s120-value-p2-b040-sir32,tuning-single-n500,2026090603,seam300,value,0.7,ratio,valid
E001-v2,tuning,E,e-s120-value-p2-b040-sir32,tuning-single-n500,2026090604,a4,value,0.0,ratio,valid
E001-v2,tuning,E,e-s120-value-p2-b040-sir32,tuning-single-n500,2026090604,radialKs,value,0.10000000000000003,ratio,valid
E001-v2,tuning,E,e-s120-value-p2-b040-sir32,tuning-single-n500,2026090604,radius,max,240.5227483034383,m,valid
E001-v2,tuning,E,e-s120-value-p2-b040-sir32,tuning-single-n500,2026090604,radius,p50,95.10693015180827,m,valid
E001-v2,tuning,E,e-s120-value-p2-b040-sir32,tuning-single-n500,2026090604,radius,p95,170.52354928526074,m,valid
E001-v2,tuning,E,e-s120-value-p2-b040-sir32,tuning-single-n500,2026090604,radius,p99,198.22442148967957,m,valid
E001-v2,tuning,E,e-s120-value-p2-b040-sir32,tuning-single-n500,2026090604,radius,violations,0.0,count,valid
E001-v2,tuning,E,e-s120-value-p2-b040-sir32,tuning-single-n500,2026090604,seam300,value,0.7,ratio,valid
E001-v2,tuning,E,e-s120-value-p2-b040-sir32,tuning-single-n500,2026090605,a4,value,0.08404573920104348,ratio,valid
E001-v2,tuning,E,e-s120-value-p2-b040-sir32,tuning-single-n500,2026090605,radialKs,value,0.12,ratio,valid
E001-v2,tuning,E,e-s120-value-p2-b040-sir32,tuning-single-n500,2026090605,radius,max,228.23088269563536,m,valid
E001-v2,tuning,E,e-s120-value-p2-b040-sir32,tuning-single-n500,2026090605,radius,p50,88.19115809233155,m,valid
E001-v2,tuning,E,e-s120-value-p2-b040-sir32,tuning-single-n500,2026090605,radius,p95,174.3593744980429,m,valid
E001-v2,tuning,E,e-s120-value-p2-b040-sir32,tuning-single-n500,2026090605,radius,p99,218.67538942516137,m,valid
E001-v2,tuning,E,e-s120-value-p2-b040-sir32,tuning-single-n500,2026090605,radius,violations,0.0,count,valid
E001-v2,tuning,E,e-s120-value-p2-b040-sir32,tuning-single-n500,2026090605,seam300,value,0.7083333333333334,ratio,valid
E001-v2,tuning,E,e-s120-value-p2-b070-rejection128,tuning-grid-imbalanced-n4500,,a4,max,0.04022211855128868,ratio,valid
E001-v2,tuning,E,e-s120-value-p2-b070-rejection128,tuning-grid-imbalanced-n4500,,a4,median,0.03715445965603951,ratio,valid
E001-v2,tuning,E,e-s120-value-p2-b070-rejection128,tuning-grid-imbalanced-n4500,,a4,min,0.0,ratio,valid
E001-v2,tuning,E,e-s120-value-p2-b070-rejection128,tuning-grid-imbalanced-n4500,,hotspot50,cv,1.3525416403530388,ratio,valid
E001-v2,tuning,E,e-s120-value-p2-b070-rejection128,tuning-grid-imbalanced-n4500,,hotspot50,max,60.0,count,valid
E001-v2,tuning,E,e-s120-value-p2-b070-rejection128,tuning-grid-imbalanced-n4500,,hotspot50,p99,49.0,count,valid
E001-v2,tuning,E,e-s120-value-p2-b070-rejection128,tuning-grid-imbalanced-n4500,,neighbors10,value,2.7195555555555555,count,valid
E001-v2,tuning,E,e-s120-value-p2-b070-rejection128,tuning-grid-imbalanced-n4500,,proximity16,value,0.948,ratio,valid
E001-v2,tuning,E,e-s120-value-p2-b070-rejection128,tuning-grid-imbalanced-n4500,,proximity24,value,0.9848888888888889,ratio,valid
E001-v2,tuning,E,e-s120-value-p2-b070-rejection128,tuning-grid-imbalanced-n4500,,proximity8,value,0.72,ratio,valid
E001-v2,tuning,E,e-s120-value-p2-b070-rejection128,tuning-grid-imbalanced-n4500,,radius,max.max,259.3975614767598,m,valid
E001-v2,tuning,E,e-s120-value-p2-b070-rejection128,tuning-grid-imbalanced-n4500,,radius,max.median,252.75942696741177,m,valid
E001-v2,tuning,E,e-s120-value-p2-b070-rejection128,tuning-grid-imbalanced-n4500,,radius,max.min,244.27158074725745,m,valid
E001-v2,tuning,E,e-s120-value-p2-b070-rejection128,tuning-grid-imbalanced-n4500,,radius,p50.max,99.65417497745793,m,valid
E001-v2,tuning,E,e-s120-value-p2-b070-rejection128,tuning-grid-imbalanced-n4500,,radius,p50.median,98.97656363749294,m,valid
E001-v2,tuning,E,e-s120-value-p2-b070-rejection128,tuning-grid-imbalanced-n4500,,radius,p50.min,94.48737716724507,m,valid
E001-v2,tuning,E,e-s120-value-p2-b070-rejection128,tuning-grid-imbalanced-n4500,,radius,p95.max,191.08904605731658,m,valid
E001-v2,tuning,E,e-s120-value-p2-b070-rejection128,tuning-grid-imbalanced-n4500,,radius,p95.median,188.07539692710085,m,valid
E001-v2,tuning,E,e-s120-value-p2-b070-rejection128,tuning-grid-imbalanced-n4500,,radius,p95.min,186.25882977917274,m,valid
E001-v2,tuning,E,e-s120-value-p2-b070-rejection128,tuning-grid-imbalanced-n4500,,radius,p99.max,230.3407096432457,m,valid
E001-v2,tuning,E,e-s120-value-p2-b070-rejection128,tuning-grid-imbalanced-n4500,,radius,p99.median,222.2926512935273,m,valid
E001-v2,tuning,E,e-s120-value-p2-b070-rejection128,tuning-grid-imbalanced-n4500,,radius,p99.min,219.42774757581577,m,valid
E001-v2,tuning,E,e-s120-value-p2-b070-rejection128,tuning-grid-imbalanced-n4500,,radius,violations.max,0.0,count,valid
E001-v2,tuning,E,e-s120-value-p2-b070-rejection128,tuning-grid-imbalanced-n4500,,radius,violations.median,0.0,count,valid
E001-v2,tuning,E,e-s120-value-p2-b070-rejection128,tuning-grid-imbalanced-n4500,,radius,violations.min,0.0,count,valid
E001-v2,tuning,E,e-s120-value-p2-b070-rejection128,tuning-grid-imbalanced-n4500,,samplerFailureCount,value,0.0,count,valid
E001-v2,tuning,E,e-s120-value-p2-b070-rejection128,tuning-grid-imbalanced-n4500,,seam300,max,0.4838235294117647,ratio,valid
E001-v2,tuning,E,e-s120-value-p2-b070-rejection128,tuning-grid-imbalanced-n4500,,seam300,median,0.3756509216589862,ratio,valid
E001-v2,tuning,E,e-s120-value-p2-b070-rejection128,tuning-grid-imbalanced-n4500,,seam300,min,0.2373737373737374,ratio,valid
E001-v2,tuning,E,e-s120-value-p2-b070-rejection128,tuning-grid-imbalanced-n4500,2026090601,a4,value,0.03879810964254045,ratio,valid
E001-v2,tuning,E,e-s120-value-p2-b070-rejection128,tuning-grid-imbalanced-n4500,2026090601,radius,max,259.3975614767598,m,valid
E001-v2,tuning,E,e-s120-value-p2-b070-rejection128,tuning-grid-imbalanced-n4500,2026090601,radius,p50,94.48737716724507,m,valid
E001-v2,tuning,E,e-s120-value-p2-b070-rejection128,tuning-grid-imbalanced-n4500,2026090601,radius,p95,191.08904605731658,m,valid
E001-v2,tuning,E,e-s120-value-p2-b070-rejection128,tuning-grid-imbalanced-n4500,2026090601,radius,p99,222.2926512935273,m,valid
E001-v2,tuning,E,e-s120-value-p2-b070-rejection128,tuning-grid-imbalanced-n4500,2026090601,radius,violations,0.0,count,valid
E001-v2,tuning,E,e-s120-value-p2-b070-rejection128,tuning-grid-imbalanced-n4500,2026090601,seam300,value,0.2373737373737374,ratio,valid
E001-v2,tuning,E,e-s120-value-p2-b070-rejection128,tuning-grid-imbalanced-n4500,2026090602,a4,value,0.04022211855128868,ratio,valid
E001-v2,tuning,E,e-s120-value-p2-b070-rejection128,tuning-grid-imbalanced-n4500,2026090602,radius,max,244.27158074725745,m,valid
E001-v2,tuning,E,e-s120-value-p2-b070-rejection128,tuning-grid-imbalanced-n4500,2026090602,radius,p50,98.97656363749294,m,valid
E001-v2,tuning,E,e-s120-value-p2-b070-rejection128,tuning-grid-imbalanced-n4500,2026090602,radius,p95,188.07539692710085,m,valid
E001-v2,tuning,E,e-s120-value-p2-b070-rejection128,tuning-grid-imbalanced-n4500,2026090602,radius,p99,222.77777666451243,m,valid
E001-v2,tuning,E,e-s120-value-p2-b070-rejection128,tuning-grid-imbalanced-n4500,2026090602,radius,violations,0.0,count,valid
E001-v2,tuning,E,e-s120-value-p2-b070-rejection128,tuning-grid-imbalanced-n4500,2026090602,seam300,value,0.2954263128176171,ratio,valid
E001-v2,tuning,E,e-s120-value-p2-b070-rejection128,tuning-grid-imbalanced-n4500,2026090603,a4,value,0.03715445965603951,ratio,valid
E001-v2,tuning,E,e-s120-value-p2-b070-rejection128,tuning-grid-imbalanced-n4500,2026090603,radius,max,256.14640142367995,m,valid
E001-v2,tuning,E,e-s120-value-p2-b070-rejection128,tuning-grid-imbalanced-n4500,2026090603,radius,p50,99.65417497745793,m,valid
E001-v2,tuning,E,e-s120-value-p2-b070-rejection128,tuning-grid-imbalanced-n4500,2026090603,radius,p95,186.25882977917274,m,valid
E001-v2,tuning,E,e-s120-value-p2-b070-rejection128,tuning-grid-imbalanced-n4500,2026090603,radius,p99,220.19822375965538,m,valid
E001-v2,tuning,E,e-s120-value-p2-b070-rejection128,tuning-grid-imbalanced-n4500,2026090603,radius,violations,0.0,count,valid
E001-v2,tuning,E,e-s120-value-p2-b070-rejection128,tuning-grid-imbalanced-n4500,2026090603,seam300,value,0.3756509216589862,ratio,valid
E001-v2,tuning,E,e-s120-value-p2-b070-rejection128,tuning-grid-imbalanced-n4500,2026090604,a4,value,0.0,ratio,valid
E001-v2,tuning,E,e-s120-value-p2-b070-rejection128,tuning-grid-imbalanced-n4500,2026090604,radius,max,250.90877098549203,m,valid
E001-v2,tuning,E,e-s120-value-p2-b070-rejection128,tuning-grid-imbalanced-n4500,2026090604,radius,p50,98.21638669888331,m,valid
E001-v2,tuning,E,e-s120-value-p2-b070-rejection128,tuning-grid-imbalanced-n4500,2026090604,radius,p95,189.98836652783802,m,valid
E001-v2,tuning,E,e-s120-value-p2-b070-rejection128,tuning-grid-imbalanced-n4500,2026090604,radius,p99,230.3407096432457,m,valid
E001-v2,tuning,E,e-s120-value-p2-b070-rejection128,tuning-grid-imbalanced-n4500,2026090604,radius,violations,0.0,count,valid
E001-v2,tuning,E,e-s120-value-p2-b070-rejection128,tuning-grid-imbalanced-n4500,2026090604,seam300,value,0.4838235294117647,ratio,valid
E001-v2,tuning,E,e-s120-value-p2-b070-rejection128,tuning-grid-imbalanced-n4500,2026090605,a4,value,0.0,ratio,valid
E001-v2,tuning,E,e-s120-value-p2-b070-rejection128,tuning-grid-imbalanced-n4500,2026090605,radius,max,252.75942696741177,m,valid
E001-v2,tuning,E,e-s120-value-p2-b070-rejection128,tuning-grid-imbalanced-n4500,2026090605,radius,p50,99.03156328126023,m,valid
E001-v2,tuning,E,e-s120-value-p2-b070-rejection128,tuning-grid-imbalanced-n4500,2026090605,radius,p95,187.11134133346147,m,valid
E001-v2,tuning,E,e-s120-value-p2-b070-rejection128,tuning-grid-imbalanced-n4500,2026090605,radius,p99,219.42774757581577,m,valid
E001-v2,tuning,E,e-s120-value-p2-b070-rejection128,tuning-grid-imbalanced-n4500,2026090605,radius,violations,0.0,count,valid
E001-v2,tuning,E,e-s120-value-p2-b070-rejection128,tuning-grid-imbalanced-n4500,2026090605,seam300,value,0.38627269469660774,ratio,valid
E001-v2,tuning,E,e-s120-value-p2-b070-rejection128,tuning-single-n500,,a4,max,0.1550985230646078,ratio,valid
E001-v2,tuning,E,e-s120-value-p2-b070-rejection128,tuning-single-n500,,a4,median,0.0,ratio,valid
E001-v2,tuning,E,e-s120-value-p2-b070-rejection128,tuning-single-n500,,a4,min,0.0,ratio,valid
E001-v2,tuning,E,e-s120-value-p2-b070-rejection128,tuning-single-n500,,hotspot50,cv,1.8074866527861297,ratio,valid
E001-v2,tuning,E,e-s120-value-p2-b070-rejection128,tuning-single-n500,,hotspot50,max,29.0,count,valid
E001-v2,tuning,E,e-s120-value-p2-b070-rejection128,tuning-single-n500,,hotspot50,p99,26.0,count,valid
E001-v2,tuning,E,e-s120-value-p2-b070-rejection128,tuning-single-n500,,neighbors10,value,1.808,count,valid
E001-v2,tuning,E,e-s120-value-p2-b070-rejection128,tuning-single-n500,,proximity16,value,0.904,ratio,valid
E001-v2,tuning,E,e-s120-value-p2-b070-rejection128,tuning-single-n500,,proximity24,value,0.96,ratio,valid
E001-v2,tuning,E,e-s120-value-p2-b070-rejection128,tuning-single-n500,,proximity8,value,0.648,ratio,valid
E001-v2,tuning,E,e-s120-value-p2-b070-rejection128,tuning-single-n500,,radialKs,max,0.10000000000000003,ratio,valid
E001-v2,tuning,E,e-s120-value-p2-b070-rejection128,tuning-single-n500,,radialKs,median,0.06999999999999995,ratio,valid
E001-v2,tuning,E,e-s120-value-p2-b070-rejection128,tuning-single-n500,,radialKs,min,0.06000000000000005,ratio,valid
E001-v2,tuning,E,e-s120-value-p2-b070-rejection128,tuning-single-n500,,radius,max.max,264.38477759912854,m,valid
E001-v2,tuning,E,e-s120-value-p2-b070-rejection128,tuning-single-n500,,radius,max.median,244.22736603681926,m,valid
E001-v2,tuning,E,e-s120-value-p2-b070-rejection128,tuning-single-n500,,radius,max.min,219.53699942768847,m,valid
E001-v2,tuning,E,e-s120-value-p2-b070-rejection128,tuning-single-n500,,radius,p50.max,104.7969843640924,m,valid
E001-v2,tuning,E,e-s120-value-p2-b070-rejection128,tuning-single-n500,,radius,p50.median,101.964772248929,m,valid
E001-v2,tuning,E,e-s120-value-p2-b070-rejection128,tuning-single-n500,,radius,p50.min,95.01677711724153,m,valid
E001-v2,tuning,E,e-s120-value-p2-b070-rejection128,tuning-single-n500,,radius,p95.max,203.46272129503188,m,valid
E001-v2,tuning,E,e-s120-value-p2-b070-rejection128,tuning-single-n500,,radius,p95.median,180.56416029603267,m,valid
E001-v2,tuning,E,e-s120-value-p2-b070-rejection128,tuning-single-n500,,radius,p95.min,171.18569116418672,m,valid
E001-v2,tuning,E,e-s120-value-p2-b070-rejection128,tuning-single-n500,,radius,p99.max,245.9698003969161,m,valid
E001-v2,tuning,E,e-s120-value-p2-b070-rejection128,tuning-single-n500,,radius,p99.median,215.99403323167547,m,valid
E001-v2,tuning,E,e-s120-value-p2-b070-rejection128,tuning-single-n500,,radius,p99.min,199.00372354763806,m,valid
E001-v2,tuning,E,e-s120-value-p2-b070-rejection128,tuning-single-n500,,radius,violations.max,0.0,count,valid
E001-v2,tuning,E,e-s120-value-p2-b070-rejection128,tuning-single-n500,,radius,violations.median,0.0,count,valid
E001-v2,tuning,E,e-s120-value-p2-b070-rejection128,tuning-single-n500,,radius,violations.min,0.0,count,valid
E001-v2,tuning,E,e-s120-value-p2-b070-rejection128,tuning-single-n500,,samplerFailureCount,value,0.0,count,valid
E001-v2,tuning,E,e-s120-value-p2-b070-rejection128,tuning-single-n500,,seam300,max,0.9166666666666666,ratio,valid
E001-v2,tuning,E,e-s120-value-p2-b070-rejection128,tuning-single-n500,,seam300,median,0.825,ratio,valid
E001-v2,tuning,E,e-s120-value-p2-b070-rejection128,tuning-single-n500,,seam300,min,0.25,ratio,valid
E001-v2,tuning,E,e-s120-value-p2-b070-rejection128,tuning-single-n500,2026090601,a4,value,0.1550985230646078,ratio,valid
E001-v2,tuning,E,e-s120-value-p2-b070-rejection128,tuning-single-n500,2026090601,radialKs,value,0.06000000000000005,ratio,valid
E001-v2,tuning,E,e-s120-value-p2-b070-rejection128,tuning-single-n500,2026090601,radius,max,264.38477759912854,m,valid
E001-v2,tuning,E,e-s120-value-p2-b070-rejection128,tuning-single-n500,2026090601,radius,p50,104.7969843640924,m,valid
E001-v2,tuning,E,e-s120-value-p2-b070-rejection128,tuning-single-n500,2026090601,radius,p95,203.46272129503188,m,valid
E001-v2,tuning,E,e-s120-value-p2-b070-rejection128,tuning-single-n500,2026090601,radius,p99,245.9698003969161,m,valid
E001-v2,tuning,E,e-s120-value-p2-b070-rejection128,tuning-single-n500,2026090601,radius,violations,0.0,count,valid
E001-v2,tuning,E,e-s120-value-p2-b070-rejection128,tuning-single-n500,2026090601,seam300,value,0.825,ratio,valid
E001-v2,tuning,E,e-s120-value-p2-b070-rejection128,tuning-single-n500,2026090602,a4,value,0.0,ratio,valid
E001-v2,tuning,E,e-s120-value-p2-b070-rejection128,tuning-single-n500,2026090602,radialKs,value,0.06000000000000005,ratio,valid
E001-v2,tuning,E,e-s120-value-p2-b070-rejection128,tuning-single-n500,2026090602,radius,max,219.53699942768847,m,valid
E001-v2,tuning,E,e-s120-value-p2-b070-rejection128,tuning-single-n500,2026090602,radius,p50,101.964772248929,m,valid
E001-v2,tuning,E,e-s120-value-p2-b070-rejection128,tuning-single-n500,2026090602,radius,p95,201.49438780131828,m,valid
E001-v2,tuning,E,e-s120-value-p2-b070-rejection128,tuning-single-n500,2026090602,radius,p99,218.5956484239298,m,valid
E001-v2,tuning,E,e-s120-value-p2-b070-rejection128,tuning-single-n500,2026090602,radius,violations,0.0,count,valid
E001-v2,tuning,E,e-s120-value-p2-b070-rejection128,tuning-single-n500,2026090602,seam300,value,0.25,ratio,valid
E001-v2,tuning,E,e-s120-value-p2-b070-rejection128,tuning-single-n500,2026090603,a4,value,0.0,ratio,valid
E001-v2,tuning,E,e-s120-value-p2-b070-rejection128,tuning-single-n500,2026090603,radialKs,value,0.06999999999999995,ratio,valid
E001-v2,tuning,E,e-s120-value-p2-b070-rejection128,tuning-single-n500,2026090603,radius,max,238.23494327121574,m,valid
E001-v2,tuning,E,e-s120-value-p2-b070-rejection128,tuning-single-n500,2026090603,radius,p50,95.01677711724153,m,valid
E001-v2,tuning,E,e-s120-value-p2-b070-rejection128,tuning-single-n500,2026090603,radius,p95,178.22542324765823,m,valid
E001-v2,tuning,E,e-s120-value-p2-b070-rejection128,tuning-single-n500,2026090603,radius,p99,215.99403323167547,m,valid
E001-v2,tuning,E,e-s120-value-p2-b070-rejection128,tuning-single-n500,2026090603,radius,violations,0.0,count,valid
E001-v2,tuning,E,e-s120-value-p2-b070-rejection128,tuning-single-n500,2026090603,seam300,value,0.9166666666666666,ratio,valid
E001-v2,tuning,E,e-s120-value-p2-b070-rejection128,tuning-single-n500,2026090604,a4,value,0.0,ratio,valid
E001-v2,tuning,E,e-s120-value-p2-b070-rejection128,tuning-single-n500,2026090604,radialKs,value,0.10000000000000003,ratio,valid
E001-v2,tuning,E,e-s120-value-p2-b070-rejection128,tuning-single-n500,2026090604,radius,max,244.22736603681926,m,valid
E001-v2,tuning,E,e-s120-value-p2-b070-rejection128,tuning-single-n500,2026090604,radius,p50,101.49969413078554,m,valid
E001-v2,tuning,E,e-s120-value-p2-b070-rejection128,tuning-single-n500,2026090604,radius,p95,171.18569116418672,m,valid
E001-v2,tuning,E,e-s120-value-p2-b070-rejection128,tuning-single-n500,2026090604,radius,p99,212.62536335895408,m,valid
E001-v2,tuning,E,e-s120-value-p2-b070-rejection128,tuning-single-n500,2026090604,radius,violations,0.0,count,valid
E001-v2,tuning,E,e-s120-value-p2-b070-rejection128,tuning-single-n500,2026090604,seam300,value,0.7916666666666666,ratio,valid
E001-v2,tuning,E,e-s120-value-p2-b070-rejection128,tuning-single-n500,2026090605,a4,value,0.10213536514271199,ratio,valid
E001-v2,tuning,E,e-s120-value-p2-b070-rejection128,tuning-single-n500,2026090605,radialKs,value,0.09000000000000002,ratio,valid
E001-v2,tuning,E,e-s120-value-p2-b070-rejection128,tuning-single-n500,2026090605,radius,max,261.1429718099526,m,valid
E001-v2,tuning,E,e-s120-value-p2-b070-rejection128,tuning-single-n500,2026090605,radius,p50,103.204399042544,m,valid
E001-v2,tuning,E,e-s120-value-p2-b070-rejection128,tuning-single-n500,2026090605,radius,p95,180.56416029603267,m,valid
E001-v2,tuning,E,e-s120-value-p2-b070-rejection128,tuning-single-n500,2026090605,radius,p99,199.00372354763806,m,valid
E001-v2,tuning,E,e-s120-value-p2-b070-rejection128,tuning-single-n500,2026090605,radius,violations,0.0,count,valid
E001-v2,tuning,E,e-s120-value-p2-b070-rejection128,tuning-single-n500,2026090605,seam300,value,0.8428571428571429,ratio,valid
E001-v2,tuning,E,e-s120-value-p2-b070-sir16,tuning-grid-imbalanced-n4500,,a4,max,0.03164046814434328,ratio,valid
E001-v2,tuning,E,e-s120-value-p2-b070-sir16,tuning-grid-imbalanced-n4500,,a4,median,0.0,ratio,valid
E001-v2,tuning,E,e-s120-value-p2-b070-sir16,tuning-grid-imbalanced-n4500,,a4,min,0.0,ratio,valid
E001-v2,tuning,E,e-s120-value-p2-b070-sir16,tuning-grid-imbalanced-n4500,,hotspot50,cv,1.3808467611497584,ratio,valid
E001-v2,tuning,E,e-s120-value-p2-b070-sir16,tuning-grid-imbalanced-n4500,,hotspot50,max,70.0,count,valid
E001-v2,tuning,E,e-s120-value-p2-b070-sir16,tuning-grid-imbalanced-n4500,,hotspot50,p99,50.0,count,valid
E001-v2,tuning,E,e-s120-value-p2-b070-sir16,tuning-grid-imbalanced-n4500,,neighbors10,value,2.8053333333333335,count,valid
E001-v2,tuning,E,e-s120-value-p2-b070-sir16,tuning-grid-imbalanced-n4500,,proximity16,value,0.9508888888888889,ratio,valid
E001-v2,tuning,E,e-s120-value-p2-b070-sir16,tuning-grid-imbalanced-n4500,,proximity24,value,0.9837777777777778,ratio,valid
E001-v2,tuning,E,e-s120-value-p2-b070-sir16,tuning-grid-imbalanced-n4500,,proximity8,value,0.7191111111111111,ratio,valid
E001-v2,tuning,E,e-s120-value-p2-b070-sir16,tuning-grid-imbalanced-n4500,,radius,max.max,260.6950340978667,m,valid
E001-v2,tuning,E,e-s120-value-p2-b070-sir16,tuning-grid-imbalanced-n4500,,radius,max.median,251.9781875235995,m,valid
E001-v2,tuning,E,e-s120-value-p2-b070-sir16,tuning-grid-imbalanced-n4500,,radius,max.min,247.52346658635568,m,valid
E001-v2,tuning,E,e-s120-value-p2-b070-sir16,tuning-grid-imbalanced-n4500,,radius,p50.max,99.41240518387649,m,valid
E001-v2,tuning,E,e-s120-value-p2-b070-sir16,tuning-grid-imbalanced-n4500,,radius,p50.median,96.88592375963755,m,valid
E001-v2,tuning,E,e-s120-value-p2-b070-sir16,tuning-grid-imbalanced-n4500,,radius,p50.min,94.14031403962517,m,valid
E001-v2,tuning,E,e-s120-value-p2-b070-sir16,tuning-grid-imbalanced-n4500,,radius,p95.max,192.70537447724018,m,valid
E001-v2,tuning,E,e-s120-value-p2-b070-sir16,tuning-grid-imbalanced-n4500,,radius,p95.median,190.3483336458556,m,valid
E001-v2,tuning,E,e-s120-value-p2-b070-sir16,tuning-grid-imbalanced-n4500,,radius,p95.min,189.67905823364651,m,valid
E001-v2,tuning,E,e-s120-value-p2-b070-sir16,tuning-grid-imbalanced-n4500,,radius,p99.max,230.19243536272197,m,valid
E001-v2,tuning,E,e-s120-value-p2-b070-sir16,tuning-grid-imbalanced-n4500,,radius,p99.median,223.68618192190036,m,valid
E001-v2,tuning,E,e-s120-value-p2-b070-sir16,tuning-grid-imbalanced-n4500,,radius,p99.min,218.93775829286778,m,valid
E001-v2,tuning,E,e-s120-value-p2-b070-sir16,tuning-grid-imbalanced-n4500,,radius,violations.max,0.0,count,valid
E001-v2,tuning,E,e-s120-value-p2-b070-sir16,tuning-grid-imbalanced-n4500,,radius,violations.median,0.0,count,valid
E001-v2,tuning,E,e-s120-value-p2-b070-sir16,tuning-grid-imbalanced-n4500,,radius,violations.min,0.0,count,valid
E001-v2,tuning,E,e-s120-value-p2-b070-sir16,tuning-grid-imbalanced-n4500,,samplerFailureCount,value,0.0,count,valid
E001-v2,tuning,E,e-s120-value-p2-b070-sir16,tuning-grid-imbalanced-n4500,,seam300,max,0.7595394736842105,ratio,valid
E001-v2,tuning,E,e-s120-value-p2-b070-sir16,tuning-grid-imbalanced-n4500,,seam300,median,0.33097597129037293,ratio,valid
E001-v2,tuning,E,e-s120-value-p2-b070-sir16,tuning-grid-imbalanced-n4500,,seam300,min,0.1969298245614035,ratio,valid
E001-v2,tuning,E,e-s120-value-p2-b070-sir16,tuning-grid-imbalanced-n4500,2026090601,a4,value,0.009338663659307243,ratio,valid
E001-v2,tuning,E,e-s120-value-p2-b070-sir16,tuning-grid-imbalanced-n4500,2026090601,radius,max,260.40206622840856,m,valid
E001-v2,tuning,E,e-s120-value-p2-b070-sir16,tuning-grid-imbalanced-n4500,2026090601,radius,p50,94.14031403962517,m,valid
E001-v2,tuning,E,e-s120-value-p2-b070-sir16,tuning-grid-imbalanced-n4500,2026090601,radius,p95,192.70537447724018,m,valid
E001-v2,tuning,E,e-s120-value-p2-b070-sir16,tuning-grid-imbalanced-n4500,2026090601,radius,p99,223.68618192190036,m,valid
E001-v2,tuning,E,e-s120-value-p2-b070-sir16,tuning-grid-imbalanced-n4500,2026090601,radius,violations,0.0,count,valid
E001-v2,tuning,E,e-s120-value-p2-b070-sir16,tuning-grid-imbalanced-n4500,2026090601,seam300,value,0.3124214429361488,ratio,valid
E001-v2,tuning,E,e-s120-value-p2-b070-sir16,tuning-grid-imbalanced-n4500,2026090602,a4,value,0.0,ratio,valid
E001-v2,tuning,E,e-s120-value-p2-b070-sir16,tuning-grid-imbalanced-n4500,2026090602,radius,max,247.52346658635568,m,valid
E001-v2,tuning,E,e-s120-value-p2-b070-sir16,tuning-grid-imbalanced-n4500,2026090602,radius,p50,96.59341154984241,m,valid
E001-v2,tuning,E,e-s120-value-p2-b070-sir16,tuning-grid-imbalanced-n4500,2026090602,radius,p95,189.82594735557444,m,valid
E001-v2,tuning,E,e-s120-value-p2-b070-sir16,tuning-grid-imbalanced-n4500,2026090602,radius,p99,218.93775829286778,m,valid
E001-v2,tuning,E,e-s120-value-p2-b070-sir16,tuning-grid-imbalanced-n4500,2026090602,radius,violations,0.0,count,valid
E001-v2,tuning,E,e-s120-value-p2-b070-sir16,tuning-grid-imbalanced-n4500,2026090602,seam300,value,0.7595394736842105,ratio,valid
E001-v2,tuning,E,e-s120-value-p2-b070-sir16,tuning-grid-imbalanced-n4500,2026090603,a4,value,0.03164046814434328,ratio,valid
E001-v2,tuning,E,e-s120-value-p2-b070-sir16,tuning-grid-imbalanced-n4500,2026090603,radius,max,251.9781875235995,m,valid
E001-v2,tuning,E,e-s120-value-p2-b070-sir16,tuning-grid-imbalanced-n4500,2026090603,radius,p50,99.41240518387649,m,valid
E001-v2,tuning,E,e-s120-value-p2-b070-sir16,tuning-grid-imbalanced-n4500,2026090603,radius,p95,191.6933722972034,m,valid
E001-v2,tuning,E,e-s120-value-p2-b070-sir16,tuning-grid-imbalanced-n4500,2026090603,radius,p99,219.3590706210696,m,valid
E001-v2,tuning,E,e-s120-value-p2-b070-sir16,tuning-grid-imbalanced-n4500,2026090603,radius,violations,0.0,count,valid
E001-v2,tuning,E,e-s120-value-p2-b070-sir16,tuning-grid-imbalanced-n4500,2026090603,seam300,value,0.1969298245614035,ratio,valid
E001-v2,tuning,E,e-s120-value-p2-b070-sir16,tuning-grid-imbalanced-n4500,2026090604,a4,value,0.0,ratio,valid
E001-v2,tuning,E,e-s120-value-p2-b070-sir16,tuning-grid-imbalanced-n4500,2026090604,radius,max,260.6950340978667,m,valid
E001-v2,tuning,E,e-s120-value-p2-b070-sir16,tuning-grid-imbalanced-n4500,2026090604,radius,p50,96.88592375963755,m,valid
E001-v2,tuning,E,e-s120-value-p2-b070-sir16,tuning-grid-imbalanced-n4500,2026090604,radius,p95,190.3483336458556,m,valid
E001-v2,tuning,E,e-s120-value-p2-b070-sir16,tuning-grid-imbalanced-n4500,2026090604,radius,p99,224.33042454329748,m,valid
E001-v2,tuning,E,e-s120-value-p2-b070-sir16,tuning-grid-imbalanced-n4500,2026090604,radius,violations,0.0,count,valid
E001-v2,tuning,E,e-s120-value-p2-b070-sir16,tuning-grid-imbalanced-n4500,2026090604,seam300,value,0.4708333333333333,ratio,valid
E001-v2,tuning,E,e-s120-value-p2-b070-sir16,tuning-grid-imbalanced-n4500,2026090605,a4,value,0.0,ratio,valid
E001-v2,tuning,E,e-s120-value-p2-b070-sir16,tuning-grid-imbalanced-n4500,2026090605,radius,max,249.8959876328176,m,valid
E001-v2,tuning,E,e-s120-value-p2-b070-sir16,tuning-grid-imbalanced-n4500,2026090605,radius,p50,98.80305958107132,m,valid
E001-v2,tuning,E,e-s120-value-p2-b070-sir16,tuning-grid-imbalanced-n4500,2026090605,radius,p95,189.67905823364651,m,valid
E001-v2,tuning,E,e-s120-value-p2-b070-sir16,tuning-grid-imbalanced-n4500,2026090605,radius,p99,230.19243536272197,m,valid
E001-v2,tuning,E,e-s120-value-p2-b070-sir16,tuning-grid-imbalanced-n4500,2026090605,radius,violations,0.0,count,valid
E001-v2,tuning,E,e-s120-value-p2-b070-sir16,tuning-grid-imbalanced-n4500,2026090605,seam300,value,0.33097597129037293,ratio,valid
E001-v2,tuning,E,e-s120-value-p2-b070-sir16,tuning-single-n500,,a4,max,0.06776809919618254,ratio,valid
E001-v2,tuning,E,e-s120-value-p2-b070-sir16,tuning-single-n500,,a4,median,0.0,ratio,valid
E001-v2,tuning,E,e-s120-value-p2-b070-sir16,tuning-single-n500,,a4,min,0.0,ratio,valid
E001-v2,tuning,E,e-s120-value-p2-b070-sir16,tuning-single-n500,,hotspot50,cv,1.8198725230081385,ratio,valid
E001-v2,tuning,E,e-s120-value-p2-b070-sir16,tuning-single-n500,,hotspot50,max,30.0,count,valid
E001-v2,tuning,E,e-s120-value-p2-b070-sir16,tuning-single-n500,,hotspot50,p99,27.0,count,valid
E001-v2,tuning,E,e-s120-value-p2-b070-sir16,tuning-single-n500,,neighbors10,value,1.792,count,valid
E001-v2,tuning,E,e-s120-value-p2-b070-sir16,tuning-single-n500,,proximity16,value,0.922,ratio,valid
E001-v2,tuning,E,e-s120-value-p2-b070-sir16,tuning-single-n500,,proximity24,value,0.958,ratio,valid
E001-v2,tuning,E,e-s120-value-p2-b070-sir16,tuning-single-n500,,proximity8,value,0.634,ratio,valid
E001-v2,tuning,E,e-s120-value-p2-b070-sir16,tuning-single-n500,,radialKs,max,0.15999999999999998,ratio,valid
E001-v2,tuning,E,e-s120-value-p2-b070-sir16,tuning-single-n500,,radialKs,median,0.10999999999999999,ratio,valid
E001-v2,tuning,E,e-s120-value-p2-b070-sir16,tuning-single-n500,,radialKs,min,0.07999999999999999,ratio,valid
E001-v2,tuning,E,e-s120-value-p2-b070-sir16,tuning-single-n500,,radius,max.max,247.39011235907736,m,valid
E001-v2,tuning,E,e-s120-value-p2-b070-sir16,tuning-single-n500,,radius,max.median,228.4353096608731,m,valid
E001-v2,tuning,E,e-s120-value-p2-b070-sir16,tuning-single-n500,,radius,max.min,212.8158773092968,m,valid
E001-v2,tuning,E,e-s120-value-p2-b070-sir16,tuning-single-n500,,radius,p50.max,110.22572028925201,m,valid
E001-v2,tuning,E,e-s120-value-p2-b070-sir16,tuning-single-n500,,radius,p50.median,96.03416838880662,m,valid
E001-v2,tuning,E,e-s120-value-p2-b070-sir16,tuning-single-n500,,radius,p50.min,90.36844016633661,m,valid
E001-v2,tuning,E,e-s120-value-p2-b070-sir16,tuning-single-n500,,radius,p95.max,196.47906193917717,m,valid
E001-v2,tuning,E,e-s120-value-p2-b070-sir16,tuning-single-n500,,radius,p95.median,185.1865698776466,m,valid
E001-v2,tuning,E,e-s120-value-p2-b070-sir16,tuning-single-n500,,radius,p95.min,177.672314934344,m,valid
E001-v2,tuning,E,e-s120-value-p2-b070-sir16,tuning-single-n500,,radius,p99.max,219.36254786040797,m,valid
E001-v2,tuning,E,e-s120-value-p2-b070-sir16,tuning-single-n500,,radius,p99.median,206.1484834889502,m,valid
E001-v2,tuning,E,e-s120-value-p2-b070-sir16,tuning-single-n500,,radius,p99.min,194.70052355916567,m,valid
E001-v2,tuning,E,e-s120-value-p2-b070-sir16,tuning-single-n500,,radius,violations.max,0.0,count,valid
E001-v2,tuning,E,e-s120-value-p2-b070-sir16,tuning-single-n500,,radius,violations.median,0.0,count,valid
E001-v2,tuning,E,e-s120-value-p2-b070-sir16,tuning-single-n500,,radius,violations.min,0.0,count,valid
E001-v2,tuning,E,e-s120-value-p2-b070-sir16,tuning-single-n500,,samplerFailureCount,value,0.0,count,valid
E001-v2,tuning,E,e-s120-value-p2-b070-sir16,tuning-single-n500,,seam300,max,1.0333333333333332,ratio,valid
E001-v2,tuning,E,e-s120-value-p2-b070-sir16,tuning-single-n500,,seam300,median,0.8011904761904762,ratio,valid
E001-v2,tuning,E,e-s120-value-p2-b070-sir16,tuning-single-n500,,seam300,min,0.45,ratio,valid
E001-v2,tuning,E,e-s120-value-p2-b070-sir16,tuning-single-n500,2026090601,a4,value,0.0,ratio,valid
E001-v2,tuning,E,e-s120-value-p2-b070-sir16,tuning-single-n500,2026090601,radialKs,value,0.13999999999999996,ratio,valid
E001-v2,tuning,E,e-s120-value-p2-b070-sir16,tuning-single-n500,2026090601,radius,max,228.4353096608731,m,valid
E001-v2,tuning,E,e-s120-value-p2-b070-sir16,tuning-single-n500,2026090601,radius,p50,91.86000583028225,m,valid
E001-v2,tuning,E,e-s120-value-p2-b070-sir16,tuning-single-n500,2026090601,radius,p95,196.47906193917717,m,valid
E001-v2,tuning,E,e-s120-value-p2-b070-sir16,tuning-single-n500,2026090601,radius,p99,203.72780584614486,m,valid
E001-v2,tuning,E,e-s120-value-p2-b070-sir16,tuning-single-n500,2026090601,radius,violations,0.0,count,valid
E001-v2,tuning,E,e-s120-value-p2-b070-sir16,tuning-single-n500,2026090601,seam300,value,0.8011904761904762,ratio,valid
E001-v2,tuning,E,e-s120-value-p2-b070-sir16,tuning-single-n500,2026090602,a4,value,0.0,ratio,valid
E001-v2,tuning,E,e-s120-value-p2-b070-sir16,tuning-single-n500,2026090602,radialKs,value,0.08999999999999997,ratio,valid
E001-v2,tuning,E,e-s120-value-p2-b070-sir16,tuning-single-n500,2026090602,radius,max,247.39011235907736,m,valid
E001-v2,tuning,E,e-s120-value-p2-b070-sir16,tuning-single-n500,2026090602,radius,p50,104.26941600979127,m,valid
E001-v2,tuning,E,e-s120-value-p2-b070-sir16,tuning-single-n500,2026090602,radius,p95,196.40409126035618,m,valid
E001-v2,tuning,E,e-s120-value-p2-b070-sir16,tuning-single-n500,2026090602,radius,p99,206.1484834889502,m,valid
E001-v2,tuning,E,e-s120-value-p2-b070-sir16,tuning-single-n500,2026090602,radius,violations,0.0,count,valid
E001-v2,tuning,E,e-s120-value-p2-b070-sir16,tuning-single-n500,2026090602,seam300,value,0.45,ratio,valid
E001-v2,tuning,E,e-s120-value-p2-b070-sir16,tuning-single-n500,2026090603,a4,value,0.0,ratio,valid
E001-v2,tuning,E,e-s120-value-p2-b070-sir16,tuning-single-n500,2026090603,radialKs,value,0.15999999999999998,ratio,valid
E001-v2,tuning,E,e-s120-value-p2-b070-sir16,tuning-single-n500,2026090603,radius,max,218.38416879174773,m,valid
E001-v2,tuning,E,e-s120-value-p2-b070-sir16,tuning-single-n500,2026090603,radius,p50,110.22572028925201,m,valid
E001-v2,tuning,E,e-s120-value-p2-b070-sir16,tuning-single-n500,2026090603,radius,p95,182.1372193065513,m,valid
E001-v2,tuning,E,e-s120-value-p2-b070-sir16,tuning-single-n500,2026090603,radius,p99,210.7353247265832,m,valid
E001-v2,tuning,E,e-s120-value-p2-b070-sir16,tuning-single-n500,2026090603,radius,violations,0.0,count,valid
E001-v2,tuning,E,e-s120-value-p2-b070-sir16,tuning-single-n500,2026090603,seam300,value,0.9083333333333332,ratio,valid
E001-v2,tuning,E,e-s120-value-p2-b070-sir16,tuning-single-n500,2026090604,a4,value,0.0,ratio,valid
E001-v2,tuning,E,e-s120-value-p2-b070-sir16,tuning-single-n500,2026090604,radialKs,value,0.10999999999999999,ratio,valid
E001-v2,tuning,E,e-s120-value-p2-b070-sir16,tuning-single-n500,2026090604,radius,max,233.09654236074596,m,valid
E001-v2,tuning,E,e-s120-value-p2-b070-sir16,tuning-single-n500,2026090604,radius,p50,96.03416838880662,m,valid
E001-v2,tuning,E,e-s120-value-p2-b070-sir16,tuning-single-n500,2026090604,radius,p95,185.1865698776466,m,valid
E001-v2,tuning,E,e-s120-value-p2-b070-sir16,tuning-single-n500,2026090604,radius,p99,219.36254786040797,m,valid
E001-v2,tuning,E,e-s120-value-p2-b070-sir16,tuning-single-n500,2026090604,radius,violations,0.0,count,valid
E001-v2,tuning,E,e-s120-value-p2-b070-sir16,tuning-single-n500,2026090604,seam300,value,0.7250000000000001,ratio,valid
E001-v2,tuning,E,e-s120-value-p2-b070-sir16,tuning-single-n500,2026090605,a4,value,0.06776809919618254,ratio,valid
E001-v2,tuning,E,e-s120-value-p2-b070-sir16,tuning-single-n500,2026090605,radialKs,value,0.07999999999999999,ratio,valid
E001-v2,tuning,E,e-s120-value-p2-b070-sir16,tuning-single-n500,2026090605,radius,max,212.8158773092968,m,valid
E001-v2,tuning,E,e-s120-value-p2-b070-sir16,tuning-single-n500,2026090605,radius,p50,90.36844016633661,m,valid
E001-v2,tuning,E,e-s120-value-p2-b070-sir16,tuning-single-n500,2026090605,radius,p95,177.672314934344,m,valid
E001-v2,tuning,E,e-s120-value-p2-b070-sir16,tuning-single-n500,2026090605,radius,p99,194.70052355916567,m,valid
E001-v2,tuning,E,e-s120-value-p2-b070-sir16,tuning-single-n500,2026090605,radius,violations,0.0,count,valid
E001-v2,tuning,E,e-s120-value-p2-b070-sir16,tuning-single-n500,2026090605,seam300,value,1.0333333333333332,ratio,valid
E001-v2,tuning,E,e-s120-value-p2-b070-sir32,tuning-grid-imbalanced-n4500,,a4,max,0.04863072498225085,ratio,valid
E001-v2,tuning,E,e-s120-value-p2-b070-sir32,tuning-grid-imbalanced-n4500,,a4,median,0.019258782844710033,ratio,valid
E001-v2,tuning,E,e-s120-value-p2-b070-sir32,tuning-grid-imbalanced-n4500,,a4,min,0.0,ratio,valid
E001-v2,tuning,E,e-s120-value-p2-b070-sir32,tuning-grid-imbalanced-n4500,,hotspot50,cv,1.363412711625582,ratio,valid
E001-v2,tuning,E,e-s120-value-p2-b070-sir32,tuning-grid-imbalanced-n4500,,hotspot50,max,68.0,count,valid
E001-v2,tuning,E,e-s120-value-p2-b070-sir32,tuning-grid-imbalanced-n4500,,hotspot50,p99,50.0,count,valid
E001-v2,tuning,E,e-s120-value-p2-b070-sir32,tuning-grid-imbalanced-n4500,,neighbors10,value,2.6386666666666665,count,valid
E001-v2,tuning,E,e-s120-value-p2-b070-sir32,tuning-grid-imbalanced-n4500,,proximity16,value,0.9486666666666667,ratio,valid
E001-v2,tuning,E,e-s120-value-p2-b070-sir32,tuning-grid-imbalanced-n4500,,proximity24,value,0.986,ratio,valid
E001-v2,tuning,E,e-s120-value-p2-b070-sir32,tuning-grid-imbalanced-n4500,,proximity8,value,0.7151111111111111,ratio,valid
E001-v2,tuning,E,e-s120-value-p2-b070-sir32,tuning-grid-imbalanced-n4500,,radius,max.max,277.50610464130597,m,valid
E001-v2,tuning,E,e-s120-value-p2-b070-sir32,tuning-grid-imbalanced-n4500,,radius,max.median,260.41267294419583,m,valid
E001-v2,tuning,E,e-s120-value-p2-b070-sir32,tuning-grid-imbalanced-n4500,,radius,max.min,246.16410078003327,m,valid
E001-v2,tuning,E,e-s120-value-p2-b070-sir32,tuning-grid-imbalanced-n4500,,radius,p50.max,102.96300227870594,m,valid
E001-v2,tuning,E,e-s120-value-p2-b070-sir32,tuning-grid-imbalanced-n4500,,radius,p50.median,98.58146956309938,m,valid
E001-v2,tuning,E,e-s120-value-p2-b070-sir32,tuning-grid-imbalanced-n4500,,radius,p50.min,97.47654361992217,m,valid
E001-v2,tuning,E,e-s120-value-p2-b070-sir32,tuning-grid-imbalanced-n4500,,radius,p95.max,192.8555285742501,m,valid
E001-v2,tuning,E,e-s120-value-p2-b070-sir32,tuning-grid-imbalanced-n4500,,radius,p95.median,187.021972908243,m,valid
E001-v2,tuning,E,e-s120-value-p2-b070-sir32,tuning-grid-imbalanced-n4500,,radius,p95.min,182.9140136265973,m,valid
E001-v2,tuning,E,e-s120-value-p2-b070-sir32,tuning-grid-imbalanced-n4500,,radius,p99.max,226.7843329988585,m,valid
E001-v2,tuning,E,e-s120-value-p2-b070-sir32,tuning-grid-imbalanced-n4500,,radius,p99.median,221.0652241040053,m,valid
E001-v2,tuning,E,e-s120-value-p2-b070-sir32,tuning-grid-imbalanced-n4500,,radius,p99.min,211.56616845441278,m,valid
E001-v2,tuning,E,e-s120-value-p2-b070-sir32,tuning-grid-imbalanced-n4500,,radius,violations.max,0.0,count,valid
E001-v2,tuning,E,e-s120-value-p2-b070-sir32,tuning-grid-imbalanced-n4500,,radius,violations.median,0.0,count,valid
E001-v2,tuning,E,e-s120-value-p2-b070-sir32,tuning-grid-imbalanced-n4500,,radius,violations.min,0.0,count,valid
E001-v2,tuning,E,e-s120-value-p2-b070-sir32,tuning-grid-imbalanced-n4500,,samplerFailureCount,value,0.0,count,valid
E001-v2,tuning,E,e-s120-value-p2-b070-sir32,tuning-grid-imbalanced-n4500,,seam300,max,0.564957264957265,ratio,valid
E001-v2,tuning,E,e-s120-value-p2-b070-sir32,tuning-grid-imbalanced-n4500,,seam300,median,0.2520318787974434,ratio,valid
E001-v2,tuning,E,e-s120-value-p2-b070-sir32,tuning-grid-imbalanced-n4500,,seam300,min,0.14066022544283413,ratio,valid
E001-v2,tuning,E,e-s120-value-p2-b070-sir32,tuning-grid-imbalanced-n4500,2026090601,a4,value,0.0,ratio,valid
E001-v2,tuning,E,e-s120-value-p2-b070-sir32,tuning-grid-imbalanced-n4500,2026090601,radius,max,277.50610464130597,m,valid
E001-v2,tuning,E,e-s120-value-p2-b070-sir32,tuning-grid-imbalanced-n4500,2026090601,radius,p50,102.96300227870594,m,valid
E001-v2,tuning,E,e-s120-value-p2-b070-sir32,tuning-grid-imbalanced-n4500,2026090601,radius,p95,186.21094224902802,m,valid
E001-v2,tuning,E,e-s120-value-p2-b070-sir32,tuning-grid-imbalanced-n4500,2026090601,radius,p99,221.0652241040053,m,valid
E001-v2,tuning,E,e-s120-value-p2-b070-sir32,tuning-grid-imbalanced-n4500,2026090601,radius,violations,0.0,count,valid
E001-v2,tuning,E,e-s120-value-p2-b070-sir32,tuning-grid-imbalanced-n4500,2026090601,seam300,value,0.14066022544283413,ratio,valid
E001-v2,tuning,E,e-s120-value-p2-b070-sir32,tuning-grid-imbalanced-n4500,2026090602,a4,value,0.04863072498225085,ratio,valid
E001-v2,tuning,E,e-s120-value-p2-b070-sir32,tuning-grid-imbalanced-n4500,2026090602,radius,max,251.66511030733753,m,valid
E001-v2,tuning,E,e-s120-value-p2-b070-sir32,tuning-grid-imbalanced-n4500,2026090602,radius,p50,97.47654361992217,m,valid
E001-v2,tuning,E,e-s120-value-p2-b070-sir32,tuning-grid-imbalanced-n4500,2026090602,radius,p95,182.9140136265973,m,valid
E001-v2,tuning,E,e-s120-value-p2-b070-sir32,tuning-grid-imbalanced-n4500,2026090602,radius,p99,211.56616845441278,m,valid
E001-v2,tuning,E,e-s120-value-p2-b070-sir32,tuning-grid-imbalanced-n4500,2026090602,radius,violations,0.0,count,valid
E001-v2,tuning,E,e-s120-value-p2-b070-sir32,tuning-grid-imbalanced-n4500,2026090602,seam300,value,0.564957264957265,ratio,valid
E001-v2,tuning,E,e-s120-value-p2-b070-sir32,tuning-grid-imbalanced-n4500,2026090603,a4,value,0.019258782844710033,ratio,valid
E001-v2,tuning,E,e-s120-value-p2-b070-sir32,tuning-grid-imbalanced-n4500,2026090603,radius,max,246.16410078003327,m,valid
E001-v2,tuning,E,e-s120-value-p2-b070-sir32,tuning-grid-imbalanced-n4500,2026090603,radius,p50,97.86640741419565,m,valid
E001-v2,tuning,E,e-s120-value-p2-b070-sir32,tuning-grid-imbalanced-n4500,2026090603,radius,p95,187.021972908243,m,valid
E001-v2,tuning,E,e-s120-value-p2-b070-sir32,tuning-grid-imbalanced-n4500,2026090603,radius,p99,226.7843329988585,m,valid
E001-v2,tuning,E,e-s120-value-p2-b070-sir32,tuning-grid-imbalanced-n4500,2026090603,radius,violations,0.0,count,valid
E001-v2,tuning,E,e-s120-value-p2-b070-sir32,tuning-grid-imbalanced-n4500,2026090603,seam300,value,0.16571969696969696,ratio,valid
E001-v2,tuning,E,e-s120-value-p2-b070-sir32,tuning-grid-imbalanced-n4500,2026090604,a4,value,0.03185216308499232,ratio,valid
E001-v2,tuning,E,e-s120-value-p2-b070-sir32,tuning-grid-imbalanced-n4500,2026090604,radius,max,260.41267294419583,m,valid
E001-v2,tuning,E,e-s120-value-p2-b070-sir32,tuning-grid-imbalanced-n4500,2026090604,radius,p50,98.58146956309938,m,valid
E001-v2,tuning,E,e-s120-value-p2-b070-sir32,tuning-grid-imbalanced-n4500,2026090604,radius,p95,192.8555285742501,m,valid
E001-v2,tuning,E,e-s120-value-p2-b070-sir32,tuning-grid-imbalanced-n4500,2026090604,radius,p99,222.66196939326292,m,valid
E001-v2,tuning,E,e-s120-value-p2-b070-sir32,tuning-grid-imbalanced-n4500,2026090604,radius,violations,0.0,count,valid
E001-v2,tuning,E,e-s120-value-p2-b070-sir32,tuning-grid-imbalanced-n4500,2026090604,seam300,value,0.2520318787974434,ratio,valid
E001-v2,tuning,E,e-s120-value-p2-b070-sir32,tuning-grid-imbalanced-n4500,2026090605,a4,value,0.0,ratio,valid
E001-v2,tuning,E,e-s120-value-p2-b070-sir32,tuning-grid-imbalanced-n4500,2026090605,radius,max,263.442388063703,m,valid
E001-v2,tuning,E,e-s120-value-p2-b070-sir32,tuning-grid-imbalanced-n4500,2026090605,radius,p50,98.58701025664234,m,valid
E001-v2,tuning,E,e-s120-value-p2-b070-sir32,tuning-grid-imbalanced-n4500,2026090605,radius,p95,188.05691347908044,m,valid
E001-v2,tuning,E,e-s120-value-p2-b070-sir32,tuning-grid-imbalanced-n4500,2026090605,radius,p99,213.49490940473547,m,valid
E001-v2,tuning,E,e-s120-value-p2-b070-sir32,tuning-grid-imbalanced-n4500,2026090605,radius,violations,0.0,count,valid
E001-v2,tuning,E,e-s120-value-p2-b070-sir32,tuning-grid-imbalanced-n4500,2026090605,seam300,value,0.26458333333333334,ratio,valid
E001-v2,tuning,E,e-s120-value-p2-b070-sir32,tuning-single-n500,,a4,max,0.10811947110225437,ratio,valid
E001-v2,tuning,E,e-s120-value-p2-b070-sir32,tuning-single-n500,,a4,median,0.011961781928993597,ratio,valid
E001-v2,tuning,E,e-s120-value-p2-b070-sir32,tuning-single-n500,,a4,min,0.0,ratio,valid
E001-v2,tuning,E,e-s120-value-p2-b070-sir32,tuning-single-n500,,hotspot50,cv,1.80301968929904,ratio,valid
E001-v2,tuning,E,e-s120-value-p2-b070-sir32,tuning-single-n500,,hotspot50,max,26.0,count,valid
E001-v2,tuning,E,e-s120-value-p2-b070-sir32,tuning-single-n500,,hotspot50,p99,26.0,count,valid
E001-v2,tuning,E,e-s120-value-p2-b070-sir32,tuning-single-n500,,neighbors10,value,1.976,count,valid
E001-v2,tuning,E,e-s120-value-p2-b070-sir32,tuning-single-n500,,proximity16,value,0.932,ratio,valid
E001-v2,tuning,E,e-s120-value-p2-b070-sir32,tuning-single-n500,,proximity24,value,0.966,ratio,valid
E001-v2,tuning,E,e-s120-value-p2-b070-sir32,tuning-single-n500,,proximity8,value,0.682,ratio,valid
E001-v2,tuning,E,e-s120-value-p2-b070-sir32,tuning-single-n500,,radialKs,max,0.13,ratio,valid
E001-v2,tuning,E,e-s120-value-p2-b070-sir32,tuning-single-n500,,radialKs,median,0.10999999999999999,ratio,valid
E001-v2,tuning,E,e-s120-value-p2-b070-sir32,tuning-single-n500,,radialKs,min,0.10000000000000003,ratio,valid
E001-v2,tuning,E,e-s120-value-p2-b070-sir32,tuning-single-n500,,radius,max.max,240.5227483034383,m,valid
E001-v2,tuning,E,e-s120-value-p2-b070-sir32,tuning-single-n500,,radius,max.median,231.28586068857805,m,valid
E001-v2,tuning,E,e-s120-value-p2-b070-sir32,tuning-single-n500,,radius,max.min,227.65572751511888,m,valid
E001-v2,tuning,E,e-s120-value-p2-b070-sir32,tuning-single-n500,,radius,p50.max,104.33039375321037,m,valid
E001-v2,tuning,E,e-s120-value-p2-b070-sir32,tuning-single-n500,,radius,p50.median,98.70885803513352,m,valid
E001-v2,tuning,E,e-s120-value-p2-b070-sir32,tuning-single-n500,,radius,p50.min,87.65121277069781,m,valid
E001-v2,tuning,E,e-s120-value-p2-b070-sir32,tuning-single-n500,,radius,p95.max,186.80876279287523,m,valid
E001-v2,tuning,E,e-s120-value-p2-b070-sir32,tuning-single-n500,,radius,p95.median,176.34316923505253,m,valid
E001-v2,tuning,E,e-s120-value-p2-b070-sir32,tuning-single-n500,,radius,p95.min,170.52354928526074,m,valid
E001-v2,tuning,E,e-s120-value-p2-b070-sir32,tuning-single-n500,,radius,p99.max,220.9960184443913,m,valid
E001-v2,tuning,E,e-s120-value-p2-b070-sir32,tuning-single-n500,,radius,p99.median,204.57498648831643,m,valid
E001-v2,tuning,E,e-s120-value-p2-b070-sir32,tuning-single-n500,,radius,p99.min,198.22442148967957,m,valid
E001-v2,tuning,E,e-s120-value-p2-b070-sir32,tuning-single-n500,,radius,violations.max,0.0,count,valid
E001-v2,tuning,E,e-s120-value-p2-b070-sir32,tuning-single-n500,,radius,violations.median,0.0,count,valid
E001-v2,tuning,E,e-s120-value-p2-b070-sir32,tuning-single-n500,,radius,violations.min,0.0,count,valid
E001-v2,tuning,E,e-s120-value-p2-b070-sir32,tuning-single-n500,,samplerFailureCount,value,0.0,count,valid
E001-v2,tuning,E,e-s120-value-p2-b070-sir32,tuning-single-n500,,seam300,max,0.9083333333333332,ratio,valid
E001-v2,tuning,E,e-s120-value-p2-b070-sir32,tuning-single-n500,,seam300,median,0.7,ratio,valid
E001-v2,tuning,E,e-s120-value-p2-b070-sir32,tuning-single-n500,,seam300,min,0.3333333333333333,ratio,valid
E001-v2,tuning,E,e-s120-value-p2-b070-sir32,tuning-single-n500,2026090601,a4,value,0.07219324599212064,ratio,valid
E001-v2,tuning,E,e-s120-value-p2-b070-sir32,tuning-single-n500,2026090601,radialKs,value,0.11000000000000004,ratio,valid
E001-v2,tuning,E,e-s120-value-p2-b070-sir32,tuning-single-n500,2026090601,radius,max,237.5394568143986,m,valid
E001-v2,tuning,E,e-s120-value-p2-b070-sir32,tuning-single-n500,2026090601,radius,p50,93.50950527631394,m,valid
E001-v2,tuning,E,e-s120-value-p2-b070-sir32,tuning-single-n500,2026090601,radius,p95,186.80876279287523,m,valid
E001-v2,tuning,E,e-s120-value-p2-b070-sir32,tuning-single-n500,2026090601,radius,p99,204.48883389037718,m,valid
E001-v2,tuning,E,e-s120-value-p2-b070-sir32,tuning-single-n500,2026090601,radius,violations,0.0,count,valid
E001-v2,tuning,E,e-s120-value-p2-b070-sir32,tuning-single-n500,2026090601,seam300,value,0.3333333333333333,ratio,valid
E001-v2,tuning,E,e-s120-value-p2-b070-sir32,tuning-single-n500,2026090602,a4,value,0.0,ratio,valid
E001-v2,tuning,E,e-s120-value-p2-b070-sir32,tuning-single-n500,2026090602,radialKs,value,0.10000000000000003,ratio,valid
E001-v2,tuning,E,e-s120-value-p2-b070-sir32,tuning-single-n500,2026090602,radius,max,231.28586068857805,m,valid
E001-v2,tuning,E,e-s120-value-p2-b070-sir32,tuning-single-n500,2026090602,radius,p50,103.84490643913558,m,valid
E001-v2,tuning,E,e-s120-value-p2-b070-sir32,tuning-single-n500,2026090602,radius,p95,176.34316923505253,m,valid
E001-v2,tuning,E,e-s120-value-p2-b070-sir32,tuning-single-n500,2026090602,radius,p99,220.9960184443913,m,valid
E001-v2,tuning,E,e-s120-value-p2-b070-sir32,tuning-single-n500,2026090602,radius,violations,0.0,count,valid
E001-v2,tuning,E,e-s120-value-p2-b070-sir32,tuning-single-n500,2026090602,seam300,value,0.9083333333333332,ratio,valid
E001-v2,tuning,E,e-s120-value-p2-b070-sir32,tuning-single-n500,2026090603,a4,value,0.10811947110225437,ratio,valid
E001-v2,tuning,E,e-s120-value-p2-b070-sir32,tuning-single-n500,2026090603,radialKs,value,0.10999999999999999,ratio,valid
E001-v2,tuning,E,e-s120-value-p2-b070-sir32,tuning-single-n500,2026090603,radius,max,227.65572751511888,m,valid
E001-v2,tuning,E,e-s120-value-p2-b070-sir32,tuning-single-n500,2026090603,radius,p50,104.33039375321037,m,valid
E001-v2,tuning,E,e-s120-value-p2-b070-sir32,tuning-single-n500,2026090603,radius,p95,178.6668823486838,m,valid
E001-v2,tuning,E,e-s120-value-p2-b070-sir32,tuning-single-n500,2026090603,radius,p99,204.57498648831643,m,valid
E001-v2,tuning,E,e-s120-value-p2-b070-sir32,tuning-single-n500,2026090603,radius,violations,0.0,count,valid
E001-v2,tuning,E,e-s120-value-p2-b070-sir32,tuning-single-n500,2026090603,seam300,value,0.7,ratio,valid
E001-v2,tuning,E,e-s120-value-p2-b070-sir32,tuning-single-n500,2026090604,a4,value,0.0,ratio,valid
E001-v2,tuning,E,e-s120-value-p2-b070-sir32,tuning-single-n500,2026090604,radialKs,value,0.10000000000000003,ratio,valid
E001-v2,tuning,E,e-s120-value-p2-b070-sir32,tuning-single-n500,2026090604,radius,max,240.5227483034383,m,valid
E001-v2,tuning,E,e-s120-value-p2-b070-sir32,tuning-single-n500,2026090604,radius,p50,98.70885803513352,m,valid
E001-v2,tuning,E,e-s120-value-p2-b070-sir32,tuning-single-n500,2026090604,radius,p95,170.52354928526074,m,valid
E001-v2,tuning,E,e-s120-value-p2-b070-sir32,tuning-single-n500,2026090604,radius,p99,198.22442148967957,m,valid
E001-v2,tuning,E,e-s120-value-p2-b070-sir32,tuning-single-n500,2026090604,radius,violations,0.0,count,valid
E001-v2,tuning,E,e-s120-value-p2-b070-sir32,tuning-single-n500,2026090604,seam300,value,0.5833333333333333,ratio,valid
E001-v2,tuning,E,e-s120-value-p2-b070-sir32,tuning-single-n500,2026090605,a4,value,0.011961781928993597,ratio,valid
E001-v2,tuning,E,e-s120-value-p2-b070-sir32,tuning-single-n500,2026090605,radialKs,value,0.13,ratio,valid
E001-v2,tuning,E,e-s120-value-p2-b070-sir32,tuning-single-n500,2026090605,radius,max,228.23088269563536,m,valid
E001-v2,tuning,E,e-s120-value-p2-b070-sir32,tuning-single-n500,2026090605,radius,p50,87.65121277069781,m,valid
E001-v2,tuning,E,e-s120-value-p2-b070-sir32,tuning-single-n500,2026090605,radius,p95,173.87618994658249,m,valid
E001-v2,tuning,E,e-s120-value-p2-b070-sir32,tuning-single-n500,2026090605,radius,p99,210.34356625997884,m,valid
E001-v2,tuning,E,e-s120-value-p2-b070-sir32,tuning-single-n500,2026090605,radius,violations,0.0,count,valid
E001-v2,tuning,E,e-s120-value-p2-b070-sir32,tuning-single-n500,2026090605,seam300,value,0.7,ratio,valid
E001-v2,tuning,E,e-s120-value-p2-b100-rejection128,tuning-grid-imbalanced-n4500,,a4,max,0.025998835920894286,ratio,valid
E001-v2,tuning,E,e-s120-value-p2-b100-rejection128,tuning-grid-imbalanced-n4500,,a4,median,0.0,ratio,valid
E001-v2,tuning,E,e-s120-value-p2-b100-rejection128,tuning-grid-imbalanced-n4500,,a4,min,0.0,ratio,valid
E001-v2,tuning,E,e-s120-value-p2-b100-rejection128,tuning-grid-imbalanced-n4500,,hotspot50,cv,1.3489617406649375,ratio,valid
E001-v2,tuning,E,e-s120-value-p2-b100-rejection128,tuning-grid-imbalanced-n4500,,hotspot50,max,65.0,count,valid
E001-v2,tuning,E,e-s120-value-p2-b100-rejection128,tuning-grid-imbalanced-n4500,,hotspot50,p99,50.0,count,valid
E001-v2,tuning,E,e-s120-value-p2-b100-rejection128,tuning-grid-imbalanced-n4500,,neighbors10,value,2.6533333333333333,count,valid
E001-v2,tuning,E,e-s120-value-p2-b100-rejection128,tuning-grid-imbalanced-n4500,,proximity16,value,0.9493333333333334,ratio,valid
E001-v2,tuning,E,e-s120-value-p2-b100-rejection128,tuning-grid-imbalanced-n4500,,proximity24,value,0.9844444444444445,ratio,valid
E001-v2,tuning,E,e-s120-value-p2-b100-rejection128,tuning-grid-imbalanced-n4500,,proximity8,value,0.7017777777777777,ratio,valid
E001-v2,tuning,E,e-s120-value-p2-b100-rejection128,tuning-grid-imbalanced-n4500,,radius,max.max,256.14640142367995,m,valid
E001-v2,tuning,E,e-s120-value-p2-b100-rejection128,tuning-grid-imbalanced-n4500,,radius,max.median,250.90877098549203,m,valid
E001-v2,tuning,E,e-s120-value-p2-b100-rejection128,tuning-grid-imbalanced-n4500,,radius,max.min,245.2834520445677,m,valid
E001-v2,tuning,E,e-s120-value-p2-b100-rejection128,tuning-grid-imbalanced-n4500,,radius,p50.max,100.9127058973873,m,valid
E001-v2,tuning,E,e-s120-value-p2-b100-rejection128,tuning-grid-imbalanced-n4500,,radius,p50.median,98.91583024494565,m,valid
E001-v2,tuning,E,e-s120-value-p2-b100-rejection128,tuning-grid-imbalanced-n4500,,radius,p50.min,94.48737716724507,m,valid
E001-v2,tuning,E,e-s120-value-p2-b100-rejection128,tuning-grid-imbalanced-n4500,,radius,p95.max,192.79580904171408,m,valid
E001-v2,tuning,E,e-s120-value-p2-b100-rejection128,tuning-grid-imbalanced-n4500,,radius,p95.median,190.07393041502704,m,valid
E001-v2,tuning,E,e-s120-value-p2-b100-rejection128,tuning-grid-imbalanced-n4500,,radius,p95.min,187.48065438035542,m,valid
E001-v2,tuning,E,e-s120-value-p2-b100-rejection128,tuning-grid-imbalanced-n4500,,radius,p99.max,229.78719550841694,m,valid
E001-v2,tuning,E,e-s120-value-p2-b100-rejection128,tuning-grid-imbalanced-n4500,,radius,p99.median,226.51840958058764,m,valid
E001-v2,tuning,E,e-s120-value-p2-b100-rejection128,tuning-grid-imbalanced-n4500,,radius,p99.min,219.41773279773025,m,valid
E001-v2,tuning,E,e-s120-value-p2-b100-rejection128,tuning-grid-imbalanced-n4500,,radius,violations.max,0.0,count,valid
E001-v2,tuning,E,e-s120-value-p2-b100-rejection128,tuning-grid-imbalanced-n4500,,radius,violations.median,0.0,count,valid
E001-v2,tuning,E,e-s120-value-p2-b100-rejection128,tuning-grid-imbalanced-n4500,,radius,violations.min,0.0,count,valid
E001-v2,tuning,E,e-s120-value-p2-b100-rejection128,tuning-grid-imbalanced-n4500,,samplerFailureCount,value,0.0,count,valid
E001-v2,tuning,E,e-s120-value-p2-b100-rejection128,tuning-grid-imbalanced-n4500,,seam300,max,0.36504046062869594,ratio,valid
E001-v2,tuning,E,e-s120-value-p2-b100-rejection128,tuning-grid-imbalanced-n4500,,seam300,median,0.26245300751879697,ratio,valid
E001-v2,tuning,E,e-s120-value-p2-b100-rejection128,tuning-grid-imbalanced-n4500,,seam300,min,0.21050505050505053,ratio,valid
E001-v2,tuning,E,e-s120-value-p2-b100-rejection128,tuning-grid-imbalanced-n4500,2026090601,a4,value,0.013090173552836891,ratio,valid
E001-v2,tuning,E,e-s120-value-p2-b100-rejection128,tuning-grid-imbalanced-n4500,2026090601,radius,max,245.2834520445677,m,valid
E001-v2,tuning,E,e-s120-value-p2-b100-rejection128,tuning-grid-imbalanced-n4500,2026090601,radius,p50,94.48737716724507,m,valid
E001-v2,tuning,E,e-s120-value-p2-b100-rejection128,tuning-grid-imbalanced-n4500,2026090601,radius,p95,192.79580904171408,m,valid
E001-v2,tuning,E,e-s120-value-p2-b100-rejection128,tuning-grid-imbalanced-n4500,2026090601,radius,p99,226.97451975177876,m,valid
E001-v2,tuning,E,e-s120-value-p2-b100-rejection128,tuning-grid-imbalanced-n4500,2026090601,radius,violations,0.0,count,valid
E001-v2,tuning,E,e-s120-value-p2-b100-rejection128,tuning-grid-imbalanced-n4500,2026090601,seam300,value,0.2779431216931217,ratio,valid
E001-v2,tuning,E,e-s120-value-p2-b100-rejection128,tuning-grid-imbalanced-n4500,2026090602,a4,value,0.0,ratio,valid
E001-v2,tuning,E,e-s120-value-p2-b100-rejection128,tuning-grid-imbalanced-n4500,2026090602,radius,max,246.7859921430313,m,valid
E001-v2,tuning,E,e-s120-value-p2-b100-rejection128,tuning-grid-imbalanced-n4500,2026090602,radius,p50,98.91583024494565,m,valid
E001-v2,tuning,E,e-s120-value-p2-b100-rejection128,tuning-grid-imbalanced-n4500,2026090602,radius,p95,187.48065438035542,m,valid
E001-v2,tuning,E,e-s120-value-p2-b100-rejection128,tuning-grid-imbalanced-n4500,2026090602,radius,p99,226.51840958058764,m,valid
E001-v2,tuning,E,e-s120-value-p2-b100-rejection128,tuning-grid-imbalanced-n4500,2026090602,radius,violations,0.0,count,valid
E001-v2,tuning,E,e-s120-value-p2-b100-rejection128,tuning-grid-imbalanced-n4500,2026090602,seam300,value,0.26141414141414143,ratio,valid
E001-v2,tuning,E,e-s120-value-p2-b100-rejection128,tuning-grid-imbalanced-n4500,2026090603,a4,value,0.025998835920894286,ratio,valid
E001-v2,tuning,E,e-s120-value-p2-b100-rejection128,tuning-grid-imbalanced-n4500,2026090603,radius,max,256.14640142367995,m,valid
E001-v2,tuning,E,e-s120-value-p2-b100-rejection128,tuning-grid-imbalanced-n4500,2026090603,radius,p50,95.3783582677618,m,valid
E001-v2,tuning,E,e-s120-value-p2-b100-rejection128,tuning-grid-imbalanced-n4500,2026090603,radius,p95,190.07393041502704,m,valid
E001-v2,tuning,E,e-s120-value-p2-b100-rejection128,tuning-grid-imbalanced-n4500,2026090603,radius,p99,219.41773279773025,m,valid
E001-v2,tuning,E,e-s120-value-p2-b100-rejection128,tuning-grid-imbalanced-n4500,2026090603,radius,violations,0.0,count,valid
E001-v2,tuning,E,e-s120-value-p2-b100-rejection128,tuning-grid-imbalanced-n4500,2026090603,seam300,value,0.36504046062869594,ratio,valid
E001-v2,tuning,E,e-s120-value-p2-b100-rejection128,tuning-grid-imbalanced-n4500,2026090604,a4,value,0.0,ratio,valid
E001-v2,tuning,E,e-s120-value-p2-b100-rejection128,tuning-grid-imbalanced-n4500,2026090604,radius,max,250.90877098549203,m,valid
E001-v2,tuning,E,e-s120-value-p2-b100-rejection128,tuning-grid-imbalanced-n4500,2026090604,radius,p50,98.9713078624233,m,valid
E001-v2,tuning,E,e-s120-value-p2-b100-rejection128,tuning-grid-imbalanced-n4500,2026090604,radius,p95,190.13005921080247,m,valid
E001-v2,tuning,E,e-s120-value-p2-b100-rejection128,tuning-grid-imbalanced-n4500,2026090604,radius,p99,229.78719550841694,m,valid
E001-v2,tuning,E,e-s120-value-p2-b100-rejection128,tuning-grid-imbalanced-n4500,2026090604,radius,violations,0.0,count,valid
E001-v2,tuning,E,e-s120-value-p2-b100-rejection128,tuning-grid-imbalanced-n4500,2026090604,seam300,value,0.26245300751879697,ratio,valid
E001-v2,tuning,E,e-s120-value-p2-b100-rejection128,tuning-grid-imbalanced-n4500,2026090605,a4,value,0.0,ratio,valid
E001-v2,tuning,E,e-s120-value-p2-b100-rejection128,tuning-grid-imbalanced-n4500,2026090605,radius,max,252.75942696741177,m,valid
E001-v2,tuning,E,e-s120-value-p2-b100-rejection128,tuning-grid-imbalanced-n4500,2026090605,radius,p50,100.9127058973873,m,valid
E001-v2,tuning,E,e-s120-value-p2-b100-rejection128,tuning-grid-imbalanced-n4500,2026090605,radius,p95,188.93521124402696,m,valid
E001-v2,tuning,E,e-s120-value-p2-b100-rejection128,tuning-grid-imbalanced-n4500,2026090605,radius,p99,220.5353650209622,m,valid
E001-v2,tuning,E,e-s120-value-p2-b100-rejection128,tuning-grid-imbalanced-n4500,2026090605,radius,violations,0.0,count,valid
E001-v2,tuning,E,e-s120-value-p2-b100-rejection128,tuning-grid-imbalanced-n4500,2026090605,seam300,value,0.21050505050505053,ratio,valid
E001-v2,tuning,E,e-s120-value-p2-b100-rejection128,tuning-single-n500,,a4,max,0.08398925920325719,ratio,valid
E001-v2,tuning,E,e-s120-value-p2-b100-rejection128,tuning-single-n500,,a4,median,0.0,ratio,valid
E001-v2,tuning,E,e-s120-value-p2-b100-rejection128,tuning-single-n500,,a4,min,0.0,ratio,valid
E001-v2,tuning,E,e-s120-value-p2-b100-rejection128,tuning-single-n500,,hotspot50,cv,1.775657624656286,ratio,valid
E001-v2,tuning,E,e-s120-value-p2-b100-rejection128,tuning-single-n500,,hotspot50,max,30.0,count,valid
E001-v2,tuning,E,e-s120-value-p2-b100-rejection128,tuning-single-n500,,hotspot50,p99,28.0,count,valid
E001-v2,tuning,E,e-s120-value-p2-b100-rejection128,tuning-single-n500,,neighbors10,value,1.764,count,valid
E001-v2,tuning,E,e-s120-value-p2-b100-rejection128,tuning-single-n500,,proximity16,value,0.91,ratio,valid
E001-v2,tuning,E,e-s120-value-p2-b100-rejection128,tuning-single-n500,,proximity24,value,0.964,ratio,valid
E001-v2,tuning,E,e-s120-value-p2-b100-rejection128,tuning-single-n500,,proximity8,value,0.598,ratio,valid
E001-v2,tuning,E,e-s120-value-p2-b100-rejection128,tuning-single-n500,,radialKs,max,0.14,ratio,valid
E001-v2,tuning,E,e-s120-value-p2-b100-rejection128,tuning-single-n500,,radialKs,median,0.07999999999999999,ratio,valid
E001-v2,tuning,E,e-s120-value-p2-b100-rejection128,tuning-single-n500,,radialKs,min,0.06,ratio,valid
E001-v2,tuning,E,e-s120-value-p2-b100-rejection128,tuning-single-n500,,radius,max.max,261.1429718099526,m,valid
E001-v2,tuning,E,e-s120-value-p2-b100-rejection128,tuning-single-n500,,radius,max.median,244.22736603681926,m,valid
E001-v2,tuning,E,e-s120-value-p2-b100-rejection128,tuning-single-n500,,radius,max.min,215.99403323167547,m,valid
E001-v2,tuning,E,e-s120-value-p2-b100-rejection128,tuning-single-n500,,radius,p50.max,107.37374744590649,m,valid
E001-v2,tuning,E,e-s120-value-p2-b100-rejection128,tuning-single-n500,,radius,p50.median,102.93955025565354,m,valid
E001-v2,tuning,E,e-s120-value-p2-b100-rejection128,tuning-single-n500,,radius,p50.min,92.79287429142435,m,valid
E001-v2,tuning,E,e-s120-value-p2-b100-rejection128,tuning-single-n500,,radius,p95.max,201.49438780131828,m,valid
E001-v2,tuning,E,e-s120-value-p2-b100-rejection128,tuning-single-n500,,radius,p95.median,188.62070175715172,m,valid
E001-v2,tuning,E,e-s120-value-p2-b100-rejection128,tuning-single-n500,,radius,p95.min,173.03128808863778,m,valid
E001-v2,tuning,E,e-s120-value-p2-b100-rejection128,tuning-single-n500,,radius,p99.max,245.9698003969161,m,valid
E001-v2,tuning,E,e-s120-value-p2-b100-rejection128,tuning-single-n500,,radius,p99.median,221.70774540291796,m,valid
E001-v2,tuning,E,e-s120-value-p2-b100-rejection128,tuning-single-n500,,radius,p99.min,204.23670383573764,m,valid
E001-v2,tuning,E,e-s120-value-p2-b100-rejection128,tuning-single-n500,,radius,violations.max,0.0,count,valid
E001-v2,tuning,E,e-s120-value-p2-b100-rejection128,tuning-single-n500,,radius,violations.median,0.0,count,valid
E001-v2,tuning,E,e-s120-value-p2-b100-rejection128,tuning-single-n500,,radius,violations.min,0.0,count,valid
E001-v2,tuning,E,e-s120-value-p2-b100-rejection128,tuning-single-n500,,samplerFailureCount,value,0.0,count,valid
E001-v2,tuning,E,e-s120-value-p2-b100-rejection128,tuning-single-n500,,seam300,max,0.9083333333333332,ratio,valid
E001-v2,tuning,E,e-s120-value-p2-b100-rejection128,tuning-single-n500,,seam300,median,0.75,ratio,valid
E001-v2,tuning,E,e-s120-value-p2-b100-rejection128,tuning-single-n500,,seam300,min,0.5833333333333334,ratio,valid
E001-v2,tuning,E,e-s120-value-p2-b100-rejection128,tuning-single-n500,2026090601,a4,value,0.08398925920325719,ratio,valid
E001-v2,tuning,E,e-s120-value-p2-b100-rejection128,tuning-single-n500,2026090601,radialKs,value,0.07999999999999999,ratio,valid
E001-v2,tuning,E,e-s120-value-p2-b100-rejection128,tuning-single-n500,2026090601,radius,max,249.29420000638348,m,valid
E001-v2,tuning,E,e-s120-value-p2-b100-rejection128,tuning-single-n500,2026090601,radius,p50,102.93955025565354,m,valid
E001-v2,tuning,E,e-s120-value-p2-b100-rejection128,tuning-single-n500,2026090601,radius,p95,186.22911364961033,m,valid
E001-v2,tuning,E,e-s120-value-p2-b100-rejection128,tuning-single-n500,2026090601,radius,p99,245.9698003969161,m,valid
E001-v2,tuning,E,e-s120-value-p2-b100-rejection128,tuning-single-n500,2026090601,radius,violations,0.0,count,valid
E001-v2,tuning,E,e-s120-value-p2-b100-rejection128,tuning-single-n500,2026090601,seam300,value,0.75,ratio,valid
E001-v2,tuning,E,e-s120-value-p2-b100-rejection128,tuning-single-n500,2026090602,a4,value,0.0,ratio,valid
E001-v2,tuning,E,e-s120-value-p2-b100-rejection128,tuning-single-n500,2026090602,radialKs,value,0.06,ratio,valid
E001-v2,tuning,E,e-s120-value-p2-b100-rejection128,tuning-single-n500,2026090602,radius,max,230.38051916410348,m,valid
E001-v2,tuning,E,e-s120-value-p2-b100-rejection128,tuning-single-n500,2026090602,radius,p50,101.93264781785749,m,valid
E001-v2,tuning,E,e-s120-value-p2-b100-rejection128,tuning-single-n500,2026090602,radius,p95,201.49438780131828,m,valid
E001-v2,tuning,E,e-s120-value-p2-b100-rejection128,tuning-single-n500,2026090602,radius,p99,219.53699942768847,m,valid
E001-v2,tuning,E,e-s120-value-p2-b100-rejection128,tuning-single-n500,2026090602,radius,violations,0.0,count,valid
E001-v2,tuning,E,e-s120-value-p2-b100-rejection128,tuning-single-n500,2026090602,seam300,value,0.9083333333333332,ratio,valid
E001-v2,tuning,E,e-s120-value-p2-b100-rejection128,tuning-single-n500,2026090603,a4,value,0.0,ratio,valid
E001-v2,tuning,E,e-s120-value-p2-b100-rejection128,tuning-single-n500,2026090603,radialKs,value,0.06,ratio,valid
E001-v2,tuning,E,e-s120-value-p2-b100-rejection128,tuning-single-n500,2026090603,radius,max,215.99403323167547,m,valid
E001-v2,tuning,E,e-s120-value-p2-b100-rejection128,tuning-single-n500,2026090603,radius,p50,92.79287429142435,m,valid
E001-v2,tuning,E,e-s120-value-p2-b100-rejection128,tuning-single-n500,2026090603,radius,p95,188.62070175715172,m,valid
E001-v2,tuning,E,e-s120-value-p2-b100-rejection128,tuning-single-n500,2026090603,radius,p99,204.23670383573764,m,valid
E001-v2,tuning,E,e-s120-value-p2-b100-rejection128,tuning-single-n500,2026090603,radius,violations,0.0,count,valid
E001-v2,tuning,E,e-s120-value-p2-b100-rejection128,tuning-single-n500,2026090603,seam300,value,0.5833333333333334,ratio,valid
E001-v2,tuning,E,e-s120-value-p2-b100-rejection128,tuning-single-n500,2026090604,a4,value,0.0,ratio,valid
E001-v2,tuning,E,e-s120-value-p2-b100-rejection128,tuning-single-n500,2026090604,radialKs,value,0.14,ratio,valid
E001-v2,tuning,E,e-s120-value-p2-b100-rejection128,tuning-single-n500,2026090604,radius,max,244.22736603681926,m,valid
E001-v2,tuning,E,e-s120-value-p2-b100-rejection128,tuning-single-n500,2026090604,radius,p50,105.96227059401683,m,valid
E001-v2,tuning,E,e-s120-value-p2-b100-rejection128,tuning-single-n500,2026090604,radius,p95,173.03128808863778,m,valid
E001-v2,tuning,E,e-s120-value-p2-b100-rejection128,tuning-single-n500,2026090604,radius,p99,221.70774540291796,m,valid
E001-v2,tuning,E,e-s120-value-p2-b100-rejection128,tuning-single-n500,2026090604,radius,violations,0.0,count,valid
E001-v2,tuning,E,e-s120-value-p2-b100-rejection128,tuning-single-n500,2026090604,seam300,value,0.6583333333333333,ratio,valid
E001-v2,tuning,E,e-s120-value-p2-b100-rejection128,tuning-single-n500,2026090605,a4,value,0.05194517977439984,ratio,valid
E001-v2,tuning,E,e-s120-value-p2-b100-rejection128,tuning-single-n500,2026090605,radialKs,value,0.12,ratio,valid
E001-v2,tuning,E,e-s120-value-p2-b100-rejection128,tuning-single-n500,2026090605,radius,max,261.1429718099526,m,valid
E001-v2,tuning,E,e-s120-value-p2-b100-rejection128,tuning-single-n500,2026090605,radius,p50,107.37374744590649,m,valid
E001-v2,tuning,E,e-s120-value-p2-b100-rejection128,tuning-single-n500,2026090605,radius,p95,199.00372354763806,m,valid
E001-v2,tuning,E,e-s120-value-p2-b100-rejection128,tuning-single-n500,2026090605,radius,p99,239.3367562303523,m,valid
E001-v2,tuning,E,e-s120-value-p2-b100-rejection128,tuning-single-n500,2026090605,radius,violations,0.0,count,valid
E001-v2,tuning,E,e-s120-value-p2-b100-rejection128,tuning-single-n500,2026090605,seam300,value,0.8125,ratio,valid
E001-v2,tuning,E,e-s120-value-p2-b100-sir16,tuning-grid-imbalanced-n4500,,a4,max,0.037085184368003184,ratio,valid
E001-v2,tuning,E,e-s120-value-p2-b100-sir16,tuning-grid-imbalanced-n4500,,a4,median,0.0,ratio,valid
E001-v2,tuning,E,e-s120-value-p2-b100-sir16,tuning-grid-imbalanced-n4500,,a4,min,0.0,ratio,valid
E001-v2,tuning,E,e-s120-value-p2-b100-sir16,tuning-grid-imbalanced-n4500,,hotspot50,cv,1.383193085260012,ratio,valid
E001-v2,tuning,E,e-s120-value-p2-b100-sir16,tuning-grid-imbalanced-n4500,,hotspot50,max,72.0,count,valid
E001-v2,tuning,E,e-s120-value-p2-b100-sir16,tuning-grid-imbalanced-n4500,,hotspot50,p99,52.0,count,valid
E001-v2,tuning,E,e-s120-value-p2-b100-sir16,tuning-grid-imbalanced-n4500,,neighbors10,value,2.8128888888888888,count,valid
E001-v2,tuning,E,e-s120-value-p2-b100-sir16,tuning-grid-imbalanced-n4500,,proximity16,value,0.9513333333333334,ratio,valid
E001-v2,tuning,E,e-s120-value-p2-b100-sir16,tuning-grid-imbalanced-n4500,,proximity24,value,0.9837777777777778,ratio,valid
E001-v2,tuning,E,e-s120-value-p2-b100-sir16,tuning-grid-imbalanced-n4500,,proximity8,value,0.7195555555555555,ratio,valid
E001-v2,tuning,E,e-s120-value-p2-b100-sir16,tuning-grid-imbalanced-n4500,,radius,max.max,260.6950340978667,m,valid
E001-v2,tuning,E,e-s120-value-p2-b100-sir16,tuning-grid-imbalanced-n4500,,radius,max.median,252.14837293805766,m,valid
E001-v2,tuning,E,e-s120-value-p2-b100-sir16,tuning-grid-imbalanced-n4500,,radius,max.min,247.52346658635568,m,valid
E001-v2,tuning,E,e-s120-value-p2-b100-sir16,tuning-grid-imbalanced-n4500,,radius,p50.max,99.27609750239063,m,valid
E001-v2,tuning,E,e-s120-value-p2-b100-sir16,tuning-grid-imbalanced-n4500,,radius,p50.median,96.10266867932488,m,valid
E001-v2,tuning,E,e-s120-value-p2-b100-sir16,tuning-grid-imbalanced-n4500,,radius,p50.min,94.03189718237523,m,valid
E001-v2,tuning,E,e-s120-value-p2-b100-sir16,tuning-grid-imbalanced-n4500,,radius,p95.max,192.62029995485383,m,valid
E001-v2,tuning,E,e-s120-value-p2-b100-sir16,tuning-grid-imbalanced-n4500,,radius,p95.median,190.65867439644785,m,valid
E001-v2,tuning,E,e-s120-value-p2-b100-sir16,tuning-grid-imbalanced-n4500,,radius,p95.min,189.82594735557444,m,valid
E001-v2,tuning,E,e-s120-value-p2-b100-sir16,tuning-grid-imbalanced-n4500,,radius,p99.max,230.2073402785725,m,valid
E001-v2,tuning,E,e-s120-value-p2-b100-sir16,tuning-grid-imbalanced-n4500,,radius,p99.median,223.68618192190036,m,valid
E001-v2,tuning,E,e-s120-value-p2-b100-sir16,tuning-grid-imbalanced-n4500,,radius,p99.min,215.385894205947,m,valid
E001-v2,tuning,E,e-s120-value-p2-b100-sir16,tuning-grid-imbalanced-n4500,,radius,violations.max,0.0,count,valid
E001-v2,tuning,E,e-s120-value-p2-b100-sir16,tuning-grid-imbalanced-n4500,,radius,violations.median,0.0,count,valid
E001-v2,tuning,E,e-s120-value-p2-b100-sir16,tuning-grid-imbalanced-n4500,,radius,violations.min,0.0,count,valid
E001-v2,tuning,E,e-s120-value-p2-b100-sir16,tuning-grid-imbalanced-n4500,,samplerFailureCount,value,0.0,count,valid
E001-v2,tuning,E,e-s120-value-p2-b100-sir16,tuning-grid-imbalanced-n4500,,seam300,max,0.7579131652661064,ratio,valid
E001-v2,tuning,E,e-s120-value-p2-b100-sir16,tuning-grid-imbalanced-n4500,,seam300,median,0.2771650326797386,ratio,valid
E001-v2,tuning,E,e-s120-value-p2-b100-sir16,tuning-grid-imbalanced-n4500,,seam300,min,0.18075335397316822,ratio,valid
E001-v2,tuning,E,e-s120-value-p2-b100-sir16,tuning-grid-imbalanced-n4500,2026090601,a4,value,0.0,ratio,valid
E001-v2,tuning,E,e-s120-value-p2-b100-sir16,tuning-grid-imbalanced-n4500,2026090601,radius,max,260.40206622840856,m,valid
E001-v2,tuning,E,e-s120-value-p2-b100-sir16,tuning-grid-imbalanced-n4500,2026090601,radius,p50,94.03189718237523,m,valid
E001-v2,tuning,E,e-s120-value-p2-b100-sir16,tuning-grid-imbalanced-n4500,2026090601,radius,p95,192.50140385120778,m,valid
E001-v2,tuning,E,e-s120-value-p2-b100-sir16,tuning-grid-imbalanced-n4500,2026090601,radius,p99,223.68618192190036,m,valid
E001-v2,tuning,E,e-s120-value-p2-b100-sir16,tuning-grid-imbalanced-n4500,2026090601,radius,violations,0.0,count,valid
E001-v2,tuning,E,e-s120-value-p2-b100-sir16,tuning-grid-imbalanced-n4500,2026090601,seam300,value,0.2771650326797386,ratio,valid
E001-v2,tuning,E,e-s120-value-p2-b100-sir16,tuning-grid-imbalanced-n4500,2026090602,a4,value,0.0,ratio,valid
E001-v2,tuning,E,e-s120-value-p2-b100-sir16,tuning-grid-imbalanced-n4500,2026090602,radius,max,247.52346658635568,m,valid
E001-v2,tuning,E,e-s120-value-p2-b100-sir16,tuning-grid-imbalanced-n4500,2026090602,radius,p50,95.69262602965048,m,valid
E001-v2,tuning,E,e-s120-value-p2-b100-sir16,tuning-grid-imbalanced-n4500,2026090602,radius,p95,189.82594735557444,m,valid
E001-v2,tuning,E,e-s120-value-p2-b100-sir16,tuning-grid-imbalanced-n4500,2026090602,radius,p99,219.11863185659874,m,valid
E001-v2,tuning,E,e-s120-value-p2-b100-sir16,tuning-grid-imbalanced-n4500,2026090602,radius,violations,0.0,count,valid
E001-v2,tuning,E,e-s120-value-p2-b100-sir16,tuning-grid-imbalanced-n4500,2026090602,seam300,value,0.7579131652661064,ratio,valid
E001-v2,tuning,E,e-s120-value-p2-b100-sir16,tuning-grid-imbalanced-n4500,2026090603,a4,value,0.037085184368003184,ratio,valid
E001-v2,tuning,E,e-s120-value-p2-b100-sir16,tuning-grid-imbalanced-n4500,2026090603,radius,max,251.9781875235995,m,valid
E001-v2,tuning,E,e-s120-value-p2-b100-sir16,tuning-grid-imbalanced-n4500,2026090603,radius,p50,98.94074322503697,m,valid
E001-v2,tuning,E,e-s120-value-p2-b100-sir16,tuning-grid-imbalanced-n4500,2026090603,radius,p95,190.09667276929983,m,valid
E001-v2,tuning,E,e-s120-value-p2-b100-sir16,tuning-grid-imbalanced-n4500,2026090603,radius,p99,215.385894205947,m,valid
E001-v2,tuning,E,e-s120-value-p2-b100-sir16,tuning-grid-imbalanced-n4500,2026090603,radius,violations,0.0,count,valid
E001-v2,tuning,E,e-s120-value-p2-b100-sir16,tuning-grid-imbalanced-n4500,2026090603,seam300,value,0.24375,ratio,valid
E001-v2,tuning,E,e-s120-value-p2-b100-sir16,tuning-grid-imbalanced-n4500,2026090604,a4,value,0.0,ratio,valid
E001-v2,tuning,E,e-s120-value-p2-b100-sir16,tuning-grid-imbalanced-n4500,2026090604,radius,max,260.6950340978667,m,valid
E001-v2,tuning,E,e-s120-value-p2-b100-sir16,tuning-grid-imbalanced-n4500,2026090604,radius,p50,96.10266867932488,m,valid
E001-v2,tuning,E,e-s120-value-p2-b100-sir16,tuning-grid-imbalanced-n4500,2026090604,radius,p95,190.65867439644785,m,valid
E001-v2,tuning,E,e-s120-value-p2-b100-sir16,tuning-grid-imbalanced-n4500,2026090604,radius,p99,224.33042454329748,m,valid
E001-v2,tuning,E,e-s120-value-p2-b100-sir16,tuning-grid-imbalanced-n4500,2026090604,radius,violations,0.0,count,valid
E001-v2,tuning,E,e-s120-value-p2-b100-sir16,tuning-grid-imbalanced-n4500,2026090604,seam300,value,0.3746794871794872,ratio,valid
E001-v2,tuning,E,e-s120-value-p2-b100-sir16,tuning-grid-imbalanced-n4500,2026090605,a4,value,0.0,ratio,valid
E001-v2,tuning,E,e-s120-value-p2-b100-sir16,tuning-grid-imbalanced-n4500,2026090605,radius,max,252.14837293805766,m,valid
E001-v2,tuning,E,e-s120-value-p2-b100-sir16,tuning-grid-imbalanced-n4500,2026090605,radius,p50,99.27609750239063,m,valid
E001-v2,tuning,E,e-s120-value-p2-b100-sir16,tuning-grid-imbalanced-n4500,2026090605,radius,p95,192.62029995485383,m,valid
E001-v2,tuning,E,e-s120-value-p2-b100-sir16,tuning-grid-imbalanced-n4500,2026090605,radius,p99,230.2073402785725,m,valid
E001-v2,tuning,E,e-s120-value-p2-b100-sir16,tuning-grid-imbalanced-n4500,2026090605,radius,violations,0.0,count,valid
E001-v2,tuning,E,e-s120-value-p2-b100-sir16,tuning-grid-imbalanced-n4500,2026090605,seam300,value,0.18075335397316822,ratio,valid
E001-v2,tuning,E,e-s120-value-p2-b100-sir16,tuning-single-n500,,a4,max,0.08821802903659484,ratio,valid
E001-v2,tuning,E,e-s120-value-p2-b100-sir16,tuning-single-n500,,a4,median,0.0,ratio,valid
E001-v2,tuning,E,e-s120-value-p2-b100-sir16,tuning-single-n500,,a4,min,0.0,ratio,valid
E001-v2,tuning,E,e-s120-value-p2-b100-sir16,tuning-single-n500,,hotspot50,cv,1.8375113605091014,ratio,valid
E001-v2,tuning,E,e-s120-value-p2-b100-sir16,tuning-single-n500,,hotspot50,max,30.0,count,valid
E001-v2,tuning,E,e-s120-value-p2-b100-sir16,tuning-single-n500,,hotspot50,p99,27.0,count,valid
E001-v2,tuning,E,e-s120-value-p2-b100-sir16,tuning-single-n500,,neighbors10,value,1.78,count,valid
E001-v2,tuning,E,e-s120-value-p2-b100-sir16,tuning-single-n500,,proximity16,value,0.926,ratio,valid
E001-v2,tuning,E,e-s120-value-p2-b100-sir16,tuning-single-n500,,proximity24,value,0.958,ratio,valid
E001-v2,tuning,E,e-s120-value-p2-b100-sir16,tuning-single-n500,,proximity8,value,0.644,ratio,valid
E001-v2,tuning,E,e-s120-value-p2-b100-sir16,tuning-single-n500,,radialKs,max,0.14999999999999997,ratio,valid
E001-v2,tuning,E,e-s120-value-p2-b100-sir16,tuning-single-n500,,radialKs,median,0.10999999999999999,ratio,valid
E001-v2,tuning,E,e-s120-value-p2-b100-sir16,tuning-single-n500,,radialKs,min,0.07999999999999999,ratio,valid
E001-v2,tuning,E,e-s120-value-p2-b100-sir16,tuning-single-n500,,radius,max.max,247.39011235907736,m,valid
E001-v2,tuning,E,e-s120-value-p2-b100-sir16,tuning-single-n500,,radius,max.median,228.4353096608731,m,valid
E001-v2,tuning,E,e-s120-value-p2-b100-sir16,tuning-single-n500,,radius,max.min,212.8158773092968,m,valid
E001-v2,tuning,E,e-s120-value-p2-b100-sir16,tuning-single-n500,,radius,p50.max,108.71940197959574,m,valid
E001-v2,tuning,E,e-s120-value-p2-b100-sir16,tuning-single-n500,,radius,p50.median,96.03416838880662,m,valid
E001-v2,tuning,E,e-s120-value-p2-b100-sir16,tuning-single-n500,,radius,p50.min,92.35992180625504,m,valid
E001-v2,tuning,E,e-s120-value-p2-b100-sir16,tuning-single-n500,,radius,p95.max,196.47906193917717,m,valid
E001-v2,tuning,E,e-s120-value-p2-b100-sir16,tuning-single-n500,,radius,p95.median,185.1865698776466,m,valid
E001-v2,tuning,E,e-s120-value-p2-b100-sir16,tuning-single-n500,,radius,p95.min,177.672314934344,m,valid
E001-v2,tuning,E,e-s120-value-p2-b100-sir16,tuning-single-n500,,radius,p99.max,219.36254786040797,m,valid
E001-v2,tuning,E,e-s120-value-p2-b100-sir16,tuning-single-n500,,radius,p99.median,206.1484834889502,m,valid
E001-v2,tuning,E,e-s120-value-p2-b100-sir16,tuning-single-n500,,radius,p99.min,194.70052355916567,m,valid
E001-v2,tuning,E,e-s120-value-p2-b100-sir16,tuning-single-n500,,radius,violations.max,0.0,count,valid
E001-v2,tuning,E,e-s120-value-p2-b100-sir16,tuning-single-n500,,radius,violations.median,0.0,count,valid
E001-v2,tuning,E,e-s120-value-p2-b100-sir16,tuning-single-n500,,radius,violations.min,0.0,count,valid
E001-v2,tuning,E,e-s120-value-p2-b100-sir16,tuning-single-n500,,samplerFailureCount,value,0.0,count,valid
E001-v2,tuning,E,e-s120-value-p2-b100-sir16,tuning-single-n500,,seam300,max,1.2083333333333333,ratio,valid
E001-v2,tuning,E,e-s120-value-p2-b100-sir16,tuning-single-n500,,seam300,median,0.7250000000000001,ratio,valid
E001-v2,tuning,E,e-s120-value-p2-b100-sir16,tuning-single-n500,,seam300,min,0.7,ratio,valid
E001-v2,tuning,E,e-s120-value-p2-b100-sir16,tuning-single-n500,2026090601,a4,value,0.0,ratio,valid
E001-v2,tuning,E,e-s120-value-p2-b100-sir16,tuning-single-n500,2026090601,radialKs,value,0.13,ratio,valid
E001-v2,tuning,E,e-s120-value-p2-b100-sir16,tuning-single-n500,2026090601,radius,max,228.4353096608731,m,valid
E001-v2,tuning,E,e-s120-value-p2-b100-sir16,tuning-single-n500,2026090601,radius,p50,93.15818705133374,m,valid
E001-v2,tuning,E,e-s120-value-p2-b100-sir16,tuning-single-n500,2026090601,radius,p95,196.47906193917717,m,valid
E001-v2,tuning,E,e-s120-value-p2-b100-sir16,tuning-single-n500,2026090601,radius,p99,203.72780584614486,m,valid
E001-v2,tuning,E,e-s120-value-p2-b100-sir16,tuning-single-n500,2026090601,radius,violations,0.0,count,valid
E001-v2,tuning,E,e-s120-value-p2-b100-sir16,tuning-single-n500,2026090601,seam300,value,0.7208333333333333,ratio,valid
E001-v2,tuning,E,e-s120-value-p2-b100-sir16,tuning-single-n500,2026090602,a4,value,0.0,ratio,valid
E001-v2,tuning,E,e-s120-value-p2-b100-sir16,tuning-single-n500,2026090602,radialKs,value,0.10999999999999999,ratio,valid
E001-v2,tuning,E,e-s120-value-p2-b100-sir16,tuning-single-n500,2026090602,radius,max,247.39011235907736,m,valid
E001-v2,tuning,E,e-s120-value-p2-b100-sir16,tuning-single-n500,2026090602,radius,p50,99.7128620291443,m,valid
E001-v2,tuning,E,e-s120-value-p2-b100-sir16,tuning-single-n500,2026090602,radius,p95,196.40409126035618,m,valid
E001-v2,tuning,E,e-s120-value-p2-b100-sir16,tuning-single-n500,2026090602,radius,p99,206.1484834889502,m,valid
E001-v2,tuning,E,e-s120-value-p2-b100-sir16,tuning-single-n500,2026090602,radius,violations,0.0,count,valid
E001-v2,tuning,E,e-s120-value-p2-b100-sir16,tuning-single-n500,2026090602,seam300,value,0.7,ratio,valid
E001-v2,tuning,E,e-s120-value-p2-b100-sir16,tuning-single-n500,2026090603,a4,value,0.0,ratio,valid
E001-v2,tuning,E,e-s120-value-p2-b100-sir16,tuning-single-n500,2026090603,radialKs,value,0.14999999999999997,ratio,valid
E001-v2,tuning,E,e-s120-value-p2-b100-sir16,tuning-single-n500,2026090603,radius,max,218.38416879174773,m,valid
E001-v2,tuning,E,e-s120-value-p2-b100-sir16,tuning-single-n500,2026090603,radius,p50,108.71940197959574,m,valid
E001-v2,tuning,E,e-s120-value-p2-b100-sir16,tuning-single-n500,2026090603,radius,p95,182.1372193065513,m,valid
E001-v2,tuning,E,e-s120-value-p2-b100-sir16,tuning-single-n500,2026090603,radius,p99,210.7353247265832,m,valid
E001-v2,tuning,E,e-s120-value-p2-b100-sir16,tuning-single-n500,2026090603,radius,violations,0.0,count,valid
E001-v2,tuning,E,e-s120-value-p2-b100-sir16,tuning-single-n500,2026090603,seam300,value,1.2083333333333333,ratio,valid
E001-v2,tuning,E,e-s120-value-p2-b100-sir16,tuning-single-n500,2026090604,a4,value,0.0,ratio,valid
E001-v2,tuning,E,e-s120-value-p2-b100-sir16,tuning-single-n500,2026090604,radialKs,value,0.10999999999999999,ratio,valid
E001-v2,tuning,E,e-s120-value-p2-b100-sir16,tuning-single-n500,2026090604,radius,max,233.09654236074596,m,valid
E001-v2,tuning,E,e-s120-value-p2-b100-sir16,tuning-single-n500,2026090604,radius,p50,96.03416838880662,m,valid
E001-v2,tuning,E,e-s120-value-p2-b100-sir16,tuning-single-n500,2026090604,radius,p95,185.1865698776466,m,valid
E001-v2,tuning,E,e-s120-value-p2-b100-sir16,tuning-single-n500,2026090604,radius,p99,219.36254786040797,m,valid
E001-v2,tuning,E,e-s120-value-p2-b100-sir16,tuning-single-n500,2026090604,radius,violations,0.0,count,valid
E001-v2,tuning,E,e-s120-value-p2-b100-sir16,tuning-single-n500,2026090604,seam300,value,0.7250000000000001,ratio,valid
E001-v2,tuning,E,e-s120-value-p2-b100-sir16,tuning-single-n500,2026090605,a4,value,0.08821802903659484,ratio,valid
E001-v2,tuning,E,e-s120-value-p2-b100-sir16,tuning-single-n500,2026090605,radialKs,value,0.07999999999999999,ratio,valid
E001-v2,tuning,E,e-s120-value-p2-b100-sir16,tuning-single-n500,2026090605,radius,max,212.8158773092968,m,valid
E001-v2,tuning,E,e-s120-value-p2-b100-sir16,tuning-single-n500,2026090605,radius,p50,92.35992180625504,m,valid
E001-v2,tuning,E,e-s120-value-p2-b100-sir16,tuning-single-n500,2026090605,radius,p95,177.672314934344,m,valid
E001-v2,tuning,E,e-s120-value-p2-b100-sir16,tuning-single-n500,2026090605,radius,p99,194.70052355916567,m,valid
E001-v2,tuning,E,e-s120-value-p2-b100-sir16,tuning-single-n500,2026090605,radius,violations,0.0,count,valid
E001-v2,tuning,E,e-s120-value-p2-b100-sir16,tuning-single-n500,2026090605,seam300,value,1.0333333333333332,ratio,valid
E001-v2,tuning,E,e-s120-value-p2-b100-sir32,tuning-grid-imbalanced-n4500,,a4,max,0.051978548228146765,ratio,valid
E001-v2,tuning,E,e-s120-value-p2-b100-sir32,tuning-grid-imbalanced-n4500,,a4,median,0.027656581678461627,ratio,valid
E001-v2,tuning,E,e-s120-value-p2-b100-sir32,tuning-grid-imbalanced-n4500,,a4,min,0.0,ratio,valid
E001-v2,tuning,E,e-s120-value-p2-b100-sir32,tuning-grid-imbalanced-n4500,,hotspot50,cv,1.36174267433723,ratio,valid
E001-v2,tuning,E,e-s120-value-p2-b100-sir32,tuning-grid-imbalanced-n4500,,hotspot50,max,68.0,count,valid
E001-v2,tuning,E,e-s120-value-p2-b100-sir32,tuning-grid-imbalanced-n4500,,hotspot50,p99,48.0,count,valid
E001-v2,tuning,E,e-s120-value-p2-b100-sir32,tuning-grid-imbalanced-n4500,,neighbors10,value,2.667111111111111,count,valid
E001-v2,tuning,E,e-s120-value-p2-b100-sir32,tuning-grid-imbalanced-n4500,,proximity16,value,0.9473333333333334,ratio,valid
E001-v2,tuning,E,e-s120-value-p2-b100-sir32,tuning-grid-imbalanced-n4500,,proximity24,value,0.9855555555555555,ratio,valid
E001-v2,tuning,E,e-s120-value-p2-b100-sir32,tuning-grid-imbalanced-n4500,,proximity8,value,0.7157777777777777,ratio,valid
E001-v2,tuning,E,e-s120-value-p2-b100-sir32,tuning-grid-imbalanced-n4500,,radius,max.max,277.50610464130597,m,valid
E001-v2,tuning,E,e-s120-value-p2-b100-sir32,tuning-grid-imbalanced-n4500,,radius,max.median,260.41267294419583,m,valid
E001-v2,tuning,E,e-s120-value-p2-b100-sir32,tuning-grid-imbalanced-n4500,,radius,max.min,251.66511030733753,m,valid
E001-v2,tuning,E,e-s120-value-p2-b100-sir32,tuning-grid-imbalanced-n4500,,radius,p50.max,102.84965376437297,m,valid
E001-v2,tuning,E,e-s120-value-p2-b100-sir32,tuning-grid-imbalanced-n4500,,radius,p50.median,98.58701025664234,m,valid
E001-v2,tuning,E,e-s120-value-p2-b100-sir32,tuning-grid-imbalanced-n4500,,radius,p50.min,96.04353706939318,m,valid
E001-v2,tuning,E,e-s120-value-p2-b100-sir32,tuning-grid-imbalanced-n4500,,radius,p95.max,192.8673538478551,m,valid
E001-v2,tuning,E,e-s120-value-p2-b100-sir32,tuning-grid-imbalanced-n4500,,radius,p95.median,187.63919591615175,m,valid
E001-v2,tuning,E,e-s120-value-p2-b100-sir32,tuning-grid-imbalanced-n4500,,radius,p95.min,181.98957381635384,m,valid
E001-v2,tuning,E,e-s120-value-p2-b100-sir32,tuning-grid-imbalanced-n4500,,radius,p99.max,229.0917864664825,m,valid
E001-v2,tuning,E,e-s120-value-p2-b100-sir32,tuning-grid-imbalanced-n4500,,radius,p99.median,222.34627104063532,m,valid
E001-v2,tuning,E,e-s120-value-p2-b100-sir32,tuning-grid-imbalanced-n4500,,radius,p99.min,211.56616845441278,m,valid
E001-v2,tuning,E,e-s120-value-p2-b100-sir32,tuning-grid-imbalanced-n4500,,radius,violations.max,0.0,count,valid
E001-v2,tuning,E,e-s120-value-p2-b100-sir32,tuning-grid-imbalanced-n4500,,radius,violations.median,0.0,count,valid
E001-v2,tuning,E,e-s120-value-p2-b100-sir32,tuning-grid-imbalanced-n4500,,radius,violations.min,0.0,count,valid
E001-v2,tuning,E,e-s120-value-p2-b100-sir32,tuning-grid-imbalanced-n4500,,samplerFailureCount,value,0.0,count,valid
E001-v2,tuning,E,e-s120-value-p2-b100-sir32,tuning-grid-imbalanced-n4500,,seam300,max,0.578548085901027,ratio,valid
E001-v2,tuning,E,e-s120-value-p2-b100-sir32,tuning-grid-imbalanced-n4500,,seam300,median,0.2375,ratio,valid
E001-v2,tuning,E,e-s120-value-p2-b100-sir32,tuning-grid-imbalanced-n4500,,seam300,min,0.14583333333333334,ratio,valid
E001-v2,tuning,E,e-s120-value-p2-b100-sir32,tuning-grid-imbalanced-n4500,2026090601,a4,value,0.0,ratio,valid
E001-v2,tuning,E,e-s120-value-p2-b100-sir32,tuning-grid-imbalanced-n4500,2026090601,radius,max,277.50610464130597,m,valid
E001-v2,tuning,E,e-s120-value-p2-b100-sir32,tuning-grid-imbalanced-n4500,2026090601,radius,p50,102.84965376437297,m,valid
E001-v2,tuning,E,e-s120-value-p2-b100-sir32,tuning-grid-imbalanced-n4500,2026090601,radius,p95,185.75341823167392,m,valid
E001-v2,tuning,E,e-s120-value-p2-b100-sir32,tuning-grid-imbalanced-n4500,2026090601,radius,p99,222.34627104063532,m,valid
E001-v2,tuning,E,e-s120-value-p2-b100-sir32,tuning-grid-imbalanced-n4500,2026090601,radius,violations,0.0,count,valid
E001-v2,tuning,E,e-s120-value-p2-b100-sir32,tuning-grid-imbalanced-n4500,2026090601,seam300,value,0.2186494252873563,ratio,valid
E001-v2,tuning,E,e-s120-value-p2-b100-sir32,tuning-grid-imbalanced-n4500,2026090602,a4,value,0.051978548228146765,ratio,valid
E001-v2,tuning,E,e-s120-value-p2-b100-sir32,tuning-grid-imbalanced-n4500,2026090602,radius,max,251.66511030733753,m,valid
E001-v2,tuning,E,e-s120-value-p2-b100-sir32,tuning-grid-imbalanced-n4500,2026090602,radius,p50,96.04353706939318,m,valid
E001-v2,tuning,E,e-s120-value-p2-b100-sir32,tuning-grid-imbalanced-n4500,2026090602,radius,p95,181.98957381635384,m,valid
E001-v2,tuning,E,e-s120-value-p2-b100-sir32,tuning-grid-imbalanced-n4500,2026090602,radius,p99,211.56616845441278,m,valid
E001-v2,tuning,E,e-s120-value-p2-b100-sir32,tuning-grid-imbalanced-n4500,2026090602,radius,violations,0.0,count,valid
E001-v2,tuning,E,e-s120-value-p2-b100-sir32,tuning-grid-imbalanced-n4500,2026090602,seam300,value,0.578548085901027,ratio,valid
E001-v2,tuning,E,e-s120-value-p2-b100-sir32,tuning-grid-imbalanced-n4500,2026090603,a4,value,0.027656581678461627,ratio,valid
E001-v2,tuning,E,e-s120-value-p2-b100-sir32,tuning-grid-imbalanced-n4500,2026090603,radius,max,251.9781875235995,m,valid
E001-v2,tuning,E,e-s120-value-p2-b100-sir32,tuning-grid-imbalanced-n4500,2026090603,radius,p50,98.09422500631467,m,valid
E001-v2,tuning,E,e-s120-value-p2-b100-sir32,tuning-grid-imbalanced-n4500,2026090603,radius,p95,187.63919591615175,m,valid
E001-v2,tuning,E,e-s120-value-p2-b100-sir32,tuning-grid-imbalanced-n4500,2026090603,radius,p99,229.0917864664825,m,valid
E001-v2,tuning,E,e-s120-value-p2-b100-sir32,tuning-grid-imbalanced-n4500,2026090603,radius,violations,0.0,count,valid
E001-v2,tuning,E,e-s120-value-p2-b100-sir32,tuning-grid-imbalanced-n4500,2026090603,seam300,value,0.14583333333333334,ratio,valid
E001-v2,tuning,E,e-s120-value-p2-b100-sir32,tuning-grid-imbalanced-n4500,2026090604,a4,value,0.048592499529099234,ratio,valid
E001-v2,tuning,E,e-s120-value-p2-b100-sir32,tuning-grid-imbalanced-n4500,2026090604,radius,max,260.41267294419583,m,valid
E001-v2,tuning,E,e-s120-value-p2-b100-sir32,tuning-grid-imbalanced-n4500,2026090604,radius,p50,98.8329545863981,m,valid
E001-v2,tuning,E,e-s120-value-p2-b100-sir32,tuning-grid-imbalanced-n4500,2026090604,radius,p95,192.8673538478551,m,valid
E001-v2,tuning,E,e-s120-value-p2-b100-sir32,tuning-grid-imbalanced-n4500,2026090604,radius,p99,222.66196939326292,m,valid
E001-v2,tuning,E,e-s120-value-p2-b100-sir32,tuning-grid-imbalanced-n4500,2026090604,radius,violations,0.0,count,valid
E001-v2,tuning,E,e-s120-value-p2-b100-sir32,tuning-grid-imbalanced-n4500,2026090604,seam300,value,0.2375,ratio,valid
E001-v2,tuning,E,e-s120-value-p2-b100-sir32,tuning-grid-imbalanced-n4500,2026090605,a4,value,0.0,ratio,valid
E001-v2,tuning,E,e-s120-value-p2-b100-sir32,tuning-grid-imbalanced-n4500,2026090605,radius,max,263.442388063703,m,valid
E001-v2,tuning,E,e-s120-value-p2-b100-sir32,tuning-grid-imbalanced-n4500,2026090605,radius,p50,98.58701025664234,m,valid
E001-v2,tuning,E,e-s120-value-p2-b100-sir32,tuning-grid-imbalanced-n4500,2026090605,radius,p95,188.05691347908044,m,valid
E001-v2,tuning,E,e-s120-value-p2-b100-sir32,tuning-grid-imbalanced-n4500,2026090605,radius,p99,219.26164256298375,m,valid
E001-v2,tuning,E,e-s120-value-p2-b100-sir32,tuning-grid-imbalanced-n4500,2026090605,radius,violations,0.0,count,valid
E001-v2,tuning,E,e-s120-value-p2-b100-sir32,tuning-grid-imbalanced-n4500,2026090605,seam300,value,0.35103844169246645,ratio,valid
E001-v2,tuning,E,e-s120-value-p2-b100-sir32,tuning-single-n500,,a4,max,0.12284335667466696,ratio,valid
E001-v2,tuning,E,e-s120-value-p2-b100-sir32,tuning-single-n500,,a4,median,0.023233364588875184,ratio,valid
E001-v2,tuning,E,e-s120-value-p2-b100-sir32,tuning-single-n500,,a4,min,0.0,ratio,valid
E001-v2,tuning,E,e-s120-value-p2-b100-sir32,tuning-single-n500,,hotspot50,cv,1.8220867158288616,ratio,valid
E001-v2,tuning,E,e-s120-value-p2-b100-sir32,tuning-single-n500,,hotspot50,max,27.0,count,valid
E001-v2,tuning,E,e-s120-value-p2-b100-sir32,tuning-single-n500,,hotspot50,p99,25.0,count,valid
E001-v2,tuning,E,e-s120-value-p2-b100-sir32,tuning-single-n500,,neighbors10,value,1.956,count,valid
E001-v2,tuning,E,e-s120-value-p2-b100-sir32,tuning-single-n500,,proximity16,value,0.926,ratio,valid
E001-v2,tuning,E,e-s120-value-p2-b100-sir32,tuning-single-n500,,proximity24,value,0.972,ratio,valid
E001-v2,tuning,E,e-s120-value-p2-b100-sir32,tuning-single-n500,,proximity8,value,0.688,ratio,valid
E001-v2,tuning,E,e-s120-value-p2-b100-sir32,tuning-single-n500,,radialKs,max,0.12000000000000005,ratio,valid
E001-v2,tuning,E,e-s120-value-p2-b100-sir32,tuning-single-n500,,radialKs,median,0.10999999999999999,ratio,valid
E001-v2,tuning,E,e-s120-value-p2-b100-sir32,tuning-single-n500,,radialKs,min,0.08000000000000007,ratio,valid
E001-v2,tuning,E,e-s120-value-p2-b100-sir32,tuning-single-n500,,radius,max.max,231.28586068857805,m,valid
E001-v2,tuning,E,e-s120-value-p2-b100-sir32,tuning-single-n500,,radius,max.median,224.20324891234455,m,valid
E001-v2,tuning,E,e-s120-value-p2-b100-sir32,tuning-single-n500,,radius,max.min,204.48883389037718,m,valid
E001-v2,tuning,E,e-s120-value-p2-b100-sir32,tuning-single-n500,,radius,p50.max,104.33039375321037,m,valid
E001-v2,tuning,E,e-s120-value-p2-b100-sir32,tuning-single-n500,,radius,p50.median,98.70885803513352,m,valid
E001-v2,tuning,E,e-s120-value-p2-b100-sir32,tuning-single-n500,,radius,p50.min,88.19115809233155,m,valid
E001-v2,tuning,E,e-s120-value-p2-b100-sir32,tuning-single-n500,,radius,p95.max,183.38371571834554,m,valid
E001-v2,tuning,E,e-s120-value-p2-b100-sir32,tuning-single-n500,,radius,p95.median,181.12526561272372,m,valid
E001-v2,tuning,E,e-s120-value-p2-b100-sir32,tuning-single-n500,,radius,p95.min,170.52354928526074,m,valid
E001-v2,tuning,E,e-s120-value-p2-b100-sir32,tuning-single-n500,,radius,p99.max,220.9960184443913,m,valid
E001-v2,tuning,E,e-s120-value-p2-b100-sir32,tuning-single-n500,,radius,p99.median,204.57498648831643,m,valid
E001-v2,tuning,E,e-s120-value-p2-b100-sir32,tuning-single-n500,,radius,p99.min,198.22442148967957,m,valid
E001-v2,tuning,E,e-s120-value-p2-b100-sir32,tuning-single-n500,,radius,violations.max,0.0,count,valid
E001-v2,tuning,E,e-s120-value-p2-b100-sir32,tuning-single-n500,,radius,violations.median,0.0,count,valid
E001-v2,tuning,E,e-s120-value-p2-b100-sir32,tuning-single-n500,,radius,violations.min,0.0,count,valid
E001-v2,tuning,E,e-s120-value-p2-b100-sir32,tuning-single-n500,,samplerFailureCount,value,0.0,count,valid
E001-v2,tuning,E,e-s120-value-p2-b100-sir32,tuning-single-n500,,seam300,max,0.875,ratio,valid
E001-v2,tuning,E,e-s120-value-p2-b100-sir32,tuning-single-n500,,seam300,median,0.575,ratio,valid
E001-v2,tuning,E,e-s120-value-p2-b100-sir32,tuning-single-n500,,seam300,min,0.3333333333333333,ratio,valid
E001-v2,tuning,E,e-s120-value-p2-b100-sir32,tuning-single-n500,2026090601,a4,value,0.008203305957469978,ratio,valid
E001-v2,tuning,E,e-s120-value-p2-b100-sir32,tuning-single-n500,2026090601,radialKs,value,0.12000000000000005,ratio,valid
E001-v2,tuning,E,e-s120-value-p2-b100-sir32,tuning-single-n500,2026090601,radius,max,204.48883389037718,m,valid
E001-v2,tuning,E,e-s120-value-p2-b100-sir32,tuning-single-n500,2026090601,radius,p50,92.4624570589475,m,valid
E001-v2,tuning,E,e-s120-value-p2-b100-sir32,tuning-single-n500,2026090601,radius,p95,181.82983864900692,m,valid
E001-v2,tuning,E,e-s120-value-p2-b100-sir32,tuning-single-n500,2026090601,radius,p99,201.7197209352803,m,valid
E001-v2,tuning,E,e-s120-value-p2-b100-sir32,tuning-single-n500,2026090601,radius,violations,0.0,count,valid
E001-v2,tuning,E,e-s120-value-p2-b100-sir32,tuning-single-n500,2026090601,seam300,value,0.3333333333333333,ratio,valid
E001-v2,tuning,E,e-s120-value-p2-b100-sir32,tuning-single-n500,2026090602,a4,value,0.0421334614166893,ratio,valid
E001-v2,tuning,E,e-s120-value-p2-b100-sir32,tuning-single-n500,2026090602,radialKs,value,0.08000000000000007,ratio,valid
E001-v2,tuning,E,e-s120-value-p2-b100-sir32,tuning-single-n500,2026090602,radius,max,231.28586068857805,m,valid
E001-v2,tuning,E,e-s120-value-p2-b100-sir32,tuning-single-n500,2026090602,radius,p50,103.59994749916649,m,valid
E001-v2,tuning,E,e-s120-value-p2-b100-sir32,tuning-single-n500,2026090602,radius,p95,183.38371571834554,m,valid
E001-v2,tuning,E,e-s120-value-p2-b100-sir32,tuning-single-n500,2026090602,radius,p99,220.9960184443913,m,valid
E001-v2,tuning,E,e-s120-value-p2-b100-sir32,tuning-single-n500,2026090602,radius,violations,0.0,count,valid
E001-v2,tuning,E,e-s120-value-p2-b100-sir32,tuning-single-n500,2026090602,seam300,value,0.6166666666666667,ratio,valid
E001-v2,tuning,E,e-s120-value-p2-b100-sir32,tuning-single-n500,2026090603,a4,value,0.12284335667466696,ratio,valid
E001-v2,tuning,E,e-s120-value-p2-b100-sir32,tuning-single-n500,2026090603,radialKs,value,0.10999999999999999,ratio,valid
E001-v2,tuning,E,e-s120-value-p2-b100-sir32,tuning-single-n500,2026090603,radius,max,227.65572751511888,m,valid
E001-v2,tuning,E,e-s120-value-p2-b100-sir32,tuning-single-n500,2026090603,radius,p50,104.33039375321037,m,valid
E001-v2,tuning,E,e-s120-value-p2-b100-sir32,tuning-single-n500,2026090603,radius,p95,181.12526561272372,m,valid
E001-v2,tuning,E,e-s120-value-p2-b100-sir32,tuning-single-n500,2026090603,radius,p99,204.57498648831643,m,valid
E001-v2,tuning,E,e-s120-value-p2-b100-sir32,tuning-single-n500,2026090603,radius,violations,0.0,count,valid
E001-v2,tuning,E,e-s120-value-p2-b100-sir32,tuning-single-n500,2026090603,seam300,value,0.575,ratio,valid
E001-v2,tuning,E,e-s120-value-p2-b100-sir32,tuning-single-n500,2026090604,a4,value,0.0,ratio,valid
E001-v2,tuning,E,e-s120-value-p2-b100-sir32,tuning-single-n500,2026090604,radialKs,value,0.10000000000000003,ratio,valid
E001-v2,tuning,E,e-s120-value-p2-b100-sir32,tuning-single-n500,2026090604,radius,max,224.20324891234455,m,valid
E001-v2,tuning,E,e-s120-value-p2-b100-sir32,tuning-single-n500,2026090604,radius,p50,98.70885803513352,m,valid
E001-v2,tuning,E,e-s120-value-p2-b100-sir32,tuning-single-n500,2026090604,radius,p95,170.52354928526074,m,valid
E001-v2,tuning,E,e-s120-value-p2-b100-sir32,tuning-single-n500,2026090604,radius,p99,198.22442148967957,m,valid
E001-v2,tuning,E,e-s120-value-p2-b100-sir32,tuning-single-n500,2026090604,radius,violations,0.0,count,valid
E001-v2,tuning,E,e-s120-value-p2-b100-sir32,tuning-single-n500,2026090604,seam300,value,0.875,ratio,valid
E001-v2,tuning,E,e-s120-value-p2-b100-sir32,tuning-single-n500,2026090605,a4,value,0.023233364588875184,ratio,valid
E001-v2,tuning,E,e-s120-value-p2-b100-sir32,tuning-single-n500,2026090605,radialKs,value,0.12,ratio,valid
E001-v2,tuning,E,e-s120-value-p2-b100-sir32,tuning-single-n500,2026090605,radius,max,210.34356625997884,m,valid
E001-v2,tuning,E,e-s120-value-p2-b100-sir32,tuning-single-n500,2026090605,radius,p50,88.19115809233155,m,valid
E001-v2,tuning,E,e-s120-value-p2-b100-sir32,tuning-single-n500,2026090605,radius,p95,171.68716552072692,m,valid
E001-v2,tuning,E,e-s120-value-p2-b100-sir32,tuning-single-n500,2026090605,radius,p99,205.69083907788556,m,valid
E001-v2,tuning,E,e-s120-value-p2-b100-sir32,tuning-single-n500,2026090605,radius,violations,0.0,count,valid
E001-v2,tuning,E,e-s120-value-p2-b100-sir32,tuning-single-n500,2026090605,seam300,value,0.5,ratio,valid
